pair_id,group,V0,V0r,V1,V1b,V2,V3
009cbb848172073da6307da6237f1ac5,control_doc,successful,successful,successful,,successful,successful
01558ad1d45d1becb17007d4a15a3045,cbd_doc,prospective_registration,,prospective_registration,,prospective_registration,prospective_registration
02d3f4bcde87789cd5796f4ecd8d7504,cbd_doc,mixed,,mixed,,mixed,mixed
05b5b1fc7a0d8927e202a1abe806b92b,cbd_doc_osf,prospective_registration,,prospective_registration,,prospective_registration,prospective_registration
06d7b2b57c28f002aaf90b62fef64492,adj,cannot_be_determined,cannot_be_determined,cannot_be_determined,,uninformative,uninformative
098e0b1aef25ce66e9bd4a9050ec4042,cbd_doc_osf,prospective_registration,,prospective_registration,,prospective_registration,prospective_registration
156594af5cb22c295f56df3f5629d931,adj,cannot_be_determined,successful,cannot_be_determined,,cannot_be_determined,successful
159c6d8b9bd50204669986e31f3916cb,control_nodoc,failed,failed,failed,cannot_be_determined,,
18f27f0a44d9bd9bdc4f027b900a0987,cbd_doc,cannot_be_determined,,cannot_be_determined,,,
1cb4a1bdb90946792f65e6f924e06722,control_nodoc,mixed,mixed,mixed,mixed,,
1e3865e2054817951b78578e1d86b5c3,control_nodoc,successful,successful,successful,successful,,
20e06f92e35eea50301bf3479bb3739f,control_doc,mixed,mixed,mixed,,mixed,mixed
221fb3a19a47b6080239a46d5a88a053,control_doc,failed,mixed,failed,,failed,failed
25cbd9ba3956a2a1ce22690844bde580,control_nodoc,successful,successful,cannot_be_determined,successful,,
261a28aeb65414af7928ff8d6440482f,adj,cannot_be_determined,cannot_be_determined,cannot_be_determined,cannot_be_determined,,
26e92fefdff04f133892d5c60558476b,control_doc,successful,successful,successful,,successful,successful
281d6f90bd5d1373290ed063ba26faac,cbd_doc,cannot_be_determined,,mixed,,cannot_be_determined,mixed
2a83f9e2bc133c8f9287924704a39c2e,control_nodoc,(no target),(no target),(no target),(no target),,
2aa0b76f27339ea29fcac421ad2f7092,control_nodoc,cannot_be_determined,failed,failed,(no target),,
2ab2dbd4fc471f2a9f23181d223da1aa,cbd_doc,cannot_be_determined,,cannot_be_determined,,cannot_be_determined,cannot_be_determined
2c58befb2fc3d3a45e58b473d51749b6,cbd_doc_osf,cannot_be_determined,,cannot_be_determined,,cannot_be_determined,cannot_be_determined
2f17c1861fc457e23312ee9ad77df549,control_doc,successful,successful,successful,,successful,successful
2f190b80514d2d2bdf7389c74f0b5a4f,control_nodoc,cannot_be_determined,cannot_be_determined,cannot_be_determined,successful,,
2fced4c8cb757752e32133cc1ef2c297,cbd_doc,cannot_be_determined,,cannot_be_determined,,,
3193ee6c8510850b12b6b8c1c5b424b7,control_nodoc,failed,failed,failed,failed,,
35e642c09c474aa56730b6480a81059d,cbd_doc_osf,cannot_be_determined,,cannot_be_determined,,cannot_be_determined,cannot_be_determined
3631f8f9e3733f5eef3930cb1b02477f,control_nodoc,successful,successful,successful,successful,,
37679b5a129ac90b2b20c785fe50f010,control_doc,successful,successful,failed,,failed,successful
383be6a0c1e44f1f24429ca087e87e19,control_doc,failed,failed,failed,,failed,failed
384c3126027eebbe4135c0351ecb96c6,control_nodoc,successful,successful,successful,successful,,
38ac2297e65d478a20f8799d7386a8d4,control_nodoc,successful,successful,successful,successful,,
3a33b3b19327f8bf1f59c62c6355161c,control_doc,successful,successful,successful,,successful,successful
3b5d328e91c17a00ab476128b71bb9b1,cbd_nodoc,cannot_be_determined,,(no target),cannot_be_determined,,
3c694197cb602f74abb8e399ffde9c2f,adj,failed,failed,mixed,failed,,
3f855bf04322a5bf6e35d6f23ac8385e,control_doc,successful,successful,successful,,successful,successful
4214fcf1d86666fbf577fa9beb7b6391,control_nodoc,mixed,mixed,mixed,mixed,,
446bb73f09aba5f3ef14ee70fd27b614,cbd_nodoc,cannot_be_determined,,cannot_be_determined,cannot_be_determined,,
45ac4d82d1f529c3b466af6891a57e2c,adj,cannot_be_determined,cannot_be_determined,cannot_be_determined,,successful,successful
460502f579a447b5e00869d436ceac89,cbd_doc,cannot_be_determined,,cannot_be_determined,,mixed,mixed
4746e423e7d682e0b5e1da15f9367250,cbd_doc,cannot_be_determined,,cannot_be_determined,,successful,successful
4c12e1f39cf96c1251c21c8c16182492,cbd_nodoc,prospective_registration,,prospective_registration,prospective_registration,,
4cae50ae4f4239b2210fd05781d59542,cbd_doc,cannot_be_determined,,cannot_be_determined,,cannot_be_determined,cannot_be_determined
4fe1f2272ecfd7d1a60f1a15615da2d5,control_nodoc,(no target),(no target),successful,successful,,
5070de68fd368c0fd5c736b833d4516b,control_nodoc,successful,successful,successful,successful,,
515495c693f2ebe98645000c00bdd9c3,adj,cannot_be_determined,cannot_be_determined,successful,,cannot_be_determined,successful
539c7c6c008dad4204079ae2f07c9961,control_doc,successful,successful,successful,,successful,successful
5428bbb4720b00ffcc6b50aa235ab1b8,control_nodoc,successful,successful,successful,successful,,
57f1e208c76a821aff0d74c54f07e4b7,control_doc,successful,successful,successful,,successful,successful
59578061b2a0696f45236288974c533e,cbd_doc,cannot_be_determined,,cannot_be_determined,,successful,mixed
5dbd5fc80aa664e23afb1cce75bc38a8,cbd_doc,(no target),,(no target),,(no target),cannot_be_determined
64522a710c6462d467881f6e8f06a5d5,adj,cannot_be_determined,cannot_be_determined,cannot_be_determined,,successful,successful
66ad64ff740ffc66b6a12e17cb8232a9,cbd_nodoc,cannot_be_determined,,cannot_be_determined,cannot_be_determined,,
66f218d62ea328e71aedd8ad74eb842d,cbd_nodoc,cannot_be_determined,,cannot_be_determined,cannot_be_determined,,
67dbe09da6169bfb8ec32a181a088359,cbd_doc,cannot_be_determined,,cannot_be_determined,,uninformative,uninformative
68eb75ac3edb8bed6edf28eda1af2cc3,cbd_nodoc,cannot_be_determined,,cannot_be_determined,cannot_be_determined,,
69b35f4769d6706475ef582c8d31f1d8,adj,cannot_be_determined,cannot_be_determined,successful,cannot_be_determined,,
6bd7ca61e7b9e88ea8cf3888f85240e5,control_nodoc,successful,successful,successful,successful,,
6fd403109812f7bc4b1137a182354d85,cbd_doc,(no target),,(no target),,(no target),(no target)
70f1ddf94e0a3de599e41c7c5237e492,cbd_nodoc,cannot_be_determined,,cannot_be_determined,cannot_be_determined,,
72163b3d84a7c5f5510aa3a668295727,control_doc,successful,successful,successful,,successful,successful
72e7300a561fb70101235dc4166e7472,control_nodoc,failed,failed,failed,mixed,,
7415e9d7aa7b227e5da08889cd5b9ff5,control_doc,successful,successful,successful,,successful,successful
785a211fc059785fea9c254c2383fd97,adj,(no target),(no target),(no target),,mixed,failed
785bec42228ff7a33c8b06e0ead3c07d,control_doc,successful,successful,successful,,successful,successful
7899f695fd70d461b88258ca32a7914b,cbd_doc_osf,(no target),,(no target),,prospective_registration,prospective_registration
7a9dd4bb65d627c46cc184e457413fb9,adj,mixed,(no target),mixed,mixed,,
7ef61314b188e4e292d1dfe3ddfba145,adj,(no target),cannot_be_determined,successful,(no target),,
7f23447d2f0fd4619a403c62d55974b9,cbd_nodoc,cannot_be_determined,,cannot_be_determined,cannot_be_determined,,
85937a2c318c37eb5b220f7e71e229a0,cbd_doc,cannot_be_determined,,cannot_be_determined,,mixed,mixed
87f2f0a2f92f8e9a1c1d8116c8793398,cbd_doc,cannot_be_determined,,cannot_be_determined,,(no target),(no target)
8a446335d9b4f852f4baf47b073f61ff,cbd_doc_osf,prospective_registration,,prospective_registration,,prospective_registration,prospective_registration
913d052e7e5da8591a883cf404e3b28f,control_doc,successful,successful,successful,,successful,successful
9364ace0f02f0cf60fb66543c8a127e2,control_doc,cannot_be_determined,cannot_be_determined,mixed,,mixed,mixed
94b6d2414c0d781b48acfef494286bda,cbd_doc_osf,prospective_registration,,prospective_registration,,prospective_registration,prospective_registration
95768b0fd55854e91a2067a098edf7df,cbd_nodoc,cannot_be_determined,,successful,successful,,
971d2aa308c277205aaf5843965a1207,control_doc,successful,successful,successful,,successful,successful
990973308123be72a4e09f44ccb3d520,cbd_doc,cannot_be_determined,,cannot_be_determined,,(no target),cannot_be_determined
9a913c31cb09e8e12f47d532c7c5953c,cbd_doc_osf,prospective_registration,,prospective_registration,,prospective_registration,prospective_registration
9b5dd0775eded82e0e9455507184c76f,control_nodoc,failed,failed,failed,failed,,
9c048b3ae6b3a14a487d5e9f521bb0e1,control_doc,mixed,mixed,mixed,,mixed,mixed
9daa6f309476eafd6e71445a63f751ef,control_nodoc,(no target),(no target),(no target),(no target),,
a10adad19c57828dc67507bd2126277a,cbd_doc,cannot_be_determined,,cannot_be_determined,,cannot_be_determined,cannot_be_determined
a3b015e04e22fa431a33f1b2559e38c6,control_doc,successful,successful,successful,,successful,successful
a53acf2b500bb90b93de9d5fb6801acc,cbd_doc_osf,prospective_registration,,prospective_registration,,prospective_registration,prospective_registration
a9be4e72f9e65771f6350d9d9213c1ca,control_nodoc,failed,failed,failed,failed,,
ab207b2746f4677a43ce4c89501b4af6,adj,cannot_be_determined,cannot_be_determined,cannot_be_determined,failed,,
ae4a75194c1020f693a9392a4a7e2547,cbd_doc_osf,prospective_registration,,prospective_registration,,prospective_registration,prospective_registration
aef1af3c1d4b80bdfa26cab8634f1fef,cbd_doc,prospective_registration,,prospective_registration,,prospective_registration,prospective_registration
af813049b62d9ecd2db8855ddfa68698,adj,cannot_be_determined,cannot_be_determined,cannot_be_determined,cannot_be_determined,,
b0e02f91a18d75645ad6fcef66f5e386,control_doc,failed,failed,failed,,failed,failed
b1f8185114a6988db4ad94162e4ca7b3,cbd_doc,mixed,,mixed,,,
b584bf270a51396e210652abc424a02c,control_nodoc,successful,successful,successful,successful,,
b5d97b228534bded3f9a70a64c806e6a,cbd_nodoc,(no target),,(no target),(no target),,
b98f984a0a16d9f73357bff7a79fbab4,cbd_nodoc,failed,,failed,failed,,
baff1c46ff5557ef45af7707746581fd,control_doc,mixed,mixed,mixed,,mixed,mixed
bb990d827dfcc1e680e293022b4a9f4e,cbd_doc,mixed,,mixed,,(no target),mixed
bd2309f756bef72bd6cabcc9ec57be11,control_nodoc,failed,failed,failed,failed,,
bde7ab617d43d54d02cc731abcca0033,control_doc,successful,successful,successful,,successful,successful
c207844613793ffcd5bcffc0f50c1dc9,cbd_doc_osf,prospective_registration,,prospective_registration,,prospective_registration,prospective_registration
c37d1632d9809586a565160d1819015e,control_doc,mixed,mixed,mixed,,mixed,mixed
c564e380006347689e127432e9bff98d,cbd_doc,prospective_registration,,prospective_registration,,prospective_registration,prospective_registration
c58711c73db9f5e91de03a6aef2e741d,adj,cannot_be_determined,cannot_be_determined,cannot_be_determined,,successful,successful
c794e7d1f2aecfa64aece9b3fd3130f2,control_nodoc,failed,failed,failed,failed,,
c83c3cef60ea63b61b1ff0df81dfc050,cbd_nodoc,(no target),,(no target),(no target),,
c8a858216ac12f3285b515a07da4b311,control_doc,successful,(no target),(no target),,(no target),(no target)
ca14bc1b78fcd0311759aa7b496044b0,control_doc,mixed,mixed,mixed,,mixed,mixed
cd0c0e2ec5520301ad9c25ddbc5af1c5,control_doc,successful,successful,successful,,successful,successful
cf6089649299c5cbba4ebcb34a105007,cbd_nodoc,cannot_be_determined,,cannot_be_determined,cannot_be_determined,,
cff16a2ea8e7b653645e1170e54051ca,control_nodoc,failed,failed,failed,failed,,
d26e7b513c9d9366eb971d7730fef238,cbd_nodoc,mixed,,mixed,mixed,,
d3867b7399eb869c1586ff5cbddc904a,cbd_doc,failed,,failed,,successful,successful
d6e8b51cd5048db4fd608a8bf0ea1a6a,adj,(no target),(no target),(no target),(no target),,
d6ffee0ee293da2a4c252ef2cce07b4b,control_nodoc,successful,successful,successful,successful,,
da55bbc121de59c165c55e76a4ac2869,cbd_doc,cannot_be_determined,,cannot_be_determined,,successful,successful
dc099974e6ed59ff55888f91a335ccd2,cbd_doc_osf,successful,,successful,,successful,successful
dd8301f23a0cc735d397e7988bec6066,control_nodoc,successful,successful,successful,successful,,
ddd5fb4e537077e984f1a14a8a8f444c,cbd_nodoc,cannot_be_determined,,failed,failed,,
e1ad74b746642ac9a80d3ccf89cc0adf,control_nodoc,successful,successful,successful,successful,,
e1c427b9327075d20751a895d43b8979,control_nodoc,successful,successful,successful,successful,,
e2290f82f59d5f21a6cf53f91deed71e,control_doc,failed,failed,failed,,failed,failed
e58aa19815de478b8d234c5504452347,cbd_nodoc,cannot_be_determined,,cannot_be_determined,cannot_be_determined,,
e5ef71c2961d9a810f3e09eb219cd562,cbd_nodoc,cannot_be_determined,,cannot_be_determined,cannot_be_determined,,
e7cd2d5e59e810ce602be50f2071c4c1,cbd_nodoc,cannot_be_determined,,cannot_be_determined,cannot_be_determined,,
e87148a3d62d6b44aa49688e79e09932,control_doc,successful,(no target),successful,,successful,successful
e92113ab8994e2bbca41cb0e8c8f7ded,control_nodoc,successful,successful,successful,successful,,
ea7727c61ce9c70c36eb00f72e2e776d,control_doc,successful,successful,successful,,successful,successful
ecda4276e3955ecdc889462b58987f9f,cbd_doc_osf,prospective_registration,,prospective_registration,,,
f24a885f3c942b454e226b7ec9e61f3c,cbd_doc,cannot_be_determined,,cannot_be_determined,,cannot_be_determined,cannot_be_determined
f2d4e9da39fccf8eece1e0fcedf1ca3b,control_nodoc,mixed,mixed,mixed,failed,,
f3f897e32ba1a171970395932f988f1e,control_doc,successful,successful,successful,,successful,successful
f40ac2844184cd0cb12db035f5e34630,cbd_doc_osf,prospective_registration,,prospective_registration,,prospective_registration,prospective_registration
f5849e7224a976ea2d6a1a6eb9986d6a,adj,cannot_be_determined,cannot_be_determined,cannot_be_determined,cannot_be_determined,,
f5c8e46dfec68540ee36791c01cdcc95,adj,failed,cannot_be_determined,failed,,failed,failed
f6e49628762c9628749c9e4988d91ba2,cbd_nodoc,cannot_be_determined,,cannot_be_determined,cannot_be_determined,,
f82ca09c82298f2cb3acbb34f2616913,cbd_doc,prospective_registration,,prospective_registration,,prospective_registration,prospective_registration
fde8fc2633108a7609cd4d11e7aa20c7,adj,cannot_be_determined,cannot_be_determined,cannot_be_determined,,cannot_be_determined,cannot_be_determined
fef29f4447aa8cb8808a5be3af94d6a0,cbd_doc,cannot_be_determined,,cannot_be_determined,,cannot_be_determined,cannot_be_determined
ffb5664cbf0da29e820078d2ba254728,adj,(no target),cannot_be_determined,(no target),,mixed,mixed
ffbf89e71f2b3a4526924b03a8badf05,cbd_nodoc,cannot_be_determined,,cannot_be_determined,cannot_be_determined,,
