id,stratum,doi_r,doi_o,A,B,has_fulltext
cbd-001,cbd,10.1007/s00520-025-09264-5,10.1111/1747-0080.12342,mo,ours,True
cbd-002,cbd,10.1002/art.22301,10.1038/ng1496,mo,ours,False
cbd-003,cbd,10.1136/jmg.2008.064063,10.1038/ng.76,ours,mo,False
cbd-004,cbd,10.36253/qoe-14034,10.1093/poq/nfz003,mo,ours,True
cbd-005,cbd,10.3389/fpsyg.2012.00056,10.1038/nn.2112,ours,mo,True
cbd-006,cbd,10.1093/hmg/ddu041,10.1038/ng.1051,ours,mo,True
cbd-007,cbd,10.1044/jshd.4901.104,10.1044/jshd.4302.123,mo,ours,False
cbd-008,cbd,10.1097/00006199-199205000-00005,10.1097/00006199-198811000-00003,mo,ours,False
cbd-009,cbd,10.17605/osf.io/acykd,10.1016/j.obhdp.2004.12.002,ours,mo,True
cbd-010,cbd,10.3402/ejpt.v6.29313,10.1001/jama.290.5.643,mo,ours,True
cbd-011,cbd,10.1109/cbms.2017.60,10.1167/iovs.12-10268,mo,ours,False
cbd-012,cbd,10.1609/aaai.v39i25.34818,10.1007/978-3-319-10590-1_53,mo,ours,True
cbd-013,cbd,10.2466/pms.2002.94.3.867,10.1017/s1352465899273079,mo,ours,False
cbd-014,cbd,10.2466/pr0.1967.20.3c.1023,10.1126/science.139.3559.1048,mo,ours,False
cbd-015,cbd,10.1186/s13058-024-01955-x,10.1186/s12885-019-5403-0,mo,ours,True
cbd-016,cbd,10.23846/rps0016,10.1097/qad.0b013e32833e77c9,ours,mo,True
cbd-017,cbd,10.1177/0145445515580533,10.1007/s10862-007-9073-x,mo,ours,False
cbd-018,cbd,10.1111/j.1533-8525.1967.tb01054.x,10.1111/j.1533-8525.1960.tb01466.x,mo,ours,False
cbd-019,cbd,10.1167/iovs.11-8068,10.1093/hmg/ddr121,ours,mo,True
cont-020,contradiction,10.3389/fncel.2025.1681881,10.1016/j.cell.2023.08.037,mo,ours,True
cont-021,contradiction,10.1186/2040-2392-5-14,10.1016/j.pnpbp.2010.11.033,ours,mo,True
cont-022,contradiction,10.1016/j.mgene.2016.03.007,10.1016/j.jsams.2013.02.006,ours,mo,True
cont-023,contradiction,10.1111/j.1944-9720.2004.tb02174.x,10.2307/3588049,mo,ours,False
cont-024,contradiction,10.4236/jcdsa.2017.74027,10.1111/j.1524-4725.2007.33060.x,mo,ours,False
cont-025,contradiction,10.1080/02699931.2018.1468732,10.3758/bf03213926,ours,mo,True
cont-026,contradiction,10.3389/fnins.2016.00531,10.1002/ana.24215,mo,ours,False
cont-027,contradiction,10.1609/aaai.v39i25.34818,10.1016/j.ab.2015.12.009,mo,ours,True
cont-028,contradiction,10.1080/09291016.2016.1275400,10.1038/srep06309,ours,mo,False
cont-029,contradiction,10.1046/j.1467-9450.2003.00363.x,10.3758/bf03210977,ours,mo,False
cont-030,contradiction,10.1038/s41598-017-07404-4,10.1002/ana.21480,ours,mo,True
cont-031,contradiction,10.1109/tnsre.2020.2974272,10.1109/tnsre.2019.2941349,ours,mo,False
cont-032,contradiction,10.1002/ajmg.b.32106,10.1038/mp.2011.142,ours,mo,False
cont-033,contradiction,10.3758/s13421-017-0708-1,10.1016/j.cognition.2006.02.009,ours,mo,False
cont-034,contradiction,10.1017/s0272263109990027,10.1017/s0272263108080467,mo,ours,False
inco-035,inconclusive,10.1002/ajmg.b.31031,10.1002/ajmg.b.30778,ours,mo,False
inco-036,inconclusive,10.26451/abc.08.02.08.2021,10.1163/156853996x00143,ours,mo,True
inco-037,inconclusive,10.1371/journal.pone.0058048,10.1038/nature08689,mo,ours,True
inco-038,inconclusive,10.1097/md.0000000000011865,10.1038/ng.118,mo,ours,False
inco-039,inconclusive,10.1007/s10484-020-09484-x,10.1038/s41598-017-12626-7,mo,ours,False
inco-040,inconclusive,10.7554/elife.88762,10.7554/elife.54497,ours,mo,False
inco-041,inconclusive,10.1186/1471-2350-15-38,10.1038/ng.856,mo,ours,True
inco-042,inconclusive,10.1002/ajmg.1320600515,10.1002/ajmg.1320540108,ours,mo,False
inco-043,inconclusive,10.1111/j.1748-0361.2005.tb00079.x,10.1054/xc.2001.24218,mo,ours,False
inco-044,inconclusive,10.1901/jeab.1975.24-191,10.1901/jeab.1972.17-369,ours,mo,True
inco-045,inconclusive,10.1159/000331585,10.1016/j.jaci.2007.04.036,ours,mo,True
inco-046,inconclusive,10.1080/08874417.2022.2119443,10.1080/08874417.2017.1281075,mo,ours,False
inco-047,inconclusive,10.3389/fpsyg.2014.00754,10.1523/jneurosci.6018-08.2009,ours,mo,False
inco-048,inconclusive,10.17705/1atrr.00034,10.58729/1941-6679.1005,ours,mo,False
inco-049,inconclusive,10.3390/bs15040487,10.1089/cyber.2023.0298,mo,ours,True
inco-050,inconclusive,10.1002/ajmg.b.10761,10.1176/appi.ajp.158.8.1258,ours,mo,False
inco-051,inconclusive,10.1152/physiolgenomics.00085.2017,10.1371/journal.pone.0133964,mo,ours,False
inco-052,inconclusive,10.1161/jaha.112.005421,10.1161/01.atv.0000201044.33220.5c,ours,mo,False
inco-053,inconclusive,10.1002/pros.21443,10.1086/432377,ours,mo,False
inco-054,inconclusive,10.1037/xge0000451,10.1037/0022-3514.85.1.5,ours,mo,True
inco-055,inconclusive,10.1177/1043986218769989,10.2307/2094796,mo,ours,False
inco-056,inconclusive,10.3389/fpsyg.2025.1531759,10.1007/s11031-022-09975-w,ours,mo,False
inco-057,inconclusive,10.1111/j.1467-7687.2008.00781.x,10.1111/1467-9280.00177,ours,mo,False
inco-058,inconclusive,10.1037/xge0000102,10.1037/a0015850,ours,mo,False
inco-059,inconclusive,10.1016/j.annepidem.2010.12.003,10.1097/psy.0b013e31816a8dbc,mo,ours,True
inco-060,inconclusive,10.1212/wnl.0000000000000855,10.1056/nejmoa1211103,ours,mo,False
inco-061,inconclusive,10.1177/0899764011404081,10.1023/a:1020337425782,mo,ours,False
inco-062,inconclusive,10.1111/j.1600-0447.2006.00868.x,10.1016/j.psychres.2004.07.004,mo,ours,False
inco-063,inconclusive,10.1002/ijc.23682,10.1158/0008-5472.can-04-3247,ours,mo,True
inco-064,inconclusive,10.18718/81781.15,10.1016/j.jbankfin.2014.05.033,mo,ours,True
orig-065,original,10.18632/oncotarget.12903,,mo,ours,False
orig-066,original,10.2188/jea.11.281,,ours,mo,True
orig-067,original,10.1002/art.39619,,mo,ours,False
orig-068,original,10.5753/sbqs.2016.15130,,mo,ours,False
orig-069,original,10.1002/ajp.20895,,ours,mo,False
orig-070,original,10.1145/2915970.2915983,,ours,mo,False
orig-071,original,10.1177/008124630303300307,,mo,ours,False
orig-072,original,10.3758/s13423-022-02158-1,,ours,mo,False
orig-073,original,10.1371/journal.pone.0244110,,ours,mo,False
orig-074,original,10.1901/jaba.2000.33-239,,mo,ours,False
orig-075,original,10.1002/alr.21275,,ours,mo,False
orig-076,original,10.1073/pnas.1615198114,,mo,ours,False
orig-077,original,10.1017/s1366728922000748,,mo,ours,False
orig-078,original,10.1016/j.bionps.2020.100014,,mo,ours,False
orig-079,original,10.1371/journal.pone.0227629,,ours,mo,True
orig-080,original,10.1111/ejn.15512,,ours,mo,False
orig-081,original,10.1007/bf00880778,,ours,mo,False
orig-082,original,10.3389/fpsyt.2021.668152,,mo,ours,True
orig-083,original,10.3389/fnhum.2020.00230,,mo,ours,True
orig-084,original,10.1371/journal.pone.0056732,,ours,mo,False
orig-085,original,10.1093/scan/nsaa153,,ours,mo,True
orig-086,original,10.1111/cogs.12721,,ours,mo,False
orig-087,original,10.1017/s0272263100010032,,mo,ours,True
orig-088,original,10.3389/fgene.2020.00827,,mo,ours,False
orig-089,original,10.1371/journal.pone.0086462,,mo,ours,False
orig-090,original,10.1371/journal.pone.0263879,,ours,mo,False
orig-091,original,10.1038/s41598-021-91976-9,,mo,ours,False
orig-092,original,10.1167/iovs.08-2382,,ours,mo,False
orig-093,original,10.3390/ijerph19084912,,ours,mo,False
orig-094,original,10.1080/20473869.2022.2044594,,ours,mo,False
orig-095,original,10.1007/s10763-023-10368-9,,ours,mo,True
orig-096,original,10.3390/cells11203242,,ours,mo,False
orig-097,original,10.1109/compsac.2013.82,,mo,ours,False
orig-098,original,10.1038/s41598-022-10647-5,,ours,mo,True
orig-099,original,10.1007/s00426-025-02211-3,,ours,mo,True
orig-100,original,10.70923/001c.72403,,ours,mo,False
orig-101,original,10.1186/ar4504,,mo,ours,False
orig-102,original,10.1186/ar2423,,ours,mo,False
orig-103,original,10.1371/journal.pone.0332478,,mo,ours,True
orig-104,original,10.1515/cti-2022-0032,,mo,ours,False
orig-105,original,10.1001/archpsyc.1996.01830080033007,,ours,mo,False
orig-106,original,10.1002/bdr2.1773,,ours,mo,True
orig-107,original,10.1002/jae.2850,,mo,ours,False
orig-108,original,10.1002/jeab.567,,ours,mo,True
orig-109,original,10.1002/mpr.251,,ours,mo,False
orig-110,original,10.1002/mrm.29947,,ours,mo,False
orig-111,original,10.1007/s00125-017-4405-1,,mo,ours,True
orig-112,original,10.1007/s00426-021-01593-4,,mo,ours,False
orig-113,original,10.1016/j.jad.2020.07.098,,mo,ours,False
orig-114,original,10.1016/s0022-3956(96)00061-1,,mo,ours,True
orig-115,original,10.1017/s0142716412000501,,ours,mo,True
orig-116,original,10.1017/s0272263100015394,,mo,ours,False
orig-117,original,10.1017/s1930297500003144,,mo,ours,False
orig-118,original,10.1038/s41539-024-00218-w,,ours,mo,True
orig-119,original,10.1038/s41598-021-87130-0,,ours,mo,False
orig-120,original,10.1046/j.1365-2133.1996.d01-1096.x,,ours,mo,False
orig-121,original,10.1073/pnas.0508189103,,mo,ours,False
orig-122,original,10.1080/00224499.2019.1669135,,mo,ours,False
orig-123,original,10.1080/10586458.2016.1173413,,ours,mo,False
orig-124,original,10.1080/13554790490507614,,mo,ours,False
orig-125,original,10.1080/13803611.2021.2022316,,ours,mo,False
orig-126,original,10.1089/cyber.2024.0136,,mo,ours,False
orig-127,original,10.1093/cercor/bhz238,,mo,ours,True
orig-128,original,10.1093/ntr/nty218,,mo,ours,False
orig-129,original,10.1093/rheumatology/ker444,,mo,ours,False
orig-130,original,10.1093/scan/nst102,,ours,mo,False
orig-131,original,10.1093/schbul/sbad161,,ours,mo,False
orig-132,original,10.1098/rspb.2009.1765,,ours,mo,False
orig-133,original,10.1098/rstb.2021.0459,,ours,mo,False
orig-134,original,10.1101/lm.1896010,,mo,ours,False
orig-135,original,10.1111/bjdp.12216,,mo,ours,False
orig-136,original,10.1111/desc.13399,,mo,ours,True
orig-137,original,10.1111/j.1540-4781.2006.00384.x,,mo,ours,False
orig-138,original,10.1111/jabr.12029,,mo,ours,False
orig-139,original,10.1111/sjop.12816,,ours,mo,False
orig-140,original,10.1111/spsr.12479,,ours,mo,False
orig-141,original,10.1167/8.1.1,,mo,ours,False
orig-142,original,10.1177/1526924816641814,,ours,mo,False
orig-143,original,10.1177/153944928900900404,,ours,mo,False
orig-144,original,10.1177/1948550619887702,,mo,ours,False
orig-145,original,10.1186/s12881-014-0102-9,,ours,mo,False
orig-146,original,10.1186/s40359-021-00536-3,,ours,mo,True
orig-147,original,10.1207/s15327906mbr0104_1,,ours,mo,False
orig-148,original,10.1371/journal.pgen.1011192,,mo,ours,False
orig-149,original,10.1371/journal.pone.0022070,,ours,mo,True
orig-150,original,10.1371/journal.pone.0155554,,ours,mo,True
orig-151,original,10.1371/journal.pone.0194101,,mo,ours,True
orig-152,original,10.1371/journal.pone.0255484,,ours,mo,True
orig-153,original,10.1371/journal.pone.0262902,,ours,mo,False
orig-154,original,10.1523/eneuro.0332-19.2020,,ours,mo,False
orig-155,original,10.1534/g3.117.300366,,mo,ours,False
orig-156,original,10.16910/jemr.12.4.10,,mo,ours,False
orig-157,original,10.2466/pms.1968.26.2.559,,ours,mo,False
orig-158,original,10.2466/pr0.1990.66.2.407,,mo,ours,False
orig-159,original,10.2466/pr0.2002.91.3.722,,mo,ours,False
orig-160,original,10.2466/pr0.94.2.733-735,,mo,ours,False
orig-161,original,10.2466/pr0.95.3f.1059-1071,,mo,ours,False
orig-162,original,10.3109/07357907.2011.630052,,ours,mo,False
orig-163,original,10.31234/osf.io/ux8ef,,ours,mo,True
orig-164,original,10.3389/fpsyg.2016.00994,,mo,ours,False
orig-165,original,10.3389/fpsyg.2017.02362,,mo,ours,True
orig-166,original,10.3389/fpsyg.2019.01381,,ours,mo,False
orig-167,original,10.3389/fpsyg.2022.932592,,mo,ours,False
orig-168,original,10.3389/fpsyg.2024.1472489,,mo,ours,False
orig-169,original,10.5296/ijhrs.v10i3.16907,,ours,mo,False
