doi_r,original,n_ours,n_mo
10.1001/archneurol.2008.552,same (identical sets),2,2
10.1001/archneurol.2010.147,same (identical sets),2,2
10.1001/archneurol.2010.292,same (identical sets),2,2
10.1001/archneurol.2011.155,same (identical sets),1,1
10.1001/archoto.2009.219,same (identical sets),1,1
10.1001/archpsyc.1981.01780310086009,same (identical sets),1,1
10.1001/archpsyc.1996.01830080033007,different (one each),1,1
10.1001/jama.2010.574,overlap (some in common),1,2
10.1001/jamacardio.2018.0569,same (identical sets),1,1
10.1002/ab.70042,same (identical sets),1,1
10.1002/acp.2974,same (identical sets),1,1
10.1002/acp.3439,same (identical sets),1,1
10.1002/aepp.13393,same (identical sets),1,1
10.1002/ajim.20660,same (identical sets),1,1
10.1002/ajmg.10380,different (one each),1,1
10.1002/ajmg.10645,same (identical sets),1,1
10.1002/ajmg.1320600515,same (identical sets),1,1
10.1002/ajmg.a.38190,same (identical sets),1,1
10.1002/ajmg.b.10761,same (identical sets),1,1
10.1002/ajmg.b.20004,same (identical sets),1,1
10.1002/ajmg.b.30056,same (identical sets),2,2
10.1002/ajmg.b.30215,same (identical sets),2,2
10.1002/ajmg.b.30262,overlap (some in common),1,2
10.1002/ajmg.b.30610,same (identical sets),2,2
10.1002/ajmg.b.30658,same (identical sets),1,1
10.1002/ajmg.b.30727,same (identical sets),1,1
10.1002/ajmg.b.30872,overlap (some in common),2,1
10.1002/ajmg.b.31031,same (identical sets),1,1
10.1002/ajmg.b.31088,same (identical sets),2,2
10.1002/ajmg.b.32049,same (identical sets),1,1
10.1002/ajmg.b.32104,same (identical sets),1,1
10.1002/ajmg.b.32106,overlap (some in common),2,2
10.1002/ajmg.b.32145,different (one each),1,1
10.1002/ajmg.b.32957,same (identical sets),1,1
10.1002/ajp.20895,different (one each),1,1
10.1002/ajpa.1330300206,same (identical sets),1,1
10.1002/alr.21275,different (one each),1,1
10.1002/ana.410280508,same (identical sets),1,1
10.1002/ana.410440223,same (identical sets),1,1
10.1002/ar.1091570205,same (identical sets),1,1
10.1002/art.21309,same (identical sets),1,1
10.1002/art.22301,overlap (some in common),5,4
10.1002/art.30604,same (identical sets),1,1
10.1002/art.33381,same (identical sets),1,1
10.1002/art.39302,same (identical sets),1,1
10.1002/art.39619,different (one each),1,1
10.1002/art.39932,overlap (some in common),3,4
10.1002/aur.1857,same (identical sets),1,1
10.1002/bdr2.1773,different (one each),1,1
10.1002/bem.20337,same (identical sets),1,1
10.1002/bem.2250160208,same (identical sets),1,1
10.1002/cpt.2424,overlap (some in common),1,2
10.1002/da.22678,same (identical sets),1,1
10.1002/dys.1470,overlap (some in common),2,1
10.1002/eat.10025,same (identical sets),1,1
10.1002/eat.1066,same (identical sets),1,1
10.1002/eat.20444,theirs: no original DOI,1,0
10.1002/eat.22228,same (identical sets),1,1
10.1002/eat.22304,same (identical sets),1,1
10.1002/ece3.1300,same (identical sets),1,1
10.1002/ece3.71556,same (identical sets),1,1
10.1002/elps.201100128,same (identical sets),1,1
10.1002/gepi.21707,overlap (some in common),3,4
10.1002/hbm.20283,same (identical sets),1,1
10.1002/hbm.21434,overlap (some in common),2,1
10.1002/hbm.25572,overlap (some in common),1,2
10.1002/humu.20725,same (identical sets),1,1
10.1002/humu.20840,same (identical sets),1,1
10.1002/humu.21009,same (identical sets),1,1
10.1002/hup.2802,same (identical sets),1,1
10.1002/ibd.21752,same (identical sets),1,1
10.1002/ijc.23682,same (identical sets),1,1
10.1002/imhj.21350,theirs: no original DOI,2,0
10.1002/jaba.484,same (identical sets),3,3
10.1002/jaba.833,same (identical sets),2,2
10.1002/jaba.964,overlap (some in common),1,2
10.1002/jae.1191,same (identical sets),1,1
10.1002/jae.1264,same (identical sets),1,1
10.1002/jae.1277,overlap (some in common),2,1
10.1002/jae.2424,same (identical sets),1,1
10.1002/jae.2493,same (identical sets),1,1
10.1002/jae.2540,same (identical sets),1,1
10.1002/jae.2622,same (identical sets),1,1
10.1002/jae.2677,different (one each),1,1
10.1002/jae.2695,same (identical sets),1,1
10.1002/jae.2782,same (identical sets),1,1
10.1002/jae.2814,same (identical sets),1,1
10.1002/jae.2850,different (one each),1,1
10.1002/jae.2851,same (identical sets),1,1
10.1002/jae.3021,same (identical sets),1,1
10.1002/jbmr.62,same (identical sets),3,3
10.1002/jcv2.12077,same (identical sets),1,1
10.1002/jeab.567,different (one each),1,1
10.1002/jor.21322,overlap (some in common),3,2
10.1002/jts.21996,same (identical sets),1,1
10.1002/mds.26292,same (identical sets),1,1
10.1002/mpr.251,different (one each),1,1
10.1002/mpr.293,same (identical sets),1,1
10.1002/mrm.29947,different (several),1,2
10.1002/pd.5459,same (identical sets),1,1
10.1002/pds.70087,same (identical sets),1,1
10.1002/pon.1181,same (identical sets),1,1
10.1002/pon.5126,same (identical sets),1,1
10.1002/pros.21443,same (identical sets),1,1
10.1002/sim.5925,overlap (some in common),1,2
10.1002/sim.8215,same (identical sets),2,2
10.1002/sm2.34,overlap (some in common),2,1
10.1002/smi.2430,same (identical sets),1,1
10.1002/smj.2911,same (identical sets),1,1
10.1002/syn.70011,same (identical sets),1,1
10.1002/tea.3660220207,same (identical sets),1,1
10.1007/bf00880778,different (one each),1,1
10.1007/bf00911175,same (identical sets),1,1
10.1007/bf00937890,same (identical sets),1,1
10.1007/s00125-009-1557-7,same (identical sets),1,1
10.1007/s00125-015-3508-9,same (identical sets),1,1
10.1007/s00125-017-4405-1,different (several),1,2
10.1007/s00125-017-4497-7,overlap (some in common),1,2
10.1007/s00213-024-06679-6,same (identical sets),1,1
10.1007/s00213-025-06837-4,overlap (some in common),1,3
10.1007/s00221-018-5259-6,overlap (some in common),1,2
10.1007/s00221-022-06411-w,same (identical sets),1,1
10.1007/s00221-022-06450-3,overlap (some in common),1,2
10.1007/s00221-023-06560-6,same (identical sets),1,1
10.1007/s00221-023-06688-5,same (identical sets),1,1
10.1007/s00221-024-06846-3,same (identical sets),1,1
10.1007/s00401-019-02026-8,same (identical sets),1,1
10.1007/s00406-021-01259-7,same (identical sets),1,1
10.1007/s00426-021-01593-4,different (one each),1,1
10.1007/s00426-022-01734-3,same (identical sets),1,1
10.1007/s00426-023-01841-9,overlap (some in common),2,1
10.1007/s00426-025-02211-3,different (one each),1,1
10.1007/s00429-022-02602-x,same (identical sets),1,1
10.1007/s00439-011-0972-2,same (identical sets),1,1
10.1007/s00439-018-1889-9,overlap (some in common),3,2
10.1007/s00464-018-6259-0,same (identical sets),1,1
10.1007/s00520-025-09264-5,same (identical sets),1,1
10.1007/s00787-024-02385-y,same (identical sets),1,1
10.1007/s10071-019-01254-5,same (identical sets),1,1
10.1007/s10198-021-01353-6,same (identical sets),1,1
10.1007/s10484-020-09484-x,same (identical sets),1,1
10.1007/s10579-021-09528-6,same (identical sets),1,1
10.1007/s10608-024-10550-5,same (identical sets),1,1
10.1007/s10654-011-9583-4,same (identical sets),2,2
10.1007/s10654-023-01058-5,same (identical sets),1,1
10.1007/s10664-024-10562-5,same (identical sets),1,1
10.1007/s10683-020-09658-8,overlap (some in common),2,1
10.1007/s10763-023-10368-9,different (one each),1,1
10.1007/s11126-020-09742-5,same (identical sets),1,1
10.1007/s12021-021-09512-z,same (identical sets),1,1
10.1007/s12253-014-9822-6,overlap (some in common),2,3
10.1007/s12286-023-00578-4,same (identical sets),2,2
10.1007/s12671-025-02575-y,same (identical sets),1,1
10.1007/s13402-025-01071-8,same (identical sets),1,1
10.1007/s40264-014-0138-y,same (identical sets),1,1
10.1007/s40750-018-0101-8,same (identical sets),1,1
10.1007/s40881-018-0049-2,same (identical sets),1,1
10.1007/s42761-022-00145-2,overlap (some in common),1,2
10.1007/s42761-022-00151-4,same (identical sets),1,1
10.1007/s44217-024-00190-y,same (identical sets),1,1
10.1016/j.abrep.2023.100500,same (identical sets),1,1
10.1016/j.actpsy.2019.102871,same (identical sets),1,1
10.1016/j.actpsy.2023.104094,same (identical sets),1,1
10.1016/j.adolescence.2017.07.002,same (identical sets),1,1
10.1016/j.annepidem.2010.12.003,same (identical sets),3,3
10.1016/j.appet.2023.107065,overlap (some in common),1,2
10.1016/j.bbi.2022.08.016,same (identical sets),1,1
10.1016/j.bionps.2020.100014,different (one each),1,1
10.1016/j.biopsych.2009.05.007,same (identical sets),3,3
10.1016/j.biopsycho.2021.108058,same (identical sets),1,1
10.1016/j.biopsycho.2021.108097,same (identical sets),1,1
10.1016/j.biopsycho.2021.108188,same (identical sets),1,1
10.1016/j.biopsycho.2024.108955,same (identical sets),1,1
10.1016/j.bneo.2025.100118,theirs: no original DOI,1,0
10.1016/j.bpsgos.2023.08.012,same (identical sets),1,1
10.1016/j.bpsgos.2024.100332,same (identical sets),1,1
10.1016/j.brainres.2015.04.032,same (identical sets),1,1
10.1016/j.brat.2020.103799,same (identical sets),1,1
10.1016/j.chiabu.2016.12.005,same (identical sets),1,1
10.1016/j.cognition.2020.104521,overlap (some in common),1,2
10.1016/j.cognition.2022.105113,same (identical sets),1,1
10.1016/j.cognition.2023.105636,same (identical sets),1,1
10.1016/j.cortex.2012.08.008,same (identical sets),1,1
10.1016/j.cortex.2016.08.006,same (identical sets),3,3
10.1016/j.cortex.2018.05.013,same (identical sets),1,1
10.1016/j.ctim.2023.102965,same (identical sets),1,1
10.1016/j.dadm.2016.09.003,same (identical sets),1,1
10.1016/j.dcn.2020.100783,same (identical sets),1,1
10.1016/j.dcn.2020.100818,same (identical sets),1,1
10.1016/j.dib.2019.105042,same (identical sets),1,1
10.1016/j.dib.2021.107595,same (identical sets),1,1
10.1016/j.dmpk.2016.07.004,overlap (some in common),1,2
10.1016/j.eurpsy.2017.01.1954,same (identical sets),1,1
10.1016/j.heliyon.2018.e00939,overlap (some in common),1,2
10.1016/j.ijpsycho.2023.112277,same (identical sets),1,1
10.1016/j.jad.2020.07.098,different (one each),1,1
10.1016/j.jad.2025.04.023,same (identical sets),1,1
10.1016/j.jand.2013.09.023,same (identical sets),1,1
10.1016/j.jbo.2019.100270,same (identical sets),1,1
10.1016/j.jclinepi.2023.10.013,same (identical sets),1,1
10.1016/j.jecp.2019.104756,same (identical sets),1,1
10.1016/j.jmpt.2011.09.001,overlap (some in common),2,1
10.1016/j.jointm.2024.10.003,same (identical sets),1,1
10.1016/j.jpsychores.2021.110510,same (identical sets),1,1
10.1016/j.lmot.2021.101728,same (identical sets),1,1
10.1016/j.meegid.2024.105690,overlap (some in common),3,2
10.1016/j.mgene.2016.03.007,same (identical sets),2,2
10.1016/j.neuroimage.2007.04.057,overlap (some in common),2,1
10.1016/j.neuroimage.2019.116370,overlap (some in common),1,2
10.1016/j.neuroimage.2021.118304,same (identical sets),1,1
10.1016/j.neuropsychologia.2018.03.017,same (identical sets),1,1
10.1016/j.neuroscience.2021.06.032,overlap (some in common),1,3
10.1016/j.nicl.2020.102286,same (identical sets),1,1
10.1016/j.nicl.2020.102399,same (identical sets),1,1
10.1016/j.nicl.2021.102933,same (identical sets),1,1
10.1016/j.nicl.2022.102975,overlap (some in common),4,3
10.1016/j.nicl.2023.103384,same (identical sets),1,1
10.1016/j.nicl.2025.103771,same (identical sets),2,2
10.1016/j.scog.2023.100284,same (identical sets),1,1
10.1016/j.socscimed.2016.11.018,same (identical sets),1,1
10.1016/j.socscimed.2025.117798,same (identical sets),1,1
10.1016/j.tranon.2017.09.008,overlap (some in common),7,5
10.1016/j.xjmad.2024.100050,same (identical sets),1,1
10.1016/j.ymgmr.2019.100470,same (identical sets),1,1
10.1016/j.ynirp.2023.100157,same (identical sets),1,1
10.1016/j.ynirp.2023.100163,same (identical sets),1,1
10.1016/j.ynirp.2023.100170,same (identical sets),1,1
10.1016/j.ynstr.2021.100344,same (identical sets),1,1
10.1016/j.ynstr.2023.100528,same (identical sets),2,2
10.1016/j.ynstr.2025.100741,same (identical sets),1,1
10.1016/s0006-3223(98)00143-7,same (identical sets),1,1
10.1016/s0014-5793(99)00599-2,same (identical sets),1,1
10.1016/s0022-3956(96)00061-1,different (one each),1,1
10.1016/s2214-109x(16)30250-9,same (identical sets),1,1
10.1017/gheg.2017.17,same (identical sets),1,1
10.1017/s0033291700032864,same (identical sets),1,1
10.1017/s0033291707001511,same (identical sets),1,1
10.1017/s0033291713000846,same (identical sets),1,1
10.1017/s0033291718000107,same (identical sets),1,1
10.1017/s0033291720003578,overlap (some in common),1,2
10.1017/s0142716400001417,same (identical sets),1,1
10.1017/s014271641100052x,same (identical sets),1,1
10.1017/s0142716412000501,different (one each),1,1
10.1017/s0261444808005442,same (identical sets),1,1
10.1017/s0272263100010032,different (one each),1,1
10.1017/s0272263100015394,different (one each),1,1
10.1017/s0272263101003023,same (identical sets),1,1
10.1017/s0272263105050126,same (identical sets),2,2
10.1017/s0272263109990027,same (identical sets),1,1
10.1017/s0272263112000113,same (identical sets),1,1
10.1017/s0954579419000166,same (identical sets),1,1
10.1017/s0958344004001715,same (identical sets),1,1
10.1017/s109285291800144x,same (identical sets),1,1
10.1017/s1355617722000698,same (identical sets),1,1
10.1017/s1366728922000748,different (one each),1,1
10.1017/s1461145701002322,different (one each),1,1
10.1017/s1930297500003144,different (one each),1,1
10.1027/1618-3169/a000442,same (identical sets),1,1
10.1027/1618-3169/a000562,same (identical sets),2,2
10.1029/2017ea000360,same (identical sets),1,1
10.1037/0002-9432.73.1.74,same (identical sets),1,1
10.1037/0021-843x.112.2.228,same (identical sets),1,1
10.1037/0278-7393.30.2.354,same (identical sets),1,1
10.1037/0278-7393.32.4.867,same (identical sets),1,1
10.1037/0893-164x.14.4.397,same (identical sets),1,1
10.1037/a0013622,overlap (some in common),1,2
10.1037/a0018230,same (identical sets),1,1
10.1037/a0027687,same (identical sets),1,1
10.1037/a0028083,same (identical sets),1,1
10.1037/a0036840,same (identical sets),1,1
10.1037/a0037397,different (one each),1,1
10.1037/bne0000055,same (identical sets),1,1
10.1037/cns0000342,same (identical sets),1,1
10.1037/dev0000053,same (identical sets),1,1
10.1037/dev0001119,overlap (some in common),2,2
10.1037/emo0001281,same (identical sets),1,1
10.1037/emo0001339,same (identical sets),1,1
10.1037/per0000513,same (identical sets),1,1
10.1037/pspp0000115,overlap (some in common),1,2
10.1037/pst0000036,same (identical sets),1,1
10.1037/xge0000102,overlap (some in common),2,2
10.1037/xge0000125,same (identical sets),1,1
10.1037/xge0000402,same (identical sets),1,1
10.1037/xge0000451,same (identical sets),1,1
10.1037/xhp0000052,overlap (some in common),2,1
10.1037/xhp0000123,same (identical sets),1,1
10.1038/ejhg.2011.206,overlap (some in common),1,3
10.1038/mp.2015.209,different (several),1,2
10.1038/oby.2008.470,overlap (some in common),2,1
10.1038/s41380-019-0621-z,same (identical sets),2,2
10.1038/s41398-019-0380-2,same (identical sets),1,1
10.1038/s41398-021-01558-6,same (identical sets),1,1
10.1038/s41398-024-02811-4,same (identical sets),1,1
10.1038/s41398-024-02824-z,same (identical sets),1,1
10.1038/s41467-018-07642-8,same (identical sets),1,1
10.1038/s41467-024-52665-z,overlap (some in common),2,2
10.1038/s41467-025-56762-5,same (identical sets),1,1
10.1038/s41467-025-56763-4,same (identical sets),1,1
10.1038/s41525-017-0011-x,same (identical sets),1,1
10.1038/s41531-018-0064-2,same (identical sets),1,1
10.1038/s41539-024-00218-w,different (one each),1,1
10.1038/s41598-017-07404-4,overlap (some in common),6,8
10.1038/s41598-017-15226-7,overlap (some in common),3,2
10.1038/s41598-017-18950-2,different (several),1,2
10.1038/s41598-018-34098-z,same (identical sets),1,1
10.1038/s41598-020-57613-7,same (identical sets),1,1
10.1038/s41598-020-57934-7,overlap (some in common),1,2
10.1038/s41598-020-66668-5,same (identical sets),1,1
10.1038/s41598-020-67455-y,same (identical sets),1,1
10.1038/s41598-020-67721-z,same (identical sets),1,1
10.1038/s41598-021-03310-y,same (identical sets),3,3
10.1038/s41598-021-80995-1,overlap (some in common),1,2
10.1038/s41598-021-87130-0,different (one each),1,1
10.1038/s41598-021-87338-0,same (identical sets),1,1
10.1038/s41598-021-91381-2,same (identical sets),1,1
10.1038/s41598-021-91976-9,different (one each),1,1
10.1038/s41598-022-05923-3,same (identical sets),1,1
10.1038/s41598-022-06663-0,same (identical sets),1,1
10.1038/s41598-022-10647-5,different (one each),1,1
10.1038/s41598-022-18521-0,overlap (some in common),1,2
10.1038/s41598-022-24821-2,same (identical sets),1,1
10.1038/s41598-022-25538-y,same (identical sets),1,1
10.1038/s41598-023-28676-z,overlap (some in common),1,2
10.1038/s41598-023-31063-3,same (identical sets),1,1
10.1038/s41598-023-33424-4,same (identical sets),1,1
10.1038/s41598-023-48792-0,same (identical sets),1,1
10.1038/s41598-023-48874-z,same (identical sets),1,1
10.1038/s41598-024-72749-6,same (identical sets),1,1
10.1038/s41598-024-83794-6,overlap (some in common),1,2
10.1038/s41598-025-05745-z,same (identical sets),1,1
10.1038/s42003-023-04586-8,same (identical sets),1,1
10.1038/s44271-024-00128-y,same (identical sets),2,2
10.1038/tp.2013.63,same (identical sets),1,1
10.1038/tp.2015.190,same (identical sets),1,1
10.1038/tp.2015.199,same (identical sets),1,1
10.1042/bsr20171688,same (identical sets),1,1
10.1044/1092-4388(2004/026),same (identical sets),1,1
10.1044/1092-4388(2009/07-0012),same (identical sets),1,1
10.1044/1092-4388(2009/08-0195),same (identical sets),1,1
10.1044/2013_jslhr-l-13-0008,same (identical sets),1,1
10.1044/2014_ajslp-13-0098,same (identical sets),2,2
10.1044/2016_jslhr-l-15-0294,overlap (some in common),3,2
10.1044/2017_jslhr-l-16-0327,same (identical sets),1,1
10.1044/2018_aja-18-0082,same (identical sets),1,1
10.1044/2019_ajslp-19-00162,same (identical sets),1,1
10.1044/2023_jslhr-22-00694,same (identical sets),1,1
10.1044/2024_ajslp-24-00226,same (identical sets),1,1
10.1044/cicsd_28_f_98,different (one each),1,1
10.1044/jshd.4901.104,same (identical sets),1,1
10.1044/jshr.3003.295,same (identical sets),1,1
10.1044/jshr.3704.841,same (identical sets),1,1
10.1046/j.1365-2133.1996.d01-1096.x,different (one each),1,1
10.1046/j.1365-2648.1995.21050820.x,same (identical sets),1,1
10.1046/j.1365-2648.1999.01138.x,same (identical sets),1,1
10.1046/j.1365-2648.1999.01230.x,same (identical sets),1,1
10.1046/j.1365-2702.1999.00307.x,same (identical sets),1,1
10.1046/j.1467-9450.2003.00363.x,same (identical sets),1,1
10.1046/j.1469-1809.1998.6210025.x,same (identical sets),1,1
10.1055/s-0036-1597262,same (identical sets),1,1
10.1056/nejmoa051469,overlap (some in common),1,2
10.1057/9781137293626_12,same (identical sets),1,1
10.1057/s41599-025-05523-2,different (one each),1,1
10.1073/pnas.0408670102,different (one each),1,1
10.1073/pnas.0508189103,different (one each),1,1
10.1073/pnas.0914079107,same (identical sets),1,1
10.1073/pnas.1615198114,different (one each),1,1
10.1073/pnas.1704308114,same (identical sets),1,1
10.1074/jbc.c112.394403,same (identical sets),1,1
10.1080/00029157.1972.10402174,same (identical sets),2,2
10.1080/00029157.2017.1416279,same (identical sets),1,1
10.1080/00036840802112471,same (identical sets),1,1
10.1080/00220388.2011.646989,overlap (some in common),2,1
10.1080/00220388.2012.727563,same (identical sets),1,1
10.1080/00220388.2013.807501,overlap (some in common),2,1
10.1080/00220388.2018.1506574,same (identical sets),1,1
10.1080/00220388.2018.1506575,overlap (some in common),1,2
10.1080/00220388.2018.1506576,different (one each),1,1
10.1080/00220388.2018.1506578,same (identical sets),1,1
10.1080/00220388.2018.1506579,different (one each),1,1
10.1080/00220388.2018.1506580,same (identical sets),1,1
10.1080/00221309.1986.9711031,same (identical sets),1,1
10.1080/00222216.1971.11970019,same (identical sets),1,1
10.1080/00223891.1990.9674023,same (identical sets),1,1
10.1080/00223891.2013.765883,same (identical sets),1,1
10.1080/00223891.2019.1677246,same (identical sets),1,1
10.1080/00224499.2019.1669135,different (one each),1,1
10.1080/00224499.2021.1999893,overlap (some in common),1,3
10.1080/00918369.2020.1804262,same (identical sets),1,1
10.1080/01443615.2017.1351932,same (identical sets),1,1
10.1080/01688638508401262,same (identical sets),1,1
10.1080/02643290442000202,same (identical sets),1,1
10.1080/02643294.2012.706218,same (identical sets),1,1
10.1080/02699050600744194,same (identical sets),1,1
10.1080/02699931.2018.1468732,same (identical sets),1,1
10.1080/02791072.1981.10471582,same (identical sets),1,1
10.1080/02791072.2023.2278583,overlap (some in common),1,2
10.1080/02796015.1986.12085213,same (identical sets),1,1
10.1080/036107399244020,same (identical sets),1,1
10.1080/08838159209364154,same (identical sets),1,1
10.1080/08874417.2016.1153914,theirs: no original DOI,1,0
10.1080/08874417.2022.2119443,same (identical sets),1,1
10.1080/08897070902802059,same (identical sets),1,1
10.1080/08964289.2016.1232241,same (identical sets),1,1
10.1080/09084282.2012.724036,same (identical sets),1,1
10.1080/09291016.2016.1275400,same (identical sets),2,2
10.1080/09297040500473706,same (identical sets),1,1
10.1080/09638237.2017.1340601,theirs: no original DOI,1,0
10.1080/09658211.2016.1189941,same (identical sets),1,1
10.1080/09658211.2024.2412025,same (identical sets),1,1
10.1080/09669582.2014.953541,same (identical sets),1,1
10.1080/10253890.2018.1519019,same (identical sets),1,1
10.1080/10473289.2000.10464149,same (identical sets),1,1
10.1080/10503307.2019.1645369,same (identical sets),1,1
10.1080/10503307.2020.1844920,same (identical sets),1,1
10.1080/10586458.2016.1173413,different (one each),1,1
10.1080/1059924x.2016.1211575,same (identical sets),1,1
10.1080/10640260390218639,same (identical sets),1,1
10.1080/10683169408411946,same (identical sets),1,1
10.1080/10810730902873117,same (identical sets),1,1
10.1080/10826084.2016.1267222,overlap (some in common),2,3
10.1080/13548506.2020.1867317,same (identical sets),1,1
10.1080/13554790490507614,different (one each),1,1
10.1080/13554799908415478,different (several),1,2
10.1080/13803611.2021.2022316,different (one each),1,1
10.1080/14616734.2013.768790,overlap (some in common),2,1
10.1080/14616734.2016.1181096,different (one each),1,1
10.1080/14719037.2017.1295099,different (one each),1,1
10.1080/14719037.2019.1679233,same (identical sets),1,1
10.1080/14733140903031119,same (identical sets),1,1
10.1080/15402000701264005,same (identical sets),1,1
10.1080/15592294.2022.2158285,same (identical sets),1,1
10.1080/1612197x.2019.1637362,same (identical sets),1,1
10.1080/16506077909456141,same (identical sets),1,1
10.1080/17461391.2022.2152731,same (identical sets),1,1
10.1080/17470210903121655,overlap (some in common),1,2
10.1080/17470218.2016.1165264,overlap (some in common),2,1
10.1080/17470919.2015.1017114,overlap (some in common),1,2
10.1080/17524032.2024.2407647,same (identical sets),1,1
10.1080/19439342.2019.1646782,same (identical sets),1,1
10.1080/19439342.2019.1666900,same (identical sets),1,1
10.1080/19439342.2019.1666901,same (identical sets),1,1
10.1080/19439342.2019.1679860,same (identical sets),1,1
10.1080/19439342.2019.1684343,same (identical sets),1,1
10.1080/20473869.2022.2044594,different (one each),1,1
10.1080/21622965.2016.1220860,same (identical sets),1,1
10.1080/23761407.2017.1288187,same (identical sets),1,1
10.1086/694653,same (identical sets),1,1
10.1089/cap.2021.0121,same (identical sets),1,1
10.1089/cyber.2024.0136,different (one each),1,1
10.1089/gtmb.2012.0161,overlap (some in common),3,1
10.1093/abm/kaad072,same (identical sets),1,1
10.1093/bjsw/bcae011,same (identical sets),1,1
10.1093/brain/awr007,same (identical sets),1,1
10.1093/carcin/bgs218,theirs: no original DOI,1,0
10.1093/carcin/bgv130,overlap (some in common),1,2
10.1093/cercor/bhae107,same (identical sets),1,1
10.1093/cercor/bhz238,different (one each),1,1
10.1093/cje/bet075,same (identical sets),1,1
10.1093/ckj/sfz073,same (identical sets),1,1
10.1093/eep/dvaf016,same (identical sets),1,1
10.1093/emph/eoac007,same (identical sets),1,1
10.1093/fampra/cmac147,same (identical sets),1,1
10.1093/gerona/glu166,overlap (some in common),1,3
10.1093/geronj/25.4.316,same (identical sets),1,1
10.1093/geronj/30.1.73,same (identical sets),1,1
10.1093/geronj/37.6.713,same (identical sets),1,1
10.1093/geronj/48.1.s28,same (identical sets),1,1
10.1093/hcr/hqaf017,same (identical sets),1,1
10.1093/hmg/ddn340,same (identical sets),1,1
10.1093/hmg/ddp489,same (identical sets),1,1
10.1093/hmg/ddq411,same (identical sets),2,2
10.1093/hmg/ddu041,overlap (some in common),4,2
10.1093/hmg/ddz101,same (identical sets),1,1
10.1093/hropen/hoaa047,same (identical sets),1,1
10.1093/humrep/dev081,same (identical sets),1,1
10.1093/humrep/dex302,same (identical sets),1,1
10.1093/ije/dyae110,overlap (some in common),1,2
10.1093/ije/dyv127,same (identical sets),1,1
10.1093/ijl/ecp022,same (identical sets),1,1
10.1093/ijnp/pyaa081,same (identical sets),1,1
10.1093/ijnp/pyaa084,overlap (some in common),3,1
10.1093/ijnp/pyw033,same (identical sets),1,1
10.1093/jn/nxaa020,same (identical sets),1,1
10.1093/jnci/djv199,same (identical sets),1,1
10.1093/milmed/usaa245,same (identical sets),1,1
10.1093/molbev/msp314,same (identical sets),1,1
10.1093/ntr/nty218,different (one each),1,1
10.1093/oncolo/oyab021,same (identical sets),1,1
10.1093/psyrad/kkac020,same (identical sets),1,1
10.1093/rheumatology/kei008,same (identical sets),1,1
10.1093/rheumatology/ker444,different (one each),1,1
10.1093/rheumatology/keu380,same (identical sets),1,1
10.1093/scan/nsaa153,different (several),1,2
10.1093/scan/nsae088,same (identical sets),1,1
10.1093/scan/nsaf049,same (identical sets),1,1
10.1093/scan/nsr040,same (identical sets),1,1
10.1093/scan/nst102,different (one each),1,1
10.1093/schbul/sbac018,same (identical sets),1,1
10.1093/schbul/sbad161,different (one each),1,1
10.1093/schbul/sbl066,same (identical sets),1,1
10.1093/schizbullopen/sgaa009,same (identical sets),1,1
10.1093/texcom/tgab050,same (identical sets),1,1
10.1093/toxsci/kfs272,same (identical sets),1,1
10.1095/biolreprod.112.106377,same (identical sets),1,1
10.1097/00001888-197801000-00005,same (identical sets),1,1
10.1097/00006199-199205000-00005,same (identical sets),1,1
10.1097/00006199-200609000-00004,same (identical sets),1,1
10.1097/00131746-200509000-00004,same (identical sets),1,1
10.1097/brs.0000000000002280,same (identical sets),1,1
10.1097/j.pain.0000000000003174,same (identical sets),1,1
10.1097/md.0000000000011865,same (identical sets),1,1
10.1097/mpg.0000000000000880,same (identical sets),1,1
10.1097/nna.0000000000000521,same (identical sets),1,1
10.1097/opx.0b013e318188891b,same (identical sets),1,1
10.1097/ypg.0000000000000193,same (identical sets),1,1
10.1098/rsbl.2018.0499,same (identical sets),1,1
10.1098/rsbl.2019.0091,same (identical sets),1,1
10.1098/rsif.2008.0519,same (identical sets),1,1
10.1098/rsos.171127,same (identical sets),1,1
10.1098/rsos.172273,same (identical sets),2,2
10.1098/rsos.182237,same (identical sets),1,1
10.1098/rsos.190327,same (identical sets),1,1
10.1098/rsos.190808,same (identical sets),1,1
10.1098/rsos.202197,same (identical sets),1,1
10.1098/rsos.210056,same (identical sets),1,1
10.1098/rsos.220594,same (identical sets),1,1
10.1098/rsos.240087,same (identical sets),1,1
10.1098/rsos.241120,same (identical sets),1,1
10.1098/rspb.2001.1866,same (identical sets),1,1
10.1098/rspb.2009.1765,different (one each),1,1
10.1098/rspb.2012.0500,same (identical sets),1,1
10.1098/rsta.2020.0068,same (identical sets),2,2
10.1098/rstb.2021.0459,different (one each),1,1
10.1101/2023.08.16.553472,same (identical sets),1,1
10.1101/2023.10.11.23296870,same (identical sets),1,1
10.1101/lm.1896010,different (one each),1,1
10.1101/lm.2269911,same (identical sets),1,1
10.1101/lm.493707,same (identical sets),1,1
10.1101/lm.5.3.231,same (identical sets),1,1
10.1101/lm.94105,overlap (some in common),2,1
10.1108/jed-06-2019-0002,same (identical sets),1,1
10.1109/apsec.2015.51,same (identical sets),1,1
10.1109/cbms.2016.80,same (identical sets),1,1
10.1109/cbms.2017.60,same (identical sets),1,1
10.1109/compsac.2013.82,different (one each),1,1
10.1109/icsme58846.2023.00031,same (identical sets),1,1
10.1109/issre.2007.14,same (identical sets),1,1
10.1109/iwsm-mensura.2016.039,same (identical sets),1,1
10.1109/tnsre.2020.2974272,same (identical sets),1,1
10.1109/wcre.2013.6671286,same (identical sets),1,1
10.1111/1440-1630.12112,same (identical sets),1,1
10.1111/1460-6984.12493,same (identical sets),1,1
10.1111/1540-4781.00152,different (one each),1,1
10.1111/acer.12265,different (one each),1,1
10.1111/acer.12280,same (identical sets),3,3
10.1111/acer.12779,same (identical sets),1,1
10.1111/acps.12959,different (one each),1,1
10.1111/bcpt.12070,same (identical sets),1,1
10.1111/bjdp.12216,different (one each),1,1
10.1111/bjhp.12556,same (identical sets),1,1
10.1111/bjop.12496,same (identical sets),1,1
10.1111/bjop.12767,different (one each),1,1
10.1111/bjso.12612,same (identical sets),1,1
10.1111/cogs.12368,same (identical sets),2,2
10.1111/cogs.12721,different (one each),1,1
10.1111/desc.13100,same (identical sets),1,1
10.1111/desc.13399,different (one each),1,1
10.1111/ejn.15353,same (identical sets),1,1
10.1111/ejn.15512,different (one each),1,1
10.1111/famp.12710,same (identical sets),1,1
10.1111/gbb.12012,same (identical sets),1,1
10.1111/gbb.12095,same (identical sets),1,1
10.1111/gbb.12213,same (identical sets),1,1
10.1111/gbb.12254,same (identical sets),1,1
10.1111/gbb.12286,same (identical sets),1,1
10.1111/gbb.12296,same (identical sets),1,1
10.1111/gbb.12874,same (identical sets),1,1
10.1111/head.12240,same (identical sets),3,3
10.1111/head.12329,same (identical sets),1,1
10.1111/head.12807,same (identical sets),2,2
10.1111/ijsa.12095,overlap (some in common),2,1
10.1111/j.0023-8333.2006.00348.x,same (identical sets),1,1
10.1111/j.1360-0443.1988.tb00507.x,same (identical sets),1,1
10.1111/j.1365-2516.2010.02473.x,same (identical sets),1,1
10.1111/j.1365-2648.1989.tb01484.x,same (identical sets),1,1
10.1111/j.1365-2648.2009.04964.x,same (identical sets),1,1
10.1111/j.1365-2788.2005.00742.x,theirs: no original DOI,1,0
10.1111/j.1365-2850.2008.01294.x,theirs: no original DOI,1,0
10.1111/j.1398-9995.2008.01699.x,same (identical sets),1,1
10.1111/j.1467-1770.1996.tb01354.x,different (several),2,1
10.1111/j.1467-7687.2007.00635.x,same (identical sets),1,1
10.1111/j.1467-7687.2008.00781.x,same (identical sets),1,1
10.1111/j.1467-9922.2012.00693.x,same (identical sets),1,1
10.1111/j.1468-1331.2012.03879.x,same (identical sets),1,1
10.1111/j.1469-1809.2009.00509.x,same (identical sets),1,1
10.1111/j.1469-7610.2011.02452.x,same (identical sets),1,1
10.1111/j.1469-8986.1993.tb02088.x,same (identical sets),1,1
10.1111/j.1469-8986.2005.00367.x,same (identical sets),1,1
10.1111/j.1476-5381.2009.00584.x,same (identical sets),1,1
10.1111/j.1526-4610.1992.hed3205239.x,same (identical sets),1,1
10.1111/j.1528-1157.1998.tb01441.x,same (identical sets),1,1
10.1111/j.1532-5415.1989.tb06814.x,same (identical sets),1,1
10.1111/j.1533-8525.1967.tb01054.x,same (identical sets),1,1
10.1111/j.1538-4616.2011.00406.x,same (identical sets),1,1
10.1111/j.1540-4781.1995.tb01114.x,different (one each),1,1
10.1111/j.1540-4781.2006.00384.x,different (one each),1,1
10.1111/j.1542-4774.2011.01043.x,different (one each),1,1
10.1111/j.1547-5069.2006.00093.x,same (identical sets),1,1
10.1111/j.1600-0404.2005.00433.x,same (identical sets),1,1
10.1111/j.1600-0447.1978.tb00238.x,same (identical sets),1,1
10.1111/j.1600-0447.1993.tb03464.x,same (identical sets),1,1
10.1111/j.1600-0447.2006.00868.x,same (identical sets),1,1
10.1111/j.1600-0447.2007.01149.x,same (identical sets),1,1
10.1111/j.1601-183x.2010.00649.x,same (identical sets),1,1
10.1111/j.1741-3737.2006.00343.x,same (identical sets),1,1
10.1111/j.1743-6109.2011.02453.x,same (identical sets),1,1
10.1111/j.1748-0361.2005.tb00079.x,same (identical sets),1,1
10.1111/j.1752-0606.2009.00164.x,same (identical sets),1,1
10.1111/j.1944-9720.2004.tb02174.x,same (identical sets),1,1
10.1111/j.1944-9720.2004.tb02199.x,same (identical sets),1,1
10.1111/j.1944-9720.2008.tb03311.x,same (identical sets),1,1
10.1111/j.2044-8260.1998.tb01292.x,same (identical sets),1,1
10.1111/j.2044-8295.1974.tb01403.x,overlap (some in common),2,1
10.1111/j.2044-8341.1993.tb01764.x,same (identical sets),3,3
10.1111/jabr.12029,different (one each),1,1
10.1111/jan.16929,theirs: no original DOI,1,0
10.1111/jar.70111,same (identical sets),1,1
10.1111/jcpe.12375,same (identical sets),1,1
10.1111/jcpp.13229,same (identical sets),1,1
10.1111/jcpp.13682,different (one each),1,1
10.1111/jdi.12017,same (identical sets),1,1
10.1111/jmft.12383,same (identical sets),1,1
10.1111/jns.12110,same (identical sets),1,1
10.1111/jnu.12713,same (identical sets),1,1
10.1111/jofi.13063,different (one each),1,1
10.1111/joor.12280,same (identical sets),1,1
10.1111/jopy.12500,same (identical sets),1,1
10.1111/jpr.12581,same (identical sets),1,1
10.1111/jsr.12644,same (identical sets),1,1
10.1111/jsr.12749,same (identical sets),1,1
10.1111/lang.12149,same (identical sets),1,1
10.1111/psyp.12176,same (identical sets),1,1
10.1111/psyp.14496,same (identical sets),1,1
10.1111/psyp.14695,same (identical sets),1,1
10.1111/sjop.12462,same (identical sets),2,2
10.1111/sjop.12816,different (one each),1,1
10.1111/sltb.12469,same (identical sets),1,1
10.1111/spsr.12479,different (one each),1,1
10.1121/1.3089220,same (identical sets),1,1
10.1121/10.0015093,same (identical sets),1,1
10.1123/jpah.5.1.19,same (identical sets),1,1
10.1126/sciadv.aaz0652,same (identical sets),1,1
10.1126/science.150.3704.1749.b,theirs: no original DOI,1,0
10.1128/aac.49.6.2180-2188.2005,same (identical sets),1,1
10.1128/jvi.02160-24,same (identical sets),1,1
10.1136/bjsports-2014-094114.83,theirs: no original DOI,1,0
10.1136/bmjebm-2020-111386,same (identical sets),1,1
10.1136/bmjopen-2014-004952,same (identical sets),1,1
10.1136/jech-2015-206698,same (identical sets),1,1
10.1136/jmg.2008.061457,same (identical sets),2,2
10.1136/jmg.2008.062992,overlap (some in common),2,1
10.1136/jmg.2008.064063,overlap (some in common),2,3
10.1136/jmg.2009.067041,same (identical sets),1,1
10.1136/jmg.35.12.1034,same (identical sets),1,1
10.1136/jnnp.74.7.857,same (identical sets),1,1
10.1136/jnnp.74.7.985,same (identical sets),2,2
10.1136/thx.2010.138743,same (identical sets),1,1
10.1142/s0218194011005335,same (identical sets),1,1
10.1145/2676467.2676484,same (identical sets),1,1
10.1145/2915970.2915983,different (one each),1,1
10.1145/3194104.3194110,same (identical sets),1,1
10.1145/3486011.3486428,same (identical sets),1,1
10.1145/3629479.3629495,same (identical sets),1,1
10.1145/3696630.3728722,same (identical sets),1,1
10.1145/3728983,same (identical sets),1,1
10.1152/advan.00040.2018,overlap (some in common),1,2
10.1152/ajpheart.00330.2023,same (identical sets),1,1
10.1152/jn.00361.2019,same (identical sets),1,1
10.1152/physiolgenomics.00019.2023,same (identical sets),1,1
10.1152/physiolgenomics.00085.2017,overlap (some in common),1,2
10.1155/2015/904585,same (identical sets),2,2
10.1155/2021/6698979,same (identical sets),1,1
10.1155/2023/8898498,same (identical sets),1,1
10.11575/prism/9551,same (identical sets),1,1
10.11575/prism/9819,overlap (some in common),2,1
10.1158/1055-9965.epi-08-0241,same (identical sets),1,1
10.1158/1055-9965.epi-08-0327,same (identical sets),1,1
10.1158/1055-9965.epi-08-1223,overlap (some in common),7,7
10.1158/1055-9965.epi-09-0861,same (identical sets),1,1
10.1158/1055-9965.epi-11-0053,same (identical sets),1,1
10.1158/1055-9965.epi-11-0396,same (identical sets),1,1
10.1158/1055-9965.epi-14-0753,same (identical sets),1,1
10.1158/1055-9965.epi-22-0069,same (identical sets),1,1
10.1159/000012254,same (identical sets),2,2
10.1159/000049331,overlap (some in common),1,2
10.1159/000079976,same (identical sets),1,1
10.1159/000117595,same (identical sets),1,1
10.1159/000181154,overlap (some in common),1,2
10.1159/000331585,same (identical sets),1,1
10.1161/circgenetics.108.819326,same (identical sets),1,1
10.1161/jaha.112.005421,overlap (some in common),1,2
10.1161/jaha.115.001980,same (identical sets),1,1
10.1161/strokeaha.107.483115,same (identical sets),1,1
10.1162/jocn_a_02320,same (identical sets),1,1
10.1162/nol.a.15,same (identical sets),1,1
10.1163/22134808-00002573,overlap (some in common),1,2
10.1167/10.14.30,same (identical sets),1,1
10.1167/15.10.3,same (identical sets),1,1
10.1167/15.4.12,overlap (some in common),2,1
10.1167/8.1.1,different (one each),1,1
10.1167/iovs.08-2382,different (one each),1,1
10.1167/iovs.11-7914,same (identical sets),1,1
10.1167/iovs.11-8068,same (identical sets),1,1
10.1167/iovs.14-15105,same (identical sets),2,2
10.1167/jov.20.9.13,same (identical sets),1,1
10.1175/wcas-d-20-0023.1,same (identical sets),1,1
10.1176/ajp.153.11.1484,overlap (some in common),2,1
10.1176/ajp.154.4.551,same (identical sets),1,1
10.1176/appi.ajp.158.8.1314,overlap (some in common),1,2
10.1176/appi.ajp.20220271,same (identical sets),1,1
10.1177/0020764012447884,same (identical sets),1,1
10.1177/0022022100031003001,different (one each),1,1
10.1177/00238309070500010201,same (identical sets),1,1
10.1177/00315125211019704,same (identical sets),1,1
10.1177/00315125241291266,same (identical sets),1,1
10.1177/008124630303300307,different (one each),1,1
10.1177/0145445515580533,same (identical sets),1,1
10.1177/014662167700100406,same (identical sets),1,1
10.1177/026765838900500103,same (identical sets),1,1
10.1177/0269881119874457,same (identical sets),1,1
10.1177/0269881120953994,same (identical sets),1,1
10.1177/02698811241279022,same (identical sets),2,2
10.1177/0271678x16673646,same (identical sets),1,1
10.1177/027347538901100307,same (identical sets),1,1
10.1177/03010066221096987,same (identical sets),1,1
10.1177/03057356211031663,same (identical sets),1,1
10.1177/0333102411421025,overlap (some in common),4,2
10.1177/0333102412457090,same (identical sets),1,1
10.1177/0363546520946056,same (identical sets),1,1
10.1177/0739986312446290,same (identical sets),1,1
10.1177/0741713694045001003,same (identical sets),1,1
10.1177/074823370001600604,same (identical sets),1,1
10.1177/0886260518814267,same (identical sets),1,1
10.1177/0899764011404081,same (identical sets),1,1
10.1177/0956797619896270,same (identical sets),2,2
10.1177/10422587231211005,same (identical sets),1,1
10.1177/1043986218769989,same (identical sets),1,1
10.1177/10497315231218646,same (identical sets),1,1
10.1177/106939719502900203,same (identical sets),1,1
10.1177/1073191102238150,same (identical sets),2,2
10.1177/10870547251314924,same (identical sets),1,1
10.1177/1091142114537891,same (identical sets),1,1
10.1177/1091142114537893,same (identical sets),1,1
10.1177/1091142114537895,same (identical sets),1,1
10.1177/1091142114553785,same (identical sets),1,1
10.1177/1091142115605380,same (identical sets),1,1
10.1177/1091142118765788,same (identical sets),1,1
10.1177/10911421221101690,same (identical sets),1,1
10.1177/1352458509106509,same (identical sets),1,1
10.1177/1352458517720528,same (identical sets),1,1
10.1177/1359105320946389,same (identical sets),1,1
10.1177/13872877251315044,same (identical sets),1,1
10.1177/1461444819874472,same (identical sets),1,1
10.1177/1474704920960450,same (identical sets),1,1
10.1177/1524839907307884,same (identical sets),1,1
10.1177/1526924816641814,different (one each),1,1
10.1177/153331750001500309,theirs: no original DOI,1,0
10.1177/153944928900900404,different (one each),1,1
10.1177/15480518241227660,same (identical sets),1,1
10.1177/155005949402500207,same (identical sets),1,1
10.1177/1744806918825046,same (identical sets),1,1
10.1177/1745691616652873,same (identical sets),1,1
10.1177/1747021819895472,same (identical sets),1,1
10.1177/1747021820915107,same (identical sets),1,1
10.1177/1747021820980301,same (identical sets),1,1
10.1177/17470218221097047,overlap (some in common),2,3
10.1177/17470218221126635,same (identical sets),2,2
10.1177/17470218221137007,same (identical sets),1,1
10.1177/17470218241230812,same (identical sets),1,1
10.1177/17470218241240983,same (identical sets),1,1
10.1177/17470218241269272,same (identical sets),1,1
10.1177/17470218251369493,same (identical sets),1,1
10.1177/17470218251408811,same (identical sets),1,1
10.1177/1759720x211059614,same (identical sets),1,1
10.1177/1948550619887702,different (one each),1,1
10.1177/2041669516663750,same (identical sets),1,1
10.1177/20531680241310002,same (identical sets),1,1
10.1182/blood-2016-07-728063,overlap (some in common),2,18
10.1185/03007995.2011.609540,same (identical sets),1,1
10.1186/1471-2148-9-5,same (identical sets),1,1
10.1186/1471-2350-13-27,overlap (some in common),3,1
10.1186/1471-2350-15-38,same (identical sets),3,3
10.1186/1471-2350-6-13,same (identical sets),1,1
10.1186/1471-2369-15-154,overlap (some in common),1,3
10.1186/1471-244x-11-103,overlap (some in common),3,3
10.1186/1471-2458-8-120,same (identical sets),1,1
10.1186/1471-2474-9-19,same (identical sets),1,1
10.1186/1476-511x-11-155,overlap (some in common),2,3
10.1186/1477-5751-5-18,same (identical sets),1,1
10.1186/1478-7954-7-17,same (identical sets),1,1
10.1186/1546-0096-12-53,same (identical sets),1,1
10.1186/1742-2094-3-33,same (identical sets),1,1
10.1186/1742-2094-6-22,same (identical sets),1,1
10.1186/1744-9081-2-39,same (identical sets),1,1
10.1186/1744-9081-6-1,same (identical sets),1,1
10.1186/1748-7161-8-s2-o2,overlap (some in common),2,2
10.1186/2040-2392-1-8,different (several),2,1
10.1186/2040-2392-5-14,overlap (some in common),1,2
10.1186/ar2423,different (one each),1,1
10.1186/ar2654,same (identical sets),1,1
10.1186/ar4504,different (one each),1,1
10.1186/s10194-024-01865-5,same (identical sets),1,1
10.1186/s12864-022-08451-6,overlap (some in common),1,4
10.1186/s12881-014-0102-9,different (one each),1,1
10.1186/s12881-014-0131-4,same (identical sets),1,1
10.1186/s12881-015-0160-7,same (identical sets),1,1
10.1186/s12881-016-0278-2,same (identical sets),1,1
10.1186/s12881-018-0637-2,same (identical sets),1,1
10.1186/s12888-022-04380-6,same (identical sets),1,1
10.1186/s12891-017-1731-x,same (identical sets),1,1
10.1186/s12916-020-01518-9,same (identical sets),1,1
10.1186/s12920-020-00854-2,same (identical sets),1,1
10.1186/s12952-015-0029-5,same (identical sets),1,1
10.1186/s12955-019-1216-8,same (identical sets),1,1
10.1186/s12967-018-1488-5,same (identical sets),1,1
10.1186/s12967-025-06535-x,different (one each),1,1
10.1186/s13017-018-0214-1,same (identical sets),1,1
10.1186/s13058-024-01955-x,overlap (some in common),1,5
10.1186/s13075-023-03180-x,same (identical sets),1,1
10.1186/s13098-023-01044-7,overlap (some in common),1,2
10.1186/s13098-023-01204-9,overlap (some in common),1,7
10.1186/s13104-016-2324-8,same (identical sets),1,1
10.1186/s13104-017-2610-0,same (identical sets),1,1
10.1186/s13104-019-4477-8,same (identical sets),2,2
10.1186/s13104-019-4590-8,same (identical sets),1,1
10.1186/s13148-022-01296-6,same (identical sets),1,1
10.1186/s13229-018-0188-6,same (identical sets),1,1
10.1186/s13229-025-00654-4,same (identical sets),1,1
10.1186/s13293-015-0026-x,overlap (some in common),2,2
10.1186/s40064-016-2303-5,same (identical sets),1,1
10.1186/s40359-016-0127-2,different (one each),1,1
10.1186/s40359-020-00414-4,same (identical sets),1,1
10.1186/s40359-021-00536-3,different (several),1,2
10.1186/s40359-022-00982-7,overlap (some in common),1,2
10.1186/s40359-024-02194-7,same (identical sets),1,1
10.1186/s40479-017-0077-1,same (identical sets),1,1
10.1186/s41235-018-0101-z,same (identical sets),1,1
10.1186/s41235-020-00260-3,same (identical sets),1,1
10.1186/s41235-022-00372-y,overlap (some in common),3,4
10.1186/s41235-022-00388-4,same (identical sets),1,1
10.1186/s41235-023-00466-1,same (identical sets),1,1
10.1186/s41235-025-00645-2,same (identical sets),1,1
10.1186/s41235-025-00655-0,same (identical sets),1,1
10.1186/s41235-025-00703-9,overlap (some in common),2,1
10.1191/0265532206lt332oa,different (one each),1,1
10.1191/026765899674429493,same (identical sets),1,1
10.1192/bjp.148.6.642,same (identical sets),1,1
10.1192/bjp.161.1.55,theirs: no original DOI,1,0
10.1192/bjp.179.1.46,same (identical sets),1,1
10.1192/bjp.186.4.319,same (identical sets),1,1
10.1192/bjp.bp.110.086991,same (identical sets),1,1
10.1200/jco.2005.05.193,same (identical sets),1,1
10.1200/jco.2007.10.8894,same (identical sets),1,1
10.1207/s15327671espr0903_4,same (identical sets),1,1
10.1207/s15327752jpa3905_8,same (identical sets),1,1
10.1207/s15327752jpa4905_11,overlap (some in common),1,2
10.1207/s15327906mbr0104_1,different (one each),1,1
10.1207/s15374424jccp3204_10,same (identical sets),1,1
10.1210/jc.2007-1712,same (identical sets),1,1
10.1210/jc.2008-0718,overlap (some in common),2,2
10.1210/jc.2009-0931,same (identical sets),1,1
10.1212/01.wnl.0000137051.33486.c7,same (identical sets),1,1
10.1212/01.wnl.0000247672.41736.bd,overlap (some in common),2,2
10.1212/wnl.0000000000000855,overlap (some in common),2,1
10.1212/wnl.0000000000200346,same (identical sets),1,1
10.1212/wnl.0b013e31826c1ab7,different (one each),1,1
10.1257/aer.20141440,overlap (some in common),2,1
10.1257/aer.97.5.2026,same (identical sets),1,1
10.12688/f1000research.2-140.v1,same (identical sets),1,1
10.12688/f1000research.5676.2,same (identical sets),2,2
10.12688/f1000research.77430.2,same (identical sets),1,1
10.1287/mnsc.2022.4484,overlap (some in common),2,2
10.13182/fst90-a29305,overlap (some in common),3,2
10.1348/135910705x26722,same (identical sets),1,1
10.1352/0895-8017(2007)112[40:eomiof]2.0.co;2,same (identical sets),1,1
10.1371/journal.pbio.0030315,same (identical sets),1,1
10.1371/journal.pgen.1009564,same (identical sets),4,4
10.1371/journal.pgen.1011192,different (one each),1,1
10.1371/journal.pone.0004137,overlap (some in common),1,2
10.1371/journal.pone.0007494,same (identical sets),1,1
10.1371/journal.pone.0011761,overlap (some in common),4,3
10.1371/journal.pone.0018813,same (identical sets),1,1
10.1371/journal.pone.0022070,different (one each),1,1
10.1371/journal.pone.0023371,same (identical sets),1,1
10.1371/journal.pone.0025057,overlap (some in common),3,2
10.1371/journal.pone.0025429,same (identical sets),1,1
10.1371/journal.pone.0030237,same (identical sets),1,1
10.1371/journal.pone.0030320,overlap (some in common),1,2
10.1371/journal.pone.0032045,overlap (some in common),2,1
10.1371/journal.pone.0033318,overlap (some in common),2,1
10.1371/journal.pone.0035851,same (identical sets),1,1
10.1371/journal.pone.0038849,same (identical sets),1,1
10.1371/journal.pone.0044424,overlap (some in common),5,1
10.1371/journal.pone.0046385,same (identical sets),1,1
10.1371/journal.pone.0051382,overlap (some in common),3,4
10.1371/journal.pone.0051876,same (identical sets),1,1
10.1371/journal.pone.0055208,same (identical sets),1,1
10.1371/journal.pone.0056732,different (one each),1,1
10.1371/journal.pone.0057410,overlap (some in common),2,8
10.1371/journal.pone.0058048,overlap (some in common),1,2
10.1371/journal.pone.0060231,same (identical sets),3,3
10.1371/journal.pone.0060433,same (identical sets),1,1
10.1371/journal.pone.0063469,overlap (some in common),1,4
10.1371/journal.pone.0077006,overlap (some in common),1,2
10.1371/journal.pone.0086462,different (one each),1,1
10.1371/journal.pone.0091690,same (identical sets),1,1
10.1371/journal.pone.0094096,same (identical sets),1,1
10.1371/journal.pone.0094223,same (identical sets),1,1
10.1371/journal.pone.0095045,different (one each),1,1
10.1371/journal.pone.0095431,same (identical sets),1,1
10.1371/journal.pone.0097417,overlap (some in common),2,2
10.1371/journal.pone.0101784,overlap (some in common),1,3
10.1371/journal.pone.0112563,same (identical sets),1,1
10.1371/journal.pone.0114614,same (identical sets),1,1
10.1371/journal.pone.0115756,same (identical sets),1,1
10.1371/journal.pone.0121744,same (identical sets),1,1
10.1371/journal.pone.0124170,same (identical sets),1,1
10.1371/journal.pone.0126363,same (identical sets),2,2
10.1371/journal.pone.0132885,same (identical sets),1,1
10.1371/journal.pone.0133430,same (identical sets),1,1
10.1371/journal.pone.0137499,same (identical sets),1,1
10.1371/journal.pone.0147939,same (identical sets),1,1
10.1371/journal.pone.0152212,same (identical sets),1,1
10.1371/journal.pone.0155554,different (several),3,1
10.1371/journal.pone.0162449,same (identical sets),1,1
10.1371/journal.pone.0165665,same (identical sets),1,1
10.1371/journal.pone.0170216,same (identical sets),1,1
10.1371/journal.pone.0171305,same (identical sets),1,1
10.1371/journal.pone.0175538,same (identical sets),1,1
10.1371/journal.pone.0180753,same (identical sets),1,1
10.1371/journal.pone.0188891,overlap (some in common),2,4
10.1371/journal.pone.0193770,same (identical sets),1,1
10.1371/journal.pone.0194101,different (several),1,2
10.1371/journal.pone.0200151,same (identical sets),3,3
10.1371/journal.pone.0201655,same (identical sets),1,1
10.1371/journal.pone.0201780,overlap (some in common),3,2
10.1371/journal.pone.0208128,same (identical sets),1,1
10.1371/journal.pone.0209368,overlap (some in common),2,1
10.1371/journal.pone.0209584,same (identical sets),1,1
10.1371/journal.pone.0210327,same (identical sets),1,1
10.1371/journal.pone.0210405,same (identical sets),1,1
10.1371/journal.pone.0217436,different (one each),1,1
10.1371/journal.pone.0217541,same (identical sets),1,1
10.1371/journal.pone.0219409,same (identical sets),1,1
10.1371/journal.pone.0226237,overlap (some in common),1,2
10.1371/journal.pone.0227629,different (several),1,2
10.1371/journal.pone.0233614,same (identical sets),1,1
10.1371/journal.pone.0233904,same (identical sets),1,1
10.1371/journal.pone.0233948,same (identical sets),1,1
10.1371/journal.pone.0235595,same (identical sets),1,1
10.1371/journal.pone.0237829,same (identical sets),1,1
10.1371/journal.pone.0238554,same (identical sets),2,2
10.1371/journal.pone.0239817,same (identical sets),1,1
10.1371/journal.pone.0242262,same (identical sets),1,1
10.1371/journal.pone.0244110,different (one each),1,1
10.1371/journal.pone.0244189,overlap (some in common),3,1
10.1371/journal.pone.0246058,same (identical sets),1,1
10.1371/journal.pone.0252457,same (identical sets),1,1
10.1371/journal.pone.0255424,different (one each),1,1
10.1371/journal.pone.0255484,different (one each),1,1
10.1371/journal.pone.0255531,overlap (some in common),1,3
10.1371/journal.pone.0259424,same (identical sets),1,1
10.1371/journal.pone.0262026,same (identical sets),1,1
10.1371/journal.pone.0262902,different (several),1,2
10.1371/journal.pone.0263879,different (one each),1,1
10.1371/journal.pone.0266171,same (identical sets),1,1
10.1371/journal.pone.0279686,overlap (some in common),2,1
10.1371/journal.pone.0283301,same (identical sets),1,1
10.1371/journal.pone.0284035,overlap (some in common),2,1
10.1371/journal.pone.0285564,overlap (some in common),1,3
10.1371/journal.pone.0287542,overlap (some in common),3,2
10.1371/journal.pone.0287837,same (identical sets),1,1
10.1371/journal.pone.0289062,same (identical sets),1,1
10.1371/journal.pone.0289741,same (identical sets),1,1
10.1371/journal.pone.0298503,same (identical sets),1,1
10.1371/journal.pone.0303918,same (identical sets),1,1
10.1371/journal.pone.0312088,different (one each),1,1
10.1371/journal.pone.0313726,overlap (some in common),1,2
10.1371/journal.pone.0317566,same (identical sets),1,1
10.1371/journal.pone.0321956,same (identical sets),1,1
10.1371/journal.pone.0330681,same (identical sets),1,1
10.1371/journal.pone.0332478,different (one each),1,1
10.14814/phy2.12300,same (identical sets),1,1
10.14814/phy2.13561,overlap (some in common),1,2
10.1503/jpn.220226,same (identical sets),1,1
10.1515/comm.2001.26.3.267,same (identical sets),1,1
10.1515/cti-2022-0032,different (one each),1,1
10.1515/iss-2017-0040,same (identical sets),1,1
10.1515/jbnst-2014-0504,same (identical sets),1,1
10.1519/jsc.0000000000003304,same (identical sets),3,3
10.15195/v2.a20,same (identical sets),1,1
10.1521/aeap.2007.19.3.258,same (identical sets),1,1
10.1521/pedi_2018_32_357,same (identical sets),1,1
10.1523/eneuro.0281-16.2016,overlap (some in common),1,4
10.1523/eneuro.0306-19.2019,same (identical sets),1,1
10.1523/eneuro.0332-19.2020,different (one each),1,1
10.1523/eneuro.0430-21.2022,same (identical sets),1,1
10.1523/jneurosci.1789-22.2023,same (identical sets),1,1
10.1523/jneurosci.21-16-06292.2001,same (identical sets),1,1
10.1523/jneurosci.3184-18.2019,same (identical sets),1,1
10.1523/jneurosci.3292-11.2011,same (identical sets),1,1
10.1523/jneurosci.4000-14.2015,overlap (some in common),4,1
10.1525/collabra.130791,same (identical sets),1,1
10.1525/collabra.31036,same (identical sets),1,1
10.15288/jsa.1983.44.748,same (identical sets),1,1
10.15288/jsa.1987.48.502,same (identical sets),1,1
10.15288/jsad.2016.77.958,overlap (some in common),5,5
10.15298/arthsel.30.1.04,same (identical sets),1,1
10.1534/g3.117.300366,different (one each),1,1
10.1534/genetics.106.067108,same (identical sets),1,1
10.15626/mp.2019.1633,same (identical sets),2,2
10.15626/mp.2020.2628,overlap (some in common),2,3
10.15653/tpg-140231,same (identical sets),1,1
10.1590/1516-3180.2017.0015240217,same (identical sets),1,1
10.1609/aaai.v39i25.34818,overlap (some in common),16,22
10.16875/stem.2012.13.3.105,same (identical sets),1,1
10.16910/jemr.10.4.6,same (identical sets),1,1
10.16910/jemr.12.4.10,different (one each),1,1
10.17605/osf.io/73pnd,same (identical sets),1,1
10.17605/osf.io/acykd,same (identical sets),1,1
10.17605/osf.io/cy89g,same (identical sets),1,1
10.17605/osf.io/wd7zv,same (identical sets),1,1
10.17705/1atrr.00034,same (identical sets),1,1
10.17705/1atrr.00041,same (identical sets),1,1
10.18409/urjiit.vi1.77,same (identical sets),1,1
10.18632/oncotarget.12903,different (one each),1,1
10.18632/oncotarget.9422,same (identical sets),1,1
10.18653/v1/2021.inlg-1.29,same (identical sets),1,1
10.18653/v1/d17-1136,overlap (some in common),7,1
10.18718/81781.15,same (identical sets),1,1
10.18718/81781.8,same (identical sets),1,1
10.18718/81781.9,same (identical sets),1,1
10.1901/jaba.1979.12-211,same (identical sets),1,1
10.1901/jaba.1985.18-61,same (identical sets),1,1
10.1901/jaba.1989.22-325,same (identical sets),1,1
10.1901/jaba.1991.24-53,same (identical sets),1,1
10.1901/jaba.1991.24-537,same (identical sets),1,1
10.1901/jaba.1993.26-461,overlap (some in common),1,2
10.1901/jaba.1994.27-179,same (identical sets),2,2
10.1901/jaba.1994.27-63,same (identical sets),1,1
10.1901/jaba.2000.33-239,different (one each),1,1
10.1901/jaba.2001.34-61,same (identical sets),1,1
10.1901/jaba.2002.35-89,same (identical sets),1,1
10.1901/jaba.2006.170-04,same (identical sets),1,1
10.1901/jaba.2007.40-559,same (identical sets),1,1
10.1901/jaba.2011.44-169,same (identical sets),1,1
10.1901/jeab.1975.24-191,same (identical sets),2,2
10.1901/jeab.1985.44-185,same (identical sets),1,1
10.1901/jeab.2003.80-261,same (identical sets),1,1
10.1901/jeab.2009.91-143,overlap (some in common),1,2
10.1901/jeab.2010.94-13,same (identical sets),1,1
10.1901/jeab.2012.98-169,same (identical sets),1,1
10.2130/jjesp.2218,same (identical sets),1,1
10.2147/ndt.s33679,same (identical sets),1,1
10.2147/nss.s7040,overlap (some in common),1,2
10.2147/prbm.s406523,overlap (some in common),1,2
10.21801/ppcrj.2024.102.3,same (identical sets),1,1
10.2188/jea.11.281,different (one each),1,1
10.2190/2bej-t9m9-mnja-l64l,same (identical sets),1,1
10.2196/18963,same (identical sets),1,1
10.2217/pgs.15.162,different (several),2,2
10.2217/pgs.16.16,same (identical sets),1,1
10.22330/001c.120681,same (identical sets),1,1
10.2307/1132137,same (identical sets),2,2
10.2307/145812,overlap (some in common),2,1
10.2307/40264303,same (identical sets),1,1
10.2307/747555,same (identical sets),1,1
10.2337/db07-1365,same (identical sets),1,1
10.2337/db08-0719,overlap (some in common),2,1
10.2337/diabetes.53.11.3020,same (identical sets),1,1
10.23846/rps0009,different (one each),1,1
10.23846/rps0012,same (identical sets),1,1
10.23846/rps0016,same (identical sets),1,1
10.23846/rps0022,same (identical sets),1,1
10.23846/rps0023,same (identical sets),1,1
10.23846/rps0026,same (identical sets),1,1
10.2466/04.09.21.pr0.108.2.477-486,same (identical sets),1,1
10.2466/pms.102.1.73-74,same (identical sets),1,1
10.2466/pms.1967.25.3.965,same (identical sets),1,1
10.2466/pms.1968.26.2.559,different (several),2,2
10.2466/pms.1988.66.2.419,same (identical sets),1,1
10.2466/pms.1989.68.1.157,theirs: no original DOI,1,0
10.2466/pms.1994.79.1.384,same (identical sets),1,1
10.2466/pms.2000.91.3.821,same (identical sets),1,1
10.2466/pms.2002.94.3.867,same (identical sets),1,1
10.2466/pms.2003.96.1.25,same (identical sets),1,1
10.2466/pms.2003.97.2.384,theirs: no original DOI,1,0
10.2466/pr0.104.2.500-508,same (identical sets),1,1
10.2466/pr0.1962.10.2.459,different (one each),1,1
10.2466/pr0.1967.20.3c.1023,overlap (some in common),1,2
10.2466/pr0.1971.29.3f.1223,same (identical sets),1,1
10.2466/pr0.1979.45.3.880,same (identical sets),1,1
10.2466/pr0.1990.66.2.407,different (one each),1,1
10.2466/pr0.1994.74.2.380,same (identical sets),1,1
10.2466/pr0.1997.81.3.1017,same (identical sets),1,1
10.2466/pr0.2000.87.2.493,same (identical sets),1,1
10.2466/pr0.2002.91.3.722,different (one each),1,1
10.2466/pr0.94.2.733-735,different (one each),1,1
10.2466/pr0.95.3f.1059-1071,different (one each),1,1
10.2478/jagi-2018-0001,same (identical sets),1,1
10.26451/abc.08.02.08.2021,overlap (some in common),4,1
10.30773/pi.2018.11.12.2,same (identical sets),1,1
10.3102/00028312016004341,same (identical sets),1,1
10.3109/00952998509016849,theirs: no original DOI,1,0
10.3109/0142159x.2015.1132409,overlap (some in common),2,1
10.3109/07357907.2011.630052,different (one each),1,1
10.3109/10428194.2014.910775,same (identical sets),1,1
10.3109/10826088909047295,same (identical sets),1,1
10.3109/14659891.2014.980862,same (identical sets),1,1
10.3109/14659899709081968,same (identical sets),1,1
10.3109/15412555.2014.908831,overlap (some in common),2,1
10.3109/17482968.2012.704926,same (identical sets),1,1
10.31234/osf.io/esu9z,same (identical sets),1,1
10.31234/osf.io/gd6ej,same (identical sets),1,1
10.31234/osf.io/jfmsz,same (identical sets),1,1
10.31234/osf.io/ux8ef,different (several),2,1
10.3201/eid1903.121029,same (identical sets),1,1
10.3233/blc-150027,overlap (some in common),12,4
10.3233/jad-122395,same (identical sets),1,1
10.3233/jad-132432,different (one each),1,1
10.3233/jad-2009-1200,same (identical sets),1,1
10.3233/jad-2011-111847,same (identical sets),1,1
10.3233/jad-2012-112123,same (identical sets),1,1
10.3233/jem-2007-0268,same (identical sets),1,1
10.3238/arztebl.2020.0347,overlap (some in common),1,2
10.32601/ejal.460588,same (identical sets),1,1
10.32872/cpe.7679,same (identical sets),1,1
10.3324/haematol.2010.022459,same (identical sets),2,2
10.3357/asem.3172.2012,same (identical sets),1,1
10.3386/w12607,different (several),2,1
10.3389/fcomm.2022.1017362,same (identical sets),1,1
10.3389/fendo.2020.00231,same (identical sets),1,1
10.3389/fgene.2018.00363,same (identical sets),1,1
10.3389/fgene.2020.00827,different (one each),1,1
10.3389/fnagi.2021.702810,overlap (some in common),3,1
10.3389/fnbeh.2020.00128,overlap (some in common),1,2
10.3389/fnbeh.2025.1555081,overlap (some in common),2,1
10.3389/fncel.2025.1681881,overlap (some in common),1,2
10.3389/fneur.2019.00884,same (identical sets),1,1
10.3389/fnhum.2013.00817,same (identical sets),1,1
10.3389/fnhum.2015.00028,same (identical sets),1,1
10.3389/fnhum.2018.00472,same (identical sets),1,1
10.3389/fnhum.2019.00309,same (identical sets),1,1
10.3389/fnhum.2020.00230,different (several),2,1
10.3389/fnhum.2020.00265,same (identical sets),1,1
10.3389/fnhum.2021.629648,same (identical sets),1,1
10.3389/fnhum.2022.997230,same (identical sets),1,1
10.3389/fnhum.2023.1233594,overlap (some in common),2,1
10.3389/fnins.2016.00531,same (identical sets),1,1
10.3389/fnins.2017.00654,same (identical sets),1,1
10.3389/fnins.2019.00078,same (identical sets),2,2
10.3389/fnins.2019.01161,same (identical sets),1,1
10.3389/fnins.2020.00342,same (identical sets),1,1
10.3389/fnins.2023.1267611,same (identical sets),1,1
10.3389/fnint.2011.00048,same (identical sets),1,1
10.3389/fnint.2022.1041423,different (one each),1,1
10.3389/fnint.2022.847824,same (identical sets),1,1
10.3389/fnint.2022.974177,same (identical sets),1,1
10.3389/fnint.2023.935177,different (one each),1,1
10.3389/fnsys.2025.1547276,same (identical sets),1,1
10.3389/fonc.2023.1139347,same (identical sets),1,1
10.3389/fpsyg.2011.00274,same (identical sets),1,1
10.3389/fpsyg.2012.00056,same (identical sets),2,2
10.3389/fpsyg.2014.00754,overlap (some in common),1,2
10.3389/fpsyg.2014.00855,same (identical sets),1,1
10.3389/fpsyg.2014.01343,same (identical sets),2,2
10.3389/fpsyg.2015.01621,overlap (some in common),1,2
10.3389/fpsyg.2015.01982,same (identical sets),1,1
10.3389/fpsyg.2016.00396,same (identical sets),1,1
10.3389/fpsyg.2016.00994,different (one each),1,1
10.3389/fpsyg.2016.01646,same (identical sets),1,1
10.3389/fpsyg.2016.02081,overlap (some in common),1,2
10.3389/fpsyg.2017.00239,overlap (some in common),1,2
10.3389/fpsyg.2017.02362,different (one each),1,1
10.3389/fpsyg.2018.00258,same (identical sets),1,1
10.3389/fpsyg.2018.00398,overlap (some in common),5,2
10.3389/fpsyg.2018.00874,same (identical sets),1,1
10.3389/fpsyg.2018.02790,same (identical sets),1,1
10.3389/fpsyg.2019.00375,same (identical sets),1,1
10.3389/fpsyg.2019.01381,different (several),1,2
10.3389/fpsyg.2019.02086,same (identical sets),1,1
10.3389/fpsyg.2019.02474,same (identical sets),1,1
10.3389/fpsyg.2020.02090,same (identical sets),2,2
10.3389/fpsyg.2021.604843,overlap (some in common),1,2
10.3389/fpsyg.2021.612923,same (identical sets),2,2
10.3389/fpsyg.2021.623402,same (identical sets),1,1
10.3389/fpsyg.2021.662828,same (identical sets),1,1
10.3389/fpsyg.2021.696025,same (identical sets),1,1
10.3389/fpsyg.2021.711173,same (identical sets),1,1
10.3389/fpsyg.2022.1019272,overlap (some in common),2,1
10.3389/fpsyg.2022.932592,different (one each),1,1
10.3389/fpsyg.2023.1130632,same (identical sets),1,1
10.3389/fpsyg.2023.1135129,same (identical sets),1,1
10.3389/fpsyg.2023.1258359,same (identical sets),1,1
10.3389/fpsyg.2024.1472489,different (one each),1,1
10.3389/fpsyg.2025.1531759,same (identical sets),1,1
10.3389/fpsyt.2011.00069,same (identical sets),1,1
10.3389/fpsyt.2014.00087,same (identical sets),1,1
10.3389/fpsyt.2018.00639,same (identical sets),1,1
10.3389/fpsyt.2020.561564,same (identical sets),1,1
10.3389/fpsyt.2021.668152,different (one each),1,1
10.3389/fpsyt.2022.951065,same (identical sets),1,1
10.3389/fpsyt.2023.1238473,same (identical sets),1,1
10.3389/fpubh.2019.00127,same (identical sets),1,1
10.3390/ani9100835,same (identical sets),1,1
10.3390/biology11101417,same (identical sets),1,1
10.3390/brainsci11081059,same (identical sets),1,1
10.3390/brainsci12081061,same (identical sets),1,1
10.3390/brainsci12101299,same (identical sets),1,1
10.3390/brainsci12101367,same (identical sets),1,1
10.3390/brainsci14010107,same (identical sets),1,1
10.3390/brainsci15020176,same (identical sets),1,1
10.3390/bs15040487,overlap (some in common),2,1
10.3390/bs9010010,same (identical sets),1,1
10.3390/cells11203242,different (one each),1,1
10.3390/clockssleep7040068,same (identical sets),1,1
10.3390/e23030304,same (identical sets),1,1
10.3390/ijerph19084912,different (one each),1,1
10.3390/ijerph191610000,same (identical sets),1,1
10.3390/jintelligence11100190,same (identical sets),1,1
10.3390/jintelligence12040037,different (several),2,1
10.3390/jpm12060876,same (identical sets),1,1
10.3390/nu14224721,same (identical sets),1,1
10.3390/vision7010003,same (identical sets),1,1
10.3402/ejpt.v6.29313,same (identical sets),2,2
10.36253/qoe-14034,same (identical sets),1,1
10.36418/syntax-literate.v7i9.9468,same (identical sets),1,1
10.36903/physiome.21714863.v1,same (identical sets),1,1
10.3758/s13414-017-1408-4,same (identical sets),1,1
10.3758/s13414-018-1630-8,overlap (some in common),1,2
10.3758/s13414-019-01689-5,same (identical sets),1,1
10.3758/s13414-019-01791-8,same (identical sets),2,2
10.3758/s13414-020-02159-z,overlap (some in common),2,2
10.3758/s13414-020-02239-0,same (identical sets),1,1
10.3758/s13414-021-02245-w,same (identical sets),1,1
10.3758/s13414-021-02312-2,overlap (some in common),2,3
10.3758/s13414-022-02496-1,same (identical sets),1,1
10.3758/s13414-025-03095-6,same (identical sets),1,1
10.3758/s13415-022-00983-4,same (identical sets),1,1
10.3758/s13415-024-01185-w,overlap (some in common),2,1
10.3758/s13415-025-01326-9,same (identical sets),1,1
10.3758/s13421-017-0708-1,overlap (some in common),1,2
10.3758/s13421-018-0791-y,same (identical sets),1,1
10.3758/s13421-019-00916-6,same (identical sets),1,1
10.3758/s13421-019-00968-8,same (identical sets),1,1
10.3758/s13421-020-01043-3,same (identical sets),1,1
10.3758/s13421-020-01092-8,same (identical sets),1,1
10.3758/s13421-021-01230-w,overlap (some in common),2,1
10.3758/s13421-022-01287-1,same (identical sets),1,1
10.3758/s13421-024-01610-y,overlap (some in common),1,2
10.3758/s13423-013-0548-3,same (identical sets),1,1
10.3758/s13423-017-1348-y,different (several),1,7
10.3758/s13423-022-02158-1,different (one each),1,1
10.3758/s13423-022-02182-1,overlap (some in common),2,1
10.3758/s13428-023-02221-2,same (identical sets),3,3
10.3892/ol.2017.6829,same (identical sets),1,1
10.3899/jrheum.110199,overlap (some in common),3,2
10.3928/01484834-20170421-06,same (identical sets),1,1
10.4054/demres.2024.51.31,same (identical sets),1,1
10.4161/cbt.25093,same (identical sets),1,1
10.4172/2155-9899.s10-001,same (identical sets),1,1
10.4236/jbbs.2013.32020,same (identical sets),1,1
10.4236/jcdsa.2017.74027,same (identical sets),1,1
10.4236/ojneph.2026.161002,same (identical sets),1,1
10.5018/economics-ejournal.ja.2018-34,same (identical sets),1,1
10.5018/economics-ejournal.ja.2018-37,same (identical sets),1,1
10.5114/biolsport.2025.147010,overlap (some in common),2,1
10.51910/ijhdr.v11i40.588,overlap (some in common),1,2
10.5195/jmla.2021.1220,same (identical sets),1,1
10.5249/jivr.v4i1.65,different (one each),1,1
10.5296/ijhrs.v10i3.16907,different (one each),1,1
10.5334/irsp.883,same (identical sets),1,1
10.5334/jcaa.52,same (identical sets),1,1
10.5334/joc.342,different (one each),1,1
10.5334/joc.459,same (identical sets),1,1
10.5381/jot.2016.15.3.a2,overlap (some in common),4,5
10.5430/jnep.v3n6p51,same (identical sets),1,1
10.5551/jat.14589,overlap (some in common),1,2
10.5753/sbqs.2016.15130,different (one each),1,1
10.5964/jnc.7033,different (one each),1,1
10.64719/pb.4509,same (identical sets),1,1
10.70923/001c.72403,different (one each),1,1
10.7554/elife.43578,same (identical sets),1,1
10.7554/elife.43962,same (identical sets),1,1
10.7554/elife.88762,same (identical sets),1,1
10.7717/peerj.16318,same (identical sets),1,1
10.7717/peerj.18682,same (identical sets),1,1
10.7717/peerj.4217,overlap (some in common),2,3
10.7717/peerj.9401,same (identical sets),1,1
10.7759/cureus.34566,same (identical sets),1,1
10.7759/cureus.42194,same (identical sets),1,1
10.7759/cureus.54109,same (identical sets),2,2
10.9741/2578-2118.1125,same (identical sets),1,1
