identifier,guid,title_r,kind,desc_chars,wiki_pages,wiki_chars,n_files,doc_files,n_doc_files,excluded_doc_files,n_excluded
https://osf.io/b8qaw/,b8qaw,Close replication of Schuler & Wanke (2016) Study 1,nodes,0,0,0,0,,0,,0
http://api.osf.io/v2/nodes/9523m/,9523m,Replication Study for RPCB,nodes,33,1,0,0,,0,,0
https://osf.io/feg6u,feg6u,Replication attempt of Southgate et al. (2007),nodes,0,0,0,0,,0,,0
10.17605/osf.io/6bw6x,6bw6x,Uncertainty and pain: a replication study,nodes,0,1,1453,0,,0,,0
https://osf.io/exkjz,exkjz,Exact Replication of Rinck &amp;amp; Becker (2007),,0,0,0,0,,0,,0
http://api.osf.io/v2/nodes/eu6pb/,eu6pb,Optimal Predictions in Everyday Cognition: Conceptual Replication,,0,0,0,0,,0,,0
http://api.osf.io/v2/nodes/txs86/,txs86,"Registered Replication of Nadelhoffer, T., Kvaran, T., &amp;amp; Nahmias, E. (2009). Temperament and intuition: A commentary on Feltz and Cokely. Consciousness and cognition, 18(1), 351-355.",,0,0,0,0,,0,,0
https://osf.io/wsf9p/,wsf9p,Nowlis & Simonson (1997) Replication Study,,0,0,0,0,,0,,0
http://api.osf.io/v2/nodes/x9wdf/,x9wdf,Qualtrics survey for close replication of Schuler &amp;amp; Wanke (2016) Study 2,,0,0,0,0,,0,,0
https://osf.io/tkzyb,tkzyb,Unconscious Arithmetic: A Direct Replication Data,,0,0,0,0,,0,,0
https://osf.io/pd497/#!,pd497,"Direct replication of De Neys, W., Rossi, S., & Houdé, O. (2013).",,0,0,0,0,,0,,0
https://osf.io/x7ebs,x7ebs,A conceptual replication and extension of “Successful explanations start with accurate descriptions: Questionnaire items as personality markers for more accurate predictions” by Seeboth &amp;amp; Mõttus (2018),,0,0,0,0,,0,,0
https://osf.io/fnh9u/#!,fnh9u,PDR1_Does Honesty Require Time? A preregistered replication of SEB2012 Exp2,,0,0,0,0,,0,,0
https://osf.io/tc9yf,tc9yf,Unconscious Arithmetic: A Direct Replication SPSS Files,,0,0,0,0,,0,,0
http://api.osf.io/v2/nodes/k7pyf/,k7pyf,STAGES replication study data,,0,0,0,0,,0,,0
https://osf.io/3ad2t/,3ad2t,CEO Faces: Replication and extension,,0,0,0,0,,0,,0
10.17605/osf.io/myxq5,myxq5,"Finucane, M. L., Alhakami, A., Slovic, P., &amp; Johnson, S. M. (2000): Replication and Extension",,0,0,0,0,,0,,0
https://osf.io/uh7sw/,uh7sw,"Incidental learning of collocations: a multi-site replication study of Webb, Newton, and Chang (2013)",,0,0,0,0,,0,,0
https://osf.io/rh5hb,rh5hb,Stage 2 - Replication Study V1 - Before Consensus Design,,0,0,0,0,,0,,0
10.17605/osf.io/dt3q5,dt3q5,Pride and Shame Track Status Changes - Replication and Extension,,0,0,0,0,,0,,0
http://api.osf.io/v2/nodes/86y74/,86y74,Laptop vs Longhand Replication Study Idea,,0,0,0,0,,0,,0
https://osf.io/tbywc,tbywc,"Direct Replication of Turri ,Buckwalter, Blouw (2015) at the University of Toronto Scarborough",,0,0,0,0,,0,,0
https://osf.io/qkpz8,qkpz8,"„Delivering Feedback: Supervisors´ Source Credibility and Communication Competence“ – a replication study (Westerman et al., 2018)",,0,0,0,0,,0,,0
https://osf.io/yx8zp/,yx8zp,"Many Labs 5: Registered Replication Report of Shnabel & Nadler, (2008), Study 4",,0,0,0,0,,0,,0
10.17605/osf.io/cje9b,cje9b,Registered replication of Traczyk et al. (2018). Numerate decision makers don’t use more effortful strategies unless it pays.,,0,0,0,0,,0,,0
http://api.osf.io/v2/nodes/8h9aw/,8h9aw,âWhat did you do that for?â â A study of intentions. - Knobe (2003) Replication Study,,0,0,0,0,,0,,0
10.17605/osf.io/j49k2,j49k2,"Replication and Extension Singer et al. (2019, 2021a, 2021b)",,0,0,0,0,,0,,0
10.17605/osf.io/bqep2,bqep2,Confirmatory Factor Analysis and Validation of the SST and SST-B: A Replication and Extension,,0,0,0,2,CFA Models OSF.docx | Appendix.docx,2,Appendix.docx,1
10.17605/osf.io/9crzp,9crzp,Binding and Retrieval of Control-States: A Conceptual Replication and Extension,,0,0,0,0,,0,,0
10.17605/osf.io/jrfa7,jrfa7,Modeling lexical and phraseological sophistication in Oral Proficiency Interview: A conceptual replication,nodes,0,0,0,1,,0,,0
10.17605/osf.io/dvg9n,dvg9n,"The intergenerational transmission of risk and trust attitudes: Replicating and extending “Dohmen, Falk, Huffman and Sunde 2012” using genetically-informed twin data",nodes,0,0,0,122,,0,,0
10.17605/osf.io/9psrx,9psrx,Does holding decision-makers accountable make them less loss averse? A three-study replication attempt.,nodes,0,0,0,2,,0,,0
https://osf.io/34kxc,34kxc,Thin slices of personality from childhood to early adolescence: A replication and extension two years later,,0,0,0,0,,0,,0
10.17605/osf.io/t2vkp,t2vkp,Statistical Insignificance is not Practical Equivalence: A Conceptual Replication of Rothman (2011),nodes,0,0,0,4,,0,,0
10.17605/osf.io/8e3fr,8e3fr,Does Your Love Lift Me Higher? A Direct Replication of the Energizing Role of Secure Relationships,nodes,0,0,0,15,Materials.docx | Meta Data.docx | Supplementary_Material_1.pdf | Supplementary_Material_2.pdf,4,Materials.docx | Meta Data.docx | Supplementary_Material_1.pdf | Supplementary_Material_2.pdf,4
10.17605/osf.io/6uwzf,6uwzf,Replication and Extension of the Liking Gap at BYU-Idaho,,0,0,0,0,,0,,0
10.17605/osf.io/qvug2,qvug2,Regeneration from C. sativa leaf explants (replication study),nodes,0,1,148,0,,0,,0
10.17605/osf.io/4ubj8,4ubj8,Lateral Eye Movements Do Not Increase False Memory Rates: A Failed Direct Replication Study,nodes,0,0,0,1,,0,,0
10.17605/osf.io/fnmk4,fnmk4,Impact of past behavior normality on regret: Replication and extension of three experiments of the exceptionality effect,nodes,0,1,2063,1,Kutscher & Feldman 2019 CogEmo past behavior & regret-exceptionality replication & extension-w-supplement.pdf,1,Kutscher & Feldman 2019 CogEmo past behavior & regret-exceptionality replication & extension-w-supplement.pdf,1
10.17605/osf.io/7dsf9,7dsf9,Replication Attempt of Postpartum Depression Predictive Model,nodes,0,1,0,0,,0,,0
10.17605/osf.io/apq84,apq84,Supplementary online appendix and replication materials: Gender and socioeconomic patterning of self-reported sleep problems across European countries – A replication study,nodes,0,0,0,1,,0,,0
10.17605/osf.io/4hgcv,4hgcv,Replication study- Risk neutral variance to compute expected returns,nodes,0,0,0,1,,0,,0
10.17605/osf.io/7txag,7txag,"Conceptual replication of Dignath et al., 2022, experiment 3 - particular focus on emotional Stroop task (E.g., Soutscheck and Schubert, 2013) 'Do self-related primes influence the processing of conflicts in the emotional domain?'",nodes,0,0,0,14,,0,,0
10.17605/osf.io/ub4zt,ub4zt,"Dataset of ""The effect of font readability on the Moses illusion: A replication study""",nodes,0,1,215,1,,0,,0
10.17605/osf.io/cf4u5,cf4u5,"Can Text Messaging Influence Perceptions of Geographical Slant? A Replication and Extension of Schnall, Harber, Stefanucci, and Proffitt (2008)",nodes,0,0,0,0,,0,,0
10.17605/osf.io/7jhvu,7jhvu,Dataset to accompany Skog et al. (2025) - vibrotactile changing-state effect replication attempt,nodes,0,0,0,0,,0,,0
https://osf.io/2zwck,2zwck,Bodily self-perception under vestibular galvanic stimulation in virtual reality - A replication and extension of Karnath et al. (2019),nodes,0,0,0,13,Feedbackformular Avatar.pdf | Einverständniserklärung zur Teilnahme an der Studie.pdf | Feedbackformular GVS.pdf | Feedback Questionnaire GVS.pdf | Feedback Questionnaire Avatar.pdf,5,Feedback Questionnaire GVS.pdf | Feedback Questionnaire Avatar.pdf,2
10.17605/osf.io/j4y6u,j4y6u,From Large Effect to Null Result: A Pre-registered Replication of Caffeine's Ergogenicity on Vertical Jump,,0,0,0,0,,0,,0
10.17605/osf.io/ud5g7,ud5g7,"Upset but (almost) correct: A conceptual replication of di Tella, Perez-Truglia, Babino and Sigman (2015)",,0,0,0,0,,0,,0
10.17605/osf.io/fy9p3,fy9p3,"Rhythmic Variability, Language, and Style: A Replication and Extension of nPVI Findings with the RISM Dataset",,0,0,0,0,,0,,0
10.17605/osf.io/n7yc4,n7yc4,"The Dark versus Bright Side of a Smiley: A Preregistered Replication of Experiment 3 in Glikson et al. (2018) ""The Dark Side of a Smiley""",nodes,0,1,196,0,,0,,0
10.17605/osf.io/vmcsg,vmcsg,The Inventory of Complicated Grief (ICG) - A systematic psychometric review and conceptual replication study of the structural validity,,0,0,0,0,,0,,0
10.17605/osf.io/4nz35,4nz35,Psychopathy and Antisocial Personality Disorder: Wygant replication attempt,,0,0,0,0,,0,,0
10.17605/osf.io/mk3vp,mk3vp,Is There a Bias Towards Successful Replications Over Unsuccessful Replications? A Replication Study,,0,0,0,0,,0,,0
10.17605/osf.io/g2cxw,g2cxw,Revisiting “Discounting future green”: Registered Replication Report of Hardisty and Weber (2009),,0,0,0,0,,0,,0
10.17605/osf.io/hr9w8,hr9w8,2022-11-18 Glasgow Replications and Extensions,,0,0,0,0,,0,,0
10.17605/osf.io/q9uzr,q9uzr,People overlook subtractive change : replication and extension,,0,0,0,0,,0,,0
https://osf.io/6q4sg,6q4sg,The dark side of a smiley - replication study,,0,0,0,0,,0,,0
https://osf.io/ncsx9,ncsx9,Human fungibility in moral decision-making - A replication study,,0,0,0,0,,0,,0
https://osf.io/mh7re,mh7re,"Intolerance of uncertainty, appraisals, coping, and anxiety during the COVID-19 pandemic: a replication study",,0,0,0,0,,0,,0
10.17605/osf.io/3k6rv,3k6rv,public data/materials replication study Johnson et al. (2013) IOR in working memory,,0,0,0,0,,0,,0
10.17605/osf.io/5kxdu,5kxdu,Historical Knowledge and Perceptions of Racism: Replication and Extension,,0,0,0,0,,0,,0
https://osf.io/e3y5d,e3y5d,Replication study,,0,0,0,0,,0,,0
https://osf.io/3f4jy,3f4jy,Sparrow et. al. - Google effects on memory - replication study,,0,0,0,0,,0,,0
https://osf.io/axrbg,axrbg,Study 1S: Conceptual Replication of Previous Findings &amp;amp; Paradigm Validation,,0,0,0,0,,0,,0
https://osf.io/uacv2,uacv2,What causes psychological numbing? A replication and extension of the first study in Fetherstonhaugh et al. (1997)’s “Insensitivity to the Value of Human Life”,,0,0,0,0,,0,,0
https://osf.io/5t8wy,5t8wy,All data (Initial &amp;amp; Replication Study),,0,0,0,0,,0,,0
http://api.osf.io/v2/nodes/45nqw/,45nqw,"Awe, the Small Self, and Prosocial Behavior: Replication and Extension I",,0,0,0,0,,0,,0
10.17605/osf.io/aqn5r,aqn5r,"Evaluating how time factors influence fraud：An online conceptual replication of Shalvi, Eldar, and Bereby-Meyer (2012).",,0,0,0,0,,0,,0
http://osf.io/ycsut/,ycsut,Replication studies,,0,0,0,0,,0,,0
https://osf.io/evjrh,evjrh,COVID-19 conspiracy beliefs and vaccinations: a conceptual replication study in Turkey,,0,0,0,0,,0,,0
https://osf.io/ty2aj,ty2aj,Perfectionistic Self-Presentation and Social Anxiety Replication Study,,0,0,0,0,,0,,0
https://osf.io/zevdm,zevdm,Early Warning Signals and sudden changes in physical activity - a replication study,,0,0,0,0,,0,,0
https://osf.io/pe7z5,pe7z5,"Exploring how the illusory anonymity can be induced in an online environment: A conceptual replication of Zhong, Bohns, and Gino (2010)",,0,0,0,0,,0,,0
https://osf.io/rdz95,rdz95,Does spontaneous favorability to power (vs. universalism) values predict spontaneous aggression - replication study,,0,0,0,0,,0,,0
https://osf.io/x4qas,x4qas,conceptual replication Fat chance experiment,,0,0,0,0,,0,,0
http://api.osf.io/v2/nodes/rf47v/,rf47v,The “mnemonic time-travel effect”: A preregistered failure to replicate,,0,0,0,0,,0,,0
https://osf.io/3b8v6,3b8v6,"A replication study of Cui et al., 2007",,0,0,0,0,,0,,0
https://osf.io/rce3m,rce3m,Replications and extensions of Dasgupta and Greenwald (2001),,0,0,0,0,,0,,0
https://osf.io/b53jz,b53jz,Upright and Honorable: A conceptual replication,,0,0,0,0,,0,,0
http://osf.io/p4vrj/,p4vrj,Our Replication Materials,,0,0,0,0,,0,,0
http://api.osf.io/v2/nodes/xvr57/,xvr57,The Effect of Concrete Wording on Truth Judgements: A Preregistered Replication and Extension of Hansen &amp;amp; Wänke (2010),,0,0,0,0,,0,,0
https://osf.io/r9zsa,r9zsa,Neighing dogs: Semantic context effects of environmental sounds in spoken word production: a replication and extension,,0,0,0,0,,0,,0
https://osf.io/864nx,864nx,"Unique affective profile of music-evoked nostalgia: An extension and conceptual replication of Barrett et al., 2010",nodes,0,0,0,0,,0,,0
http://api.osf.io/v2/nodes/ws256/,ws256,Does Power Increase Attentional Flexibility? Failure to Replicate Guinote (2007),,0,0,0,0,,0,,0
https://osf.io/me982,me982,Conceptual Replication,,0,0,0,0,,0,,0
https://osf.io/5vbzm,5vbzm,Impact of nutrient warnings in Colombia (replication study),nodes,0,0,0,0,,0,,0
https://osf.io/cevh3,cevh3,"A direct replication of Experiment 1 of ""Chun, M. M., &amp;amp; Potter, M. C. (1995). A two-stage model for multiple target detection in rapid serial visual presentation. Journal of Experimental psychology: Human perception and performance, 21(1), 109-127"".",,0,0,0,0,,0,,0
http://api.osf.io/v2/nodes/j5ncg/,j5ncg,Heyman &amp;amp; Airely (2004): Effort of Payment: Replication and Extension,,0,0,0,0,,0,,0
http://api.osf.io/v2/nodes/z69pk/,z69pk,No evidence of the internet as an external memory system that is primed when faced with gaps in our knowledge: A replication study,nodes,0,0,0,0,,0,,0
https://osf.io/m6vcw,m6vcw,Emotion Regulation and Socioeconomic Status : A Cross-Cultural Replication Study,,0,0,0,0,,0,,0
https://osf.io/g7ce2,g7ce2,Large-scale multinational replication study of Allais paradox,nodes,0,0,0,2,readme.docx,1,,0
http://api.osf.io/v2/nodes/djgkx/,djgkx,Pitch height and brightness both contribute to elicit the SMARC effect: A replication study with expert musicians,nodes,0,0,0,0,,0,,0
https://osf.io/vqu5n,vqu5n,"Przybylski et al., 2014 study 6 replication and extension",nodes,0,0,0,0,,0,,0
https://osf.io/tnepv,tnepv,A Replication and Extension Study: Phenotypes of Suicidal Ideation among Veterans and Service Members.,nodes,0,0,0,0,,0,,0
http://api.osf.io/v2/nodes/rcudg/,rcudg,Single and Bundled Choice Offering - Replication Study 4 2nd Replication,,0,0,0,0,,0,,0
https://osf.io/5zrq7,5zrq7,Data from: Socioeconomic Status and Face Emotion Recognition: A Pre-Registered Replication,,0,0,0,1,,0,,0
https://osf.io/pcea3,pcea3,Math Approach Training Changes Implicit Identification with Math: A Close Pre-registered Replication,nodes,0,1,0,0,,0,,0
https://osf.io/6kf8a,6kf8a,Does Reproductive Potential of Kin Predict Helping Judgments of Genetically Equal Kin?: A Replication Study,nodes,0,1,483,1,,0,,0
https://osf.io/6wxtp,6wxtp,Hoppenbrouwers RMH Replication Study,nodes,0,0,0,0,,0,,0
https://osf.io/2jq35,2jq35,Replication and Extension of Gervais et al. (2017): Intuitive moral bias against atheists,nodes,0,0,0,6,Supplemental Online Materials.pdf,1,Supplemental Online Materials.pdf,1
http://osf.io/qu7zf/,qu7zf,Expressing Likes and Dislikes and Task Enjoyment: Replication and Extension,nodes,0,0,0,15,,0,,0
http://osf.io/ycmv8/,ycmv8,Posture Does Not Impact Performance on the Stroop Test: A Replication Study,,0,0,0,0,,0,,0
http://api.osf.io/v2/nodes/jv4nf/,jv4nf,Study 1 (Direct Replication),nodes,0,1,16684,0,,0,,0
http://api.osf.io/v2/nodes/ua53c/,ua53c,Replication Studies,nodes,0,1,125,0,,0,,0
https://osf.io/46kz9,46kz9,Is reading fiction associated with a higher mind-reading ability? Two conceptual replication studies in Japan,nodes,0,0,0,9,Study1_Fiction_Reading_Questionnaire_in_Japanese.pdf,1,Study1_Fiction_Reading_Questionnaire_in_Japanese.pdf,1
http://api.osf.io/v2/nodes/24qpm/,24qpm,Against the odds in Ecuador: A cross-cultural replication and extension of the role of emotion regulation in gambling behavior,nodes,0,0,0,0,,0,,0
https://osf.io/fn5tb,fn5tb,"A registered replication study on body-ownership, perceptions, and attitudes",nodes,0,1,407,0,,0,,0
https://osf.io/u58sx,u58sx,Supplemental materials for preprint: Posterior Medial Frontal Cortex and Threat-Enhanced Religious Belief: A Replication and Extension,nodes,0,0,0,3,Supplementary_Online_Materials.pdf,1,Supplementary_Online_Materials.pdf,1
https://osf.io/amrjg,amrjg,Replication and Extension of KIN TECH 2.0: Randomized Controlled Trial of Kinship Navigation in Florida,nodes,0,0,0,1,Children's Home Network - ANALYSIS PLAN (2022.12).pdf,1,Children's Home Network - ANALYSIS PLAN (2022.12).pdf,1
http://api.osf.io/v2/nodes/auyqx/,auyqx,Large-scale replications,nodes,0,1,546,0,,0,,0
http://osf.io/kmy92/,kmy92,"Associations between childhood use of coin pusher and crane grab machines, and adult gambling: A replication study in the USA",nodes,0,0,0,3,materials.docx,1,materials.docx,1
https://osf.io/c2bz7,c2bz7,Replication study,nodes,0,1,780,0,,0,,0
http://osf.io/y3r3h/,y3r3h,Social Power and Apology 1 - Direct Replication,,0,0,0,0,,0,,0
https://osf.io/fbgep,fbgep,Replication and Extension of Kool et al. (2010) at the University of Chicago,nodes,0,1,3578,2,Explanation of MatLab Changes for Kool et. al. Project.docx,1,,0
http://api.osf.io/v2/nodes/69sdt/,69sdt,Study 2 - MTurk replication and extension,nodes,0,0,0,0,,0,,0
https://osf.io/59hk6,59hk6,An Analysis of Google’s Stroop Effect on Information Processing. A Replication Study,nodes,0,1,0,2,,0,,0
https://osf.io/x9uyt,x9uyt,Conspiracy beliefs and attitudes towards COVID-19 vaccinations: A conceptual replication study in Finland,nodes,0,0,0,2,file EQS finale.pdf | Variable_Labels.docx,2,,0
https://osf.io/fxb89,fxb89,"A BAYESIAN APPROACH TO (RE)EXAMINING LEARNING EFFECTS OF COGNITIVE LINGUISTICS INSPIRED INSTRUCTION: A CLOSE REPLICATION OF WONG, ZHAO, AND MACWHINNEY (2018)",nodes,0,0,0,7,,0,,0
https://osf.io/x64cn,x64cn,Dopamine-dependent prefrontal reactivations explain long-term benefit of fear extinction: A direct replication attempt,nodes,0,0,0,0,,0,,0
http://api.osf.io/v2/nodes/5z4a8/,5z4a8,CORE project: Replications and extensions of classic findings in Judgment and Decision Making,nodes,0,1,649,0,,0,,0
https://osf.io/xwnps,xwnps,The effect of older siblings on language development – replication study,nodes,0,1,17811,3,,0,,0
http://api.osf.io/v2/nodes/3d8hc/,3d8hc,"Lyrics and Emotion in Songs: A Conceptual Replication Study of Ali and Peynircioglu, 2006",,0,0,0,0,,0,,0
https://osf.io/caqz4,caqz4,Loot Boxes and Impulsivity Direct Replication,nodes,0,0,0,2,Supplementary Findings LBImpulsivityStudy 2.docx,1,Supplementary Findings LBImpulsivityStudy 2.docx,1
http://api.osf.io/v2/nodes/pk2ay/,pk2ay,"Replication and extension of Batson et al., 1997, ""Is empathy-induced helping due to self-other merging?""",,0,0,0,0,,0,,0
http://api.osf.io/v2/nodes/pbw98/,pbw98,A Replication and Extension of an Intervention Package to Increase Interaction between Siblings with and without Autism,,0,0,0,0,,0,,0
https://osf.io/bka85,bka85,Replication Study 2 - Similarity,,0,0,0,0,,0,,0
https://osf.io/rwc25,rwc25,Incrimination Through Innuendo: A Replication and Extension,nodes,0,1,128,12,Innuendo_Study 1_Materials.docx | Innuendo_Study 1_Statements.docx | Innuendo_Study 2_Statements.docx | Innuendo_Study 2_Materials.docx | JASP Bayesian t-tests.docx,5,Innuendo_Study 1_Materials.docx | Innuendo_Study 2_Materials.docx,2
https://osf.io/yqks9,yqks9,Replication study (Exp. 2),nodes,0,1,1333,5,,0,,0
https://osf.io/8w9zp,8w9zp,Cortical and subcortical mapping of the intrinsic allostatic-interoceptive system in the human brain: replication and extension with 7 Tesla fMRI,nodes,0,0,0,2,,0,,0
https://osf.io/qtkca,qtkca,Correlational Study - Direct Replication,nodes,0,0,0,2,,0,,0
http://api.osf.io/v2/nodes/8a7nk/,8a7nk,Replication Study to examine the the Effects of Visual Embellishment on Comprehension and Memorability of Charts,,0,0,0,0,,0,,0
https://osf.io/mw8p6,mw8p6,Supplemental materials for preprint: The Efficacy of Attentional Bias Modification for Anxiety: A Registered Replication,nodes,0,0,0,14,Supplementary Material.docx | README.docx | Word Pairs.pdf,3,Supplementary Material.docx,1
https://osf.io/wrd7b,wrd7b,Language of Lies: A direct replication of Suchotzki &amp;amp; Gamer (2018) Experiment2,nodes,0,0,0,0,,0,,0
https://osf.io/qc3fw,qc3fw,Replication and extension of Ostrand &amp;amp; Gunstad (2021),nodes,0,0,0,3,,0,,0
https://osf.io/f97er,f97er,Emotion dysregulation in daily life: A replication and extension in socially anxious college students.,nodes,0,0,0,0,,0,,0
https://osf.io/79wdu,79wdu,A partial replication and extension of adults’ induced-state episodic foresight,nodes,0,0,0,4,,0,,0
http://osf.io/r7nm9/,r7nm9,A Registered Replication and Extension of Conway and Peetz (2012),nodes,0,0,0,6,CP RR Survey Doc.docx | Analyses_No_Inbetweener.pdf | Analyses_Main.pdf | PSPS Stage 2 Revised Online Supplement Feb 13.docx,4,CP RR Survey Doc.docx | Analyses_No_Inbetweener.pdf | Analyses_Main.pdf,3
https://osf.io/5r9wj,5r9wj,Testing the mate preference priority model with the profile-based experimental paradigm: A replication and extension,nodes,0,0,0,5,syntax.docx,1,syntax.docx,1
http://api.osf.io/v2/nodes/sg76t/,sg76t,Replications and Extensions of Piazza and Loughnan (2016) in China,nodes,0,0,0,6,Jamovi 计算Choen's d及CI.docx,1,,0
https://osf.io/d9gz7,d9gz7,Carter &amp;amp; Weber (2010) Conceptual Replication,nodes,0,0,0,2,,0,,0
http://api.osf.io/v2/nodes/2bqxc/,2bqxc,Developmental trajectories of ADHD symptoms a conceptual replication,nodes,0,0,0,0,,0,,0
http://api.osf.io/v2/nodes/jbpag/,jbpag,Effects of attention to form on second language comprehension: A multi-site replication study - Data entry Excel file UPDATED,nodes,0,1,1522,1,,0,,0
https://osf.io/ewjhf,ewjhf,Replication study of Liberman et al. (2022),nodes,0,0,0,3,SurveyMonkey_質問項目.pdf,1,SurveyMonkey_質問項目.pdf,1
https://osf.io/6g27e,6g27e,Aligning PROSPER with Local Health Care through Expanded Partnerships and SBIRT: RCT Replication and Extension,nodes,0,0,0,3,PROSPER SBIRT RCT Analysis Plan.pdf | Spoth et al._Addendum to PROSPER SBIRT RCT Analysis Plan_ for OSF.pdf | POSPER-SBIRT Design-Analysis Plan_COVID-Related Adjustments to Survey Adm_AV Approved.pdf,3,PROSPER SBIRT RCT Analysis Plan.pdf | Spoth et al._Addendum to PROSPER SBIRT RCT Analysis Plan_ for OSF.pdf | POSPER-SBIRT Design-Analysis Plan_COVID-Related Adjustments to Survey Adm_AV Approved.pdf,3
https://osf.io/2wgtu,2wgtu,"Data and Code for ""Agreement Between Visual Inspection and Objective Methods of Analyses: A Replication and Extension""",nodes,0,0,0,15,graphsforanalysis.pdf,1,graphsforanalysis.pdf,1
http://api.osf.io/v2/nodes/dc4br/,dc4br,Study J: Conceptual Replication of Study 4,,0,0,0,0,,0,,0
https://osf.io/fe79v,fe79v,Supplemental materials for preprint: No effect of the psychosocial experience of feeling overweight on snack food consumption in women: a pre-registered replication study,nodes,0,0,0,1,preprint_supplementary materials.docx,1,,0
https://osf.io/de6j2,de6j2,Replication attempt of the watching eyes effect,nodes,0,0,0,8,,0,,0
http://osf.io/fhq9n/,fhq9n,What Motivates Emerging Economy Firms to Internationalize? A Replication and Extension of Ahsan et al. (2020) in the Context of China,nodes,0,0,0,3,,0,,0
https://osf.io/wctqy,wctqy,The Regulation of Social Interaction in Everyday Life: A Replication and Extension of O’Connor and Rosenblood (1996),nodes,0,1,1813,2,,0,,0
https://osf.io/9suqc,9suqc,Cash for Carbon (replication attempt),nodes,0,0,0,2,,0,,0
http://api.osf.io/v2/nodes/8wphu/,8wphu,Experiment 8: Replication and extension of Experiment 7,nodes,0,1,673,0,,0,,0
https://osf.io/dt4ru,dt4ru,Forgetting in the short-term memory: A replication study,nodes,0,0,0,2,,0,,0
https://osf.io/6hxwy,6hxwy,Hindsight Bias Replication Study,nodes,0,0,0,2,Qualtrics Survey Hindsight Bias.pdf,1,Qualtrics Survey Hindsight Bias.pdf,1
https://osf.io/nka5y,nka5y,The Effect of Guilt and Shame on Construal Level and Psychological Distance : Replication Studies of Han et al. (2014),nodes,0,0,0,11,,0,,0
http://api.osf.io/v2/nodes/dnb3v/,dnb3v,A Conceptual Replication of Elgort (2011): Deliberate Vocabulary Acquisition in a Second Language,nodes,0,0,0,22,QRP2_Background Questionnaire.docx | QRP2 words and definitions.docx | Supporting materials V4.docx | learning schedule.docx | QRP2 Learning instructions and learning pack.pdf | QRP2 words and definitions.docx,6,QRP2_Background Questionnaire.docx | Supporting materials V4.docx | QRP2 Learning instructions and learning pack.pdf,3
http://osf.io/s7kaq/,s7kaq,[Group B] Framing effects and Regulatory Focus Theory: Replication and Extension,nodes,0,0,0,10,NON_CHECK_Idson_et_al2000_Qualtrics.docx | Idson_et_al_2000_Qualtrics_Replication__Extension.docx,2,NON_CHECK_Idson_et_al2000_Qualtrics.docx | Idson_et_al_2000_Qualtrics_Replication__Extension.docx,2
https://osf.io/pbec9,pbec9,"Experiment 1: A Direct Replication of Popp and Serra (2016, Experiment 1): Better Free Recall and Worse Cued Recall of Animal Names than Object Names",nodes,0,1,2164,136,"Record of Project Notes and Meeting Minutes.docx | (Transparency Checklist) A Direct Replication of Popp and Serra (2016, Experiment 1) - Better Free Recall and Worse Cued Recall of Animal Names than Object Names (Anonymized).pdf | Experiment Consent & Debriefing forms.docx | HREB Approval for PSYC 576A project.docx | Information given to potential participants.pdf | Manual Scoring Procedure.pdf",8,Experiment Instructions.pdf,1
https://osf.io/c32at,c32at,A pre-registered replication study of the sticky mittens effect,nodes,0,0,0,0,,0,,0
https://osf.io/hn6bm,hn6bm,Pattern deviancy aversion and social attitudes - an attempt to replicate and extend Gollwitzer et al (2017),nodes,0,0,0,0,,0,,0
http://api.osf.io/v2/nodes/2mxzw/,2mxzw,Sparrow (2011) Replication Study - Lab Report Data Student 1956343,,0,0,0,0,,0,,0
http://api.osf.io/v2/registrations/bpu5t/,bpu5t,Unconscious processing of same-different relationships: A replication and extension of Lin and Murray (2014),,0,0,0,0,,0,,0
https://osf.io/95dc7,95dc7,"Childhood use of coin pusher and crane grab machines, and adult gambling: Results of a replication study",nodes,0,0,0,7,materials.docx,1,materials.docx,1
https://osf.io/5zgxw,5zgxw,Replication Study,nodes,0,0,0,4,,0,,0
http://osf.io/4rpjz/,4rpjz,Moral valence of Instagram posts about the Black Lives Matter (BLM) movement: A replication and extension study,nodes,0,1,1029,0,,0,,0
http://api.osf.io/v2/nodes/nr38m/,nr38m,"Data and Code for ""Machine Learning to Analyze Single-Case Data: A Replication and Extension""",nodes,0,0,0,0,,0,,0
https://osf.io/t876a,t876a,"Dream recall, nightmares, dream sharing, and personality: A replication study",nodes,0,0,0,0,,0,,0
http://osf.io/dr7bc/,dr7bc,"Direct replication of De Neys, W., Rossi, S., &amp;amp; Houdé, O. (2013).",,0,0,0,0,,0,,0
https://osf.io/ga4x7,ga4x7,Employee engagement and customer evaluations: Conceptual replication study,nodes,0,0,0,0,,0,,0
http://api.osf.io/v2/nodes/ywjhm/,ywjhm,Single and Bundled Choice Offering - Replication Study 4 3rd Replication,,0,0,0,0,,0,,0
http://osf.io/vbzrm/,vbzrm,Replication and extension of Suri et al.'s (2018) Study 4,,0,0,0,0,,0,,0
http://osf.io/z9ugn/,z9ugn,Winship 2021 NLSY Replication Attempt,nodes,0,0,0,2,,0,,0
https://osf.io/x38aj,x38aj,Inhibition Induced Devaluation Registered Replication,,0,0,0,0,,0,,0
http://osf.io/wcdfn/,wcdfn,Tracking needy others: A pre-registered replication,,0,0,0,0,,0,,0
10.17605/osf.io/458qc,458qc,Awe Direct Replications,nodes,0,0,0,3,,0,,0
http://api.osf.io/v2/nodes/by89j/,by89j,Replication and extension of family-based training program to improve cognitive abilities in young children,nodes,0,0,0,1,,0,,0
10.17605/osf.io/fmc29,fmc29,Do Consumers of all Social Classes prefer Best Sellers? Three Preregistered Replication Studies of Na et al. (2016),nodes,0,0,0,1,Online Supplement_ConformitySocialClass.docx,1,Online Supplement_ConformitySocialClass.docx,1
https://osf.io/kxfs7,kxfs7,Pupil size and intelligence: A large-scale replication study (VES),nodes,0,0,0,9,,0,,0
https://osf.io/7zwqn,7zwqn,A Replication Study on Glanceable Visualizations: Comparing Different Stimulus Sizes on a Laptop Computer,nodes,0,0,0,1,,0,,0
10.17605/osf.io/w5hnz,w5hnz,Carlson et al. 2020 - Replication Study,,0,0,0,0,,0,,0
https://osf.io/dt9ra,dt9ra,"Replication Study (Carlson et al., 2020)",nodes,0,0,0,2,,0,,0
https://osf.io/vsuje,vsuje,Carlson (2020) Replication Study,nodes,0,0,0,2,,0,,0
https://osf.io/cr4xu,cr4xu,"“Your Brain On Video Games”: A re-analysis, replication and extension of Martinez et al. (2023)",nodes,0,1,329,0,,0,,0
https://osf.io/uy629,uy629,Carlson replication study (Kirsty Newsome),nodes,0,1,0,2,,0,,0
https://osf.io/sx6hw,sx6hw,Perceived Empathy of AI-Generated vs Human Responses (Replication Study),nodes,0,0,0,0,,0,,0
https://osf.io/34ds9,34ds9,Carlson et al. (2020) Replication Study,nodes,0,0,0,1,,0,,0
https://osf.io/gbmq3,gbmq3,Handedness and Brain Network Lateralization: A Conceptual Replication of Johnstone et al. (2021),nodes,0,0,0,0,,0,,0
https://osf.io/w4pgt,w4pgt,Temporal Evaluation of Recommender Algorithms: A Replication Study,nodes,0,0,0,0,,0,,0
https://osf.io/ey453,ey453,Is Mindfulness Independently Related to the Sunk-Cost Bias? Replication and Extension of Hafenbrack et al. (2014),nodes,0,0,0,0,,0,,0
https://osf.io/62cyz,62cyz,Tracing and pointing support multimedia learning: A conceptual replication,nodes,0,1,1493,2,Appendix 1_Self-report measures.docx,1,,0
https://osf.io/9gj46,9gj46,Efficacy of psychological interventions in improving well-being: a replication and extension of van Agteren et al. (2021) systematic review and meta-analysis,nodes,0,1,199,12,,0,,0
https://osf.io/by35j,by35j,The AMP-TPP-3 study - A counter-factual replication study to check for potential false positive results produced by the experimental set-up employed in the AMP-TPP-1 and AMP-TPP-2 studies,nodes,0,0,0,2,Preregistration of AMP-TPP-3 data analysis protocol 2022-05-16.pdf | Data Analysis Script (in R) AMP_TPP3_analysis_code_prereg.R.pdf,2,Preregistration of AMP-TPP-3 data analysis protocol 2022-05-16.pdf | Data Analysis Script (in R) AMP_TPP3_analysis_code_prereg.R.pdf,2
https://osf.io/kp57z,kp57z,What nature does to your cooperative behaviour – a replication study,nodes,0,0,0,1,Data analysis plan.pdf,1,Data analysis plan.pdf,1
https://osf.io/8c6u9,8c6u9,Choice Induced Preference Change between similarly and divergently rated alternatives - A replication study,nodes,0,0,0,4,Material_Choice Induced Preference Change between similarly and divergently rated alternatives.pdf,1,Material_Choice Induced Preference Change between similarly and divergently rated alternatives.pdf,1
https://osf.io/mte32,mte32,A replication and extension of Gerdes et al. (2021),nodes,0,0,0,4,,0,,0
https://osf.io/ua4pn,ua4pn,Chapter 3 (Phraseological Complexity as an Index of L2 Dutch Writing Proficiency: A Partial Replication Study),nodes,0,0,0,18,,0,,0
https://osf.io/hvgjq,hvgjq,Study 2 - Pre-registered Replication #1,,0,0,0,0,,0,,0
https://osf.io/dt2v7,dt2v7,Conceptual replication of Jacob et al. (2018),nodes,0,0,0,8,Materials.docx,1,Materials.docx,1
https://osf.io/jn9rx,jn9rx,Do dogs really influence the evaluation of psychotherapists? A conceptual replication attempt,nodes,0,0,0,3,Supplementary_Materials.pdf,1,Supplementary_Materials.pdf,1
https://osf.io/4phxg,4phxg,"Registered replication - code, stimuli, and data",nodes,0,0,0,179,Explanatory Notes For Code and Data.docx,1,Explanatory Notes For Code and Data.docx,1
https://osf.io/ju8rm,ju8rm,Study 3 - Pre-registered Replication #2,,0,0,0,0,,0,,0
https://osf.io/73xrn,73xrn,"Carlson et at (2020) replication: Attentional Bias Towards Climate Change Images in Undergraduate Students in England and the Philippines, a Replication Study",,0,0,0,0,,0,,0
https://osf.io/xkacz,xkacz,"Templated from Rosenbaum et al., (2017) Conceptual Replication of Experiment 3",nodes,0,2,57,1,,0,,0
https://osf.io/saun7,saun7,When Climate Anxiety Motivates Versus Paralyzes: A Conceptual Replication of the Inverted U-Curve Relationship between Climate Anxiety and Pro-Environmental Behavior,nodes,0,0,0,3,Questionnaire CA study.docx,1,Questionnaire CA study.docx,1
https://osf.io/94uxc,94uxc,A replication and extension of “It’s not merely about the content: How rules are communicated matters to administrative burden”,nodes,0,1,0,0,,0,,0
https://osf.io/r8zgd,r8zgd,Sexual Identity and Perceived Power: Exploring Disparities in Power Allocation Between LGBTQIA+ and Cishet Participants (Replication Study),nodes,0,0,0,4,SPSS Code for Ideal_Actual Power Studies.docx | Study 1b Codebook.docx,2,Study 1b Codebook.docx,1
https://osf.io/sb5dc,sb5dc,Gender Fair Language: Replication Studies,,0,0,0,0,,0,,0
https://osf.io/tzupj,tzupj,Registered Replication Report: Does the awareness of recreational gamblers improve implict attidudes towoard gamblers?,nodes,0,1,44,9,,0,,0
10.17605/osf.io/6wgr5,6wgr5,Testing the Limits of the Sustainability Motive-Alignment Hypothesis: A Conceptual Replication of Van de Wetering et al. (2025),nodes,0,1,0,11,Replication study codebook.docx | Replication study materials.docx,2,Replication study codebook.docx | Replication study materials.docx,2
https://osf.io/3jud6,3jud6,Replication and extension of Greenwald &amp; De Houwer (2017),nodes,0,1,1179,1,README_OSF.pdf,1,,0
https://osf.io/tfyvk,tfyvk,Generating resistance to anti-vaccine conspiracy theories through inoculation messages: A conceptual replication study from Banas et al. (2023),nodes,0,1,0,4,inoculation_materials.pdf,1,inoculation_materials.pdf,1
https://osf.io/vtxhy,vtxhy,The influence of predictive cues on task performance and trust in an industrial human-robot interaction Replication Study,nodes,0,0,0,8,correlation_NASATLX_SingleItem.pdf | Workload_Bayes_OSF_StudyII.pdf,2,,0
https://osf.io/hxafb,hxafb,Normative developmental gains in punishment avoidance learning across adolescence: A longitudinal replication study,,0,0,0,0,,0,,0
https://osf.io/rzx2k,rzx2k,Epigenetic signatures of childhood maltreatment in a high-risk sample - a replication study (LOC-o-met),nodes,0,0,0,9,CECIL_supplements_20260525.pdf,1,CECIL_supplements_20260525.pdf,1
https://osf.io/4e6qz,4e6qz,Gerber_BritJournPoliSci_2018_3WmY - RRTeam_unassigned - Direct Replication - 995g,nodes,0,1,359,0,,0,,0
https://osf.io/hvrn9,hvrn9,(Re)Modeling the Antihero Narrative Enjoyment Process: A Replication Study,,0,0,0,0,,0,,0
10.17605/osf.io/czsrp,czsrp,"Replication Study – Worked Examples, Cognitive Aptitudes and the Self-Explanation Mechanism",nodes,0,0,0,0,,0,,0
https://osf.io/9jtgz,9jtgz,Examining the Effects of Dynamic Norm Framing in Eco-Friendly Behaviors: A Conceptual Replication and Extension,nodes,0,1,0,4,Materials Study 2.docx | Materials Study 1.docx,2,Materials Study 2.docx | Materials Study 1.docx,2
10.17605/osf.io/8pzw3,8pzw3,A critical examination of the attentional tunneling effect in scarcity: Results of our conceptual replication,nodes,0,1,0,10,Instructions.pdf,1,Instructions.pdf,1
https://osf.io/ncw4r,ncw4r,Does Power Increase Hypocrisy? Replication and Extensions of Lammers et al. (2010),nodes,0,1,0,3,Power_and_Hypocrisy_-_Survey_WORD.docx,1,Power_and_Hypocrisy_-_Survey_WORD.docx,1
https://osf.io/r93as,r93as,Compatibility Effects With Simple Lever Tools: A Replication and Extension Beyond Simple Button Responses,nodes,0,1,0,474,,0,,0
https://osf.io/jhr7x,jhr7x,AI vs. Human Influencers Across Product Types: A Conceptual Replication of Influencer Credibility Effects,nodes,0,1,0,0,,0,,0
10.17605/osf.io/7ng4x,7ng4x,Revisiting parallel form equivalence for the English Elicited Imitation Task: A conceptual replication,,0,0,0,0,,0,,0
10.17605/osf.io/uh2wt,uh2wt,Revisiting Evaluative Conditioning with Food and Body Images: Two Conceptual Replications of Dwyer et al. (2007),nodes,0,0,0,47,,0,,0
10.17605/osf.io/nswxj,nswxj,Associations of Stress Reactivity and Recovery with Age and Personality: A Multi-Method Replication and Extension,,0,0,0,0,,0,,0
https://osf.io/tj2k8,tj2k8,Flanking letter effects: A replication and extension with non-letter flankers,nodes,0,0,0,3,,0,,0
https://osf.io/32mu4,32mu4,The Effect of AI Attribution on News Credibility: A Replication Study,,0,0,0,0,,0,,0
https://osf.io/5bx8h,5bx8h,Blanke Offender Identifiability Replication Study at BYU-I Spring 2026,nodes,0,1,2864,2,,0,,0
https://osf.io/2d7az,2d7az,"I React to Bodies but not Faces, a Replication and Extension of Aviezer et al., 2012",nodes,0,0,0,8,,0,,0
https://osf.io/njhrp,njhrp,"I React to Bodies but not Faces, a Replication and Extension of Aviezer et al., 2012 - Experiment 1",nodes,0,0,0,6,,0,,0
10.17605/osf.io/sahr7,sahr7,Longitudinal prediction of biological aging: Replication and extension of DunedinPACNI,nodes,0,0,0,2,,0,,0
https://osf.io/g4k7c,g4k7c,Data for Multidimensional Emotion Questionnaire (MEQ) replication study,nodes,0,1,0,1,,0,,0
https://osf.io/n6k84,n6k84,"Influence of Cleanliness on Moral Judgements: A Direct Replication of Schnall, Benton, and Harvey (2008)",nodes,0,0,0,9,Religiosity measure.docx | Protocol and script.docx | Consent form.docx | Materials.docx,4,Religiosity measure.docx | Materials.docx,2
https://osf.io/nurkm,nurkm,Can Semantic Coherence reliably elicit Specific Facial Muscle Reactions? A Conceptual Replication of the Face of Fluency Study,nodes,0,0,0,185,,0,,0
