identifier,guid,kind,desc_chars,wiki_pages,wiki_chars,n_files,n_doc_files,doc_files
10.17605/osf.io/2egqr,2egqr,,0,0,0,0,0,
10.17605/osf.io/2cg3e,2cg3e,,0,0,0,0,0,
10.17605/osf.io/26fbh,26fbh,,0,0,0,0,0,
10.17605/osf.io/2y6wj,2y6wj,,0,0,0,0,0,
10.17605/osf.io/3kmr9,3kmr9,,0,0,0,0,0,
10.17605/osf.io/3nxpg,3nxpg,,0,0,0,0,0,
10.17605/osf.io/3t9qk,3t9qk,,0,0,0,0,0,
10.17605/osf.io/3bz2g,3bz2g,nodes,0,1,112,36,9,"Gino, Moore, & Bazerman (2009) Replication and extensions_ Main manuscript.docx | Gino, Moore, & Bazerman (2009) Replication and extensions_ Supplementary.docx | Gino_Moore__Bazerman_2009_Replication_and_extensions.docx | Aiyer-etal-2024-Collabra-Gino-etal-2009-replication-extensions-preprint-final.pdf | Aiyer-etal-2024-Collabra-Gino-etal-2009-replication-extensions-print.pdf | peer_review_and_communication_history.docx | collabra_2024_10_1_126266.pdf | Collbara-final-Gino-etal-2009-replication-extensions-supplementary-v1.docx | 2458234_reply_to_decision_letter_annex.pdf"
10.17605/osf.io/3wzjp,3wzjp,nodes,0,1,1874,4,3,SAS Poster Gärtner_final.pdf | SAS talk.pdf | Digital Poster Flash_2020.pdf
10.17605/osf.io/4j5cr,4j5cr,nodes,0,0,0,12,9,Registered-Report-EFFECT-OF-SPEAKER-PROFICIENCY-Final Version-Registered.pdf | Spanish Intelligibility Transcription Protocol.pdf | Experimental Protocols EFFECT OF SPEAKER PROFICIENCY.pdf | Stimuli Preparation and Coding Protocols EFFECT OF SPEAKER PROFICIENCY.pdf | Summary of Analyses EFFECT OF SPEAKER PROFICIENCY.pdf | AppendixS3 Summary of Analyses.docx | AppendixS2 Stimuli Preparation and Coding Protocols.docx | AppendixS1 Experimental Protocols.docx | AppendixS4 Summary and Explanation of Stage 1 to Stage 2 changes.docx
10.17605/osf.io/4nsa5,4nsa5,nodes,0,0,0,7,1,Readme.pdf
10.17605/osf.io/3df5s,3df5s,nodes,0,0,0,18,2,Chandrashekar-etal-2021-JDM-Bias Blind Spot-replications and agency extensions-print.pdf | Master.pdf
10.17605/osf.io/693vn,693vn,nodes,0,1,525,12,7,【2018 张】fpsyg-09-01702.pdf | CAN算法.pdf | 道德困境研究的范式沿革及其理论价值_刘传军.pdf | pone.0028610.pdf | korner 2020.pdf | CG2013JPSP.pdf | G-2017.pdf
10.17605/osf.io/6jdg3,6jdg3,nodes,0,0,0,7,5,"Anxiety from Active Learning Survey Items.pdf | List of Items and adaptations from Hood et al. (2021).pdf | Hood et al. - 2020 - Some Believe, Not All Achieve The Role of Active .pdf | Hood et al. - 2021 - “I Like and Prefer to Work Alone” Social Anxiety,.pdf | ToP_2025_Supplemental Analyses_Revised 05_16_25.docx"
10.17605/osf.io/6n7mg,6n7mg,nodes,0,0,0,6,3,Questionnaire-VBM.pdf | Preregistration-Protocol.pdf | Amendment-to-Preregistration!.pdf
10.17605/osf.io/5azdg,5azdg,nodes,0,1,305,33,22,PCIRR-S1-Rozin-etal-1997-replication-snapshot-v1.docx | PCIRR-S1-Rozin-etal-1997-replication-snapshot-RNR-reply-v2-G.docx | PCIRR-S1-Rozin-etal-1997-replication-snapshot-RNR-v3-G.docx | PCIRR_Rozin_et_al_1997_replication_extension.pdf | PCIRR_Rozin_et_al_1997_replication_extension.docx | Leong-etal-2024-PCIRR-S1-Rozin-etal-1997-rep-ext-preprint-v1.pdf | PCIRR-S1-Rozin-etal-1997-replication-supplementary-v2-G.docx | PCIRR-S1-Rozin-etal-1997-replication-manuscript-v6-G.docx | PCIRR-S1-RNR-Rozin-etal-1997-replication-manuscript-v2-G-trackchanges.docx | PCIRR-S1-RNR-comparison-to-PCIRR-S1.pdf
10.17605/osf.io/6zvqe,6zvqe,nodes,0,0,0,14,10,Coding_scheme_for_the_application_of_reference_norms_in_the_open_ended_item.pdf | Manuskript_ZfE_Reg_Report.pdf | Neutral_graphical_display_high_level.pdf | Neutral_graphical_display_medium_level.pdf | Criterial_reference_norm_high_level.pdf | Criterial_reference_norm_medium_level.pdf | Individual_reference_norm_high_level.pdf | Individual_reference_norm_medium_level.pdf | Social_reference_norm_high_level.pdf | Social_reference_norm_medium_level.pdf
10.17605/osf.io/6v8e2,6v8e2,nodes,0,0,0,26,15,20189-PSYC-Mellers_et_al_2001_Conjunction_Effect.docx | Mellers_et_al_2001_Conjunction_Effect_Wong_Yui_Tung_revised Pre Registration-G.docx | Mellers et al 2001_Conjunction_Effect_LEUNG_YING_CHIT_revised pre-registration-G.docx | Mellers et al 2001_Conjunction_Fallacy_Fong Chi Long Brian_revised pre-registration-G.docx | Mellers et al 2001_Conjunction_Effect_Cheng Yat Hin_Revised preregistration-G.docx | Readme-Pre-registration Guide.docx | MetaPsych-CopyEdit-Mellers et al 2001 replication extension-manuscript-v14-G.docx | Chandrashekar et al 2020 MP Mellers et al 2001 replication extension-preprint-final-v2.pdf | MetaPsych-CopyEdit-Mellers et al 2001 replication extension-supplementary-v14-G.docx | MetaPsych-final-Mellers et al 2001 replication extension-title-page.docx
10.17605/osf.io/77gpt,77gpt,nodes,0,1,2016,154,9,Combined replication analysis.pdf | S4.pdf | S5-8.pdf | Experiment 2 preregistration.pdf | Experiment 1 preregistration.pdf | ROMB1 CDI.docx | ROMB1 consent.docx | ROMB1 debrief.docx | ROMB1 demographic.docx
10.17605/osf.io/786jg,786jg,nodes,0,0,0,50,11,JESP-final-PPNumbing-title-page.docx | JESP-final-PPNumbing-Supplementary.docx | Ziano et al-PPnumbing-replications-extensions-preprint-final.pdf | JESP-final-PPNumbing-Manuscript.docx | Psychophysical-numbing-replication.docx | Psychophysical-numbing-replication-before-exclusion.docx | Study 1a.docx | Study 1b.docx | Study 2a.docx | Study 2b.docx
10.17605/osf.io/8evf4,8evf4,nodes,0,0,0,12,11,"(ethics) Student Project Approval Form 1.8 .docx | Reviewer Response Form_2024-Gallagher-1.docx | Letter.pdf | effect_size_Buunk_1997.pdf | A_replication_Study_on_the_association_between_Birth_Order_Attachment_style_and_jealousy.docx | Descriptive statistics output.pdf | MANOVA Birth order and Jel.pdf | MANOVA Gender, Birth order and jel.pdf | MANOVA sibling types and jealousy.pdf | MANOVA Social birth order and jel.pdf"
10.17605/osf.io/7yfkc,7yfkc,nodes,0,1,331,60,20,Kruger_1999_study_1_replication__extension_Below_average_effect (1).docx | Kruger 1999 replication + extension main manuscript.docx | Kruger 1999 supplementary.docx | ANOVA_Power_Kruger1999-v2-G.docx | ANOVA_Power_Kruger1999-v2-G.pdf | Kruger_1999_Markdown_v5-G.docx | JDM-final-Kruger_1999-replication-extension-main-v2-G.docx | JDM-final-Kruger_1999-replication-extension-supplementary-SHORT-v1.docx | JDM-final-Kruger_1999-replication-extension-supplementary-LONG-v1.docx | Korbmacher-etal-2022-Kruger-1999-rep-exts-print.pdf
10.17605/osf.io/8hdu3,8hdu3,nodes,0,0,0,13,5,Gray et al (2011) Rep Ext Supplementary.docx | Gray et al (2011) Rep Ext Main Manuscript.docx | Tsang-Feldman-2021-Gray-etal-2011-replication-extension-preprint.pdf | Gray_etal_2011_Replication__Extension.docx | README.docx
10.17605/osf.io/8ymj6,8ymj6,nodes,0,0,0,6,3,Power Analyses.docx | Supporting information for preprint on PsyArXiv.docx | Supporting information for Accepted Manuscript Williams Bond 2020.docx
10.17605/osf.io/8ywgh,8ywgh,nodes,0,0,0,8,4,20220729 Supplement 1b all measures used in the study.docx | 20220729 Supplement 1c SEM young adults.docx | 202205 Supplement 3 German states _boxplots Dec2020.docx | Wolgast_Bruns_Remmers_Reinhaus_2023. Adults experiences during the pandemic. A replication study.pdf
10.17605/osf.io/8wd2b,8wd2b,nodes,0,1,220,34,14,"MetaPsych-Default Effects-SupplyMtrl-final.docx | Chandrashekar et al 2022 Default effects replications and extensions-preprint-final.pdf | MetaPsych-Default Effects-Manuscript-with-title-final.docx | MetaPsych-Default Effects-SupplyMtrl-final-V3.docx | Chandrashekar-etal-2023-MP-Default-effects-replications-extensions-print.pdf | Galley_MP_2022_3108_Chandrashekar.pdf | Johnson_Bellman_Lohse_2002_-_Johnson__Goldstein2003_Group_A_Instructor.docx | (Revised Version) HKU replication & extension main manuscript template (Johnson & Goldstein, 2003 & Johnson et al 2.docx | (Revised Version) HKU replication & extension supplementary template (Johnson & Goldstein, 2003 & Johnso.docx | JohnsonBellman2002-JohnsonGoldstein_2003-Group_B.docx"
10.17605/osf.io/7xbth,7xbth,nodes,0,1,454,7,1,CIA_NegEmo_GamblingPilot_Labnotes.docx
10.17605/osf.io/9u7tn,9u7tn,nodes,0,0,0,11,5,McKenna1993-Group-A-main-manuscript.docx | McKenna1993-Group-A-supplementary.docx | Transparency Report.pdf | McKenna1993-Group-B-supplementary.docx | McKenna1993-Group-B-main-manuscript.docx
10.17605/osf.io/9uwns,9uwns,nodes,0,1,74,28,18,20189-PSYC-Hsee_1998_Less_is_Better.docx | Hsee 1998_Less_is_Better_Nguyen Anna Thao Bich_revised Pre-Registration-G.docx | Hsee_1998_Less_is_Better_Hung_Wing_Yiu_revised Pre-registration-G.docx | Hsee_1998_less-is-better_effects_Leung_Wai_Yee_Michelle_Revised Pre-registration-G.docx | Hsee 1998 - Less is Better - Chan Stephanie - revised Pre-registered Replication-G.docx | README.docx | Collabra-final-Hsee-1998-replication extension-supplementary.docx | Collabra-final-Hsee-1998-replication extension-main-manuscript.docx | Collabra-final-Hsee-1998-replication extension-title-page.docx | Vonasch-etal-2023-Collabra-Less is better-Hsee1998-replication-extension-preprint-v7.pdf
10.17605/osf.io/9fvtq,9fvtq,nodes,0,1,673,26,21,Newman etal 2014 replication & extension-Shuk Ching Janet LEE-Thesis.pdf | Lee-Feldman-2025-PCIRRR-RSOS-Newman-etal-2014-RRR-preprint-v5.pdf | RSOS-Newman-etal-2014-RRR-main-manuscript.docx | RSOS-Newman-etal-2014-RRR-supplementary.docx | Lee-Feldman-2025-RSOS-PCIRRR-Newman-etal-2014-RRR-print-with-supp.pdf | Newman etal 2014 rep ext-PCIRR-snapshot.docx | Newman etal 2014 replication & extension main manuscript.docx | Lee & Feldman-trueself-morality-newman-etal-2014-replication-extension-preprint.pdf | Newman etal 2014 replication & extension supplementary.docx | Newman-etal-2014-effect-size-power-analyses-v2-G.docx
10.17605/osf.io/9vkat,9vkat,nodes,0,0,0,15,6,7_Codebook.docx | 5_Qualtrics_Template_WordForm.docx | Evans etal-Rottenstreich & Hsee 2001 rep ext-preprint-v2.pdf | 2_Manuscript_Supplementary.docx | 1_Manuscript_Revised.docx | 3_Review_Response.docx
10.17605/osf.io/a2tgb,a2tgb,nodes,0,1,30,25,11,Prereg-RR-style-Vastfjall-etal-2014-replication-extension-main-manuscript.docx | BI-realdata-analysis-v6-C-with-exclusions.docx | BI-realdata-analysis-v6-C-no-exclusions.docx | PCIP-Vastfjall-etal-2014-replication-extension-reply-to-decision-letter-annex-v4-G.docx | Mayiwar-etal-2026-PCIP-Vastfjall-etal-2014-replication-compassion-fade-preprint-v3.pdf | PCIP-Vastfjall-etal-2014-replication-extension-main-manuscript-v7-G.docx | PCIP-Vastfjall-etal-2014-replication-extension-title-page-v3-G.docx | PCIP-Vastfjall-etal-2014-replication-extension-cover-letter-v1.docx | PCIP-Vastfjall-etal-2014-replication-extension-supplementary-v3-G.docx | BI2_Vastfjall_et_al_2014_replication_and_extension.pdf
10.17605/osf.io/aytez,aytez,nodes,0,0,0,17,2,HenryObleserCruseyPeelle_RSOS_RR_R2_CLEAN4PREPRINT.pdf | Henry-2025-How_strong_is_the_rhythm_of_perception.pdf
10.17605/osf.io/b48nf,b48nf,nodes,0,1,1260,4,3,Stimuli Material.docx | online supplemental material.pdf | results w different video viewing cutoff time.docx
10.17605/osf.io/ad6xj,ad6xj,nodes,0,1,236,35,30,"PCI-RR-Hsee&Kunreuther2000-replication-extension-snapshot.docx | PCI-RR-Hsee&Kunreuther2000-replication-extension-cover-letter.docx | Hsee and Kunreuther (2000)-Effect-size-power_analysis.pdf | Hsee and Kunreuther (2000)-Effect-size-power_analysis.docx | PCI-RR Stage 1 Data Simulation - Replication and extensions of Hsee and Kunreuther (2000) Studies 1,2,4, and 5.pdf | RRR_Hsee__Kunreuther_2000_Affection_Effect.docx | Changes-tracked-RRR_Hsee__Kunreuther_2000_Affection_Effect.docx | RRR_Hsee__Kunreuther_2000_Affection_Effect.pdf | PCIRR-S1-Hsee&Kunreuther-2000_rep_ext-supplementary.docx | PCIRR-S1-Hsee&Kunreuther-2000_rep_ext-cover-letter.docx"
10.17605/osf.io/b25tr,b25tr,nodes,0,1,575,55,37,PCIRR_Arkes_etal_1994_Studies_1-3_Replication_Lily.docx | PCIRR_Arkes_etal_1994_Studies_1-3_Replication_Lily.pdf | Arkes-1994-PCIRR-replication-data-analysis-v5-G-full-sample.docx | Arkes-1994-PCIRR-replication-data-analysis-v5-G-shown-first.docx | PCIRR-S1-Arkes-etal-1994-RRR-cover-letter.docx | PCIRR-S1-Arkes-etal-1994-RR-main-manuscript.docx | PCIRR-S1-Arkes-etal-1994-RR-supplementary.docx | PCIRR-S1-Arkes-etal-1994-RRR-preprint-v1.pdf | PCIRR-S1-RNR-Arkes-etal-1994-RR-main-manuscript-track-changes.docx | PCIRR-S1-RNR-Arkes-etal-1994-RR-main-manuscript.docx
10.17605/osf.io/bqc74,bqc74,nodes,0,0,0,4,1,Role of Replication Survey downloaded from Qualtrics.pdf
10.17605/osf.io/bep78,bep78,nodes,0,1,581,26,25,Baron-Szymanska-2011-replication-extensions-Mannix.pdf | PCIRR-S2-final-Baron-Szymanska-2011-replication-extension-supplementary.docx | Chan-Feldman-2024-PCIRR-Baron-Szymanska-2011-replication-extension-preprint-final.pdf | PCIRR-S2-final-Baron-Szymanska-2011-replication-extension-main-manuscript.docx | Chan-Feldman-2025-RSOS-Baron-Szymanska-2011-replication-extension-preprint.pdf | RSOS-Baron-Szymanska-2011-replication-extension-supplementary.docx | RSOS-Baron-Szymanska-2011-replication-extension-main-manuscript.docx | Chan-Feldman-2025-RSOS-Baron-Szymanska-2011-replication-extension-print-with-supp.pdf | PCIRR-S1-Baron&Szymanska2011-rep-ext-cover-letter.docx | PCIRR-S1-Baron&Szymanska2011-rep-ext-snapshot-v2-G.docx
10.17605/osf.io/cj6zv,cj6zv,nodes,0,0,0,12,4,Galesic-etal-2009-RRR-main-manuscript.docx | Galesic-etal-2009-RRR-supplementary.docx | Galesic_et_al_2009_RRR.docx | Galesic_et_al_2009_RRR.pdf
10.17605/osf.io/cuqdz,cuqdz,nodes,0,1,1190,1,1,preprint.pdf
10.17605/osf.io/btm7v,btm7v,nodes,0,1,368,20,1,Pre-registered plan.pdf
10.17605/osf.io/c3yvk,c3yvk,nodes,0,0,0,19,4,"HKU replication & extension main manuscript (Fischhoff, Slovic, & Lichtenstein, 1977 - Group A).docx | HKU replication & extension supplementary (Fischhoff, Slovic, & Lichtenstein, 1977 - Group A).docx | Fischhoff etal 1977-Danny-Revised Final Report Supplementary.docx | Fischhoff etal 1977-Danny-Revised Final Report Main Manuscript.docx"
10.17605/osf.io/bj4e5,bj4e5,nodes,0,0,0,101,4,README.pdf | report.docx | report.docx | apaquarto.docx
10.17605/osf.io/cwvda,cwvda,nodes,0,0,0,10,5,Transparency Report.pdf | original article - Read et al. - 2005 - Four Score and Seven Years from Now The DateDela.pdf | No-Checks-Orange-Read-et-al-2005.docx | read2005-replication.pdf | Orange-Read-et-al-2005-Replication-Studies-1-2-4.docx
10.17605/osf.io/d3j2y,d3j2y,nodes,0,0,0,16,5,Gray-Wegner 2009-RRR-supplementary-v2-G.docx | Gray-Wegner 2009-RRR-manuscript-v3-G.docx | Xiao-Feldman-2025-Gray-Wegner-2009-replications-extensions-preprint-v2.pdf | Moral_Typecasting_replication_Gray_and_Wegner_2009.docx | Moral_Typecasting_replication_Gray_and_Wegner_2009.pdf
10.17605/osf.io/ef59b,ef59b,nodes,0,1,112,1,1,Corcoran_2018_in_principle_accepted_manuscript.pdf
10.17605/osf.io/e5wka,e5wka,nodes,0,0,0,14,3,StageOneSubmission.pdf | Registered Report Statement.docx | StageTwoSubmission.pdf
10.17605/osf.io/ejcaz,ejcaz,nodes,0,0,0,2,1,Appendix - Reference list.docx
10.17605/osf.io/e47jh,e47jh,nodes,0,1,166,39,17,CHAN-Angela-Nga-Yi-2024-Bown-etal-2003-replication-thesis.pdf | PCIRR-Bown-etal-2003-replication-cover-letter.docx | PCIRR-Bown-etal-2003-replication-snapshot.docx | PCIRR-S1-Bown-etal-2003-replication-extension-Registered-Report-supplementary.docx | PCIRR-S1-Bown-etal-2003-replication-extension-Registered-Report-cover-letter.docx | PCIRR-S1-Bown-etal-2003-replication-extension-Registered-Report-main-manuscript.docx | Chan-Feldman-2024-PCIRR-S1-Bown-etal-2003-replication-extension-Registered-Report-preprint.pdf | Bown_etal_2003_replication_extension_PCIRR.docx | Bown_etal_2003_replication_extension_PCIRR.pdf | README.docx
10.17605/osf.io/e5k4j,e5k4j,nodes,0,0,0,44,19,McKenzie_et_al_2006_Questionnaire_pre-registration.pdf | McKenzie_et_al_2006_Questionnaire_pre-registration.docx | PCIRR-S1-McKenzie-etal-2006-replication-extension-supplementary-v5-G.docx | Teng-etal-2024-PCIRR-S1-McKenzie-etal-2006-RRR-preprint-v1.pdf | PCIRR-S1-McKenzie-etal-2006-replication-extension-manuscript-v14-G.docx | PCIRR-S1-RNR-McKenzie-etal-2006-replication-extension-manuscript-v6-G.docx | Teng-etal-2025-McKenzie-etal-2006-RRR-preprint-v2.pdf | PCIRR-S1-RNR-McKenzie-etal-2006-replication-extension-supplementary-v1-L.docx | McKenzie_et_al_2006_Questionnaire_pre-registration.pdf | McKenzie_et_al_2006_Questionnaire_pre-registration.docx
10.17605/osf.io/eqy76,eqy76,nodes,0,0,0,22,8,16-53b (2018-01-11) AmendApproval.docx | 16-53 (2017-08-31) EthicsForm_ICHR.docx | variable_key_for_upload.docx | multisite_hallucinations_preprint_v2.pdf | multisite_hallucinations_supplemental_preprint_v2.pdf | LSHS - 16 items.docx | CAPS - 32 items.docx | ACE - 17 items.docx
10.17605/osf.io/fnb9g,fnb9g,nodes,0,0,0,6,2,ReubenLevin_Preregistration_fw_lr.pdf | bachelors_thesis_LR.pdf
10.17605/osf.io/erza6,erza6,nodes,0,1,1736,1,1,F.Zhang_ReMo_Munster_Official.pdf
10.17605/osf.io/fcwnr,fcwnr,nodes,0,1,1234,65,1,Meta-analyses and robustness check.pdf
10.17605/osf.io/fmuv2,fmuv2,nodes,0,1,314,42,27,Chan&Feldman-2023-PCIRR-McCullough_etal_1997-replication-extension-final.pdf | Chan-Feldman-2024-CogEmo-McCullough-etal-1997-replication-extension-preprint-final.pdf | Chan-Feldman-2024-CogEmo-McCullough-etal-1997-replication-extension-print+supp.pdf | Dummy_data_analysis.docx | Effect_size_and_power_analysis_for_original_study.docx | RRR_McCullough_etal_1997_rep_ext.pdf | RRR_McCullough_etal_1997_rep_ext.docx | PCIRR-S1-McCullough_etal_1997_rep_ext-cover-letter.docx | PCIRR-S1-McCullough_etal_1997_rep_ext-supplementary.docx | Chan&Feldman-PCIRR-Stage1-McCullough_etal_1997-replication-extension-preprint.pdf
10.17605/osf.io/g2zv6,g2zv6,nodes,0,1,37,17,7,Strohminger__Nichols_2014_Essential_Moral_Self_replication__extension.docx | Strohminger & Nichols (2014) replication & extension_ main manuscript.docx | Strohminger & Nichols (2014) replication & extension_ supplementary.docx | Wong-Feldman-2019-Strohminger-Nichols-2014-rep-ext-preprint.pdf | Strohminger&Nichols(2014)-rep-ext-supplementary-v2.docx | Strohminger&Nichols(2014)-rep-ext-main-manuscript-v2.docx | Variable computation and data preparation procedure.docx
10.17605/osf.io/fxpwb,fxpwb,nodes,0,1,132,27,8,Svenson_1981_Linkoping_replication__extension.docx | Svenson 1981 replication pre-registration (integrated).docx | MP-Svenson 1981-Supplementary-after-reprocheck.docx | MP-Svenson 1981-Manuscript-after-reprocheck.docx | Koppel et al-Svenson 1981-replication-extension-preprint-after-repro-check.pdf | Koppel et al-2023-Svenson1981-replication-extension-print.pdf | Svenson_output.pdf | 2932_reproducibility_check_responseLK.docx
10.17605/osf.io/g9czs,g9czs,nodes,0,1,571,34,20,Ding-Feldman-2025-RSOS-PCIRR-Fox-Rottenstreich-2003-RRR-preprint-v1.pdf | Ding-Feldman-2025-RSOS-PCIRR-Fox-Rottenstreich-2003-RRR-print-with-supp.pdf | PCIRR-S1-Fox-Rottenstreich-2003-replication-snapshot.docx | PCIRR-S1-Fox-Rottenstreich-2003-replication-cover-letter.docx | PCIRR-S1-Fox-Rottenstreich-2003-replication-cover-letter.docx | PCIRR-S1-Fox-Rottenstreich-2003-replication-main-manuscript.docx | Ding-Feldman-2024-PCIRR-S1-Fox-Rottenstreich-2003-replication-registered-report-preprint.pdf | PCIRR-S1-Fox-Rottenstreich-2003-replication-supplementary.docx | Fox_and_Rottenstreich_2003_replication_extension.docx | Fox_and_Rottenstreich_2003_replication_extension.pdf
10.17605/osf.io/gax7j,gax7j,nodes,0,0,0,21,9,text_exp.docx | text_control.docx | Manuscript original.docx | Table 1. lmer analyses 2W.docx | ShortManuscript_16082023.docx | Table 2. correlation table.docx | Table 3. lmer main analyses.docx | Table 4 and 5. lmer exploratory analyses.docx | Figure 1 - suppl.docx
10.17605/osf.io/fujsv,fujsv,nodes,0,1,600,42,29,RSOS-Fox-etal-2005-RRR-main-manuscript-v2.docx | RSOS-Fox-etal-2005-RRR-supplementary.docx | Li-Feldman-2026-RSOS-Fox-etal-2005-RRR-preprint.pdf | Fox etal 2005-rep-ext-PCIRR-Stage1-Snapshot.docx | Fox et al 2005 replication & extension main manuscript.docx | Fox et al 2005 replication & extension supplementary.docx | Li & Feldman-partition-dependence-Fox-etal-2005-replication-extension-preprint.pdf | RRR_Fox_Ratner_and_Lieb_2005_Studies_125_replication__extension.docx | RRR_Fox_Ratner_and_Lieb_2005_Studies_125_replication__extension.pdf | Fox-etal-2005-rep-ext-data-analysis-Study5-v3-G.docx
10.17605/osf.io/ghfy4,ghfy4,nodes,0,1,632,44,28,Chan-etal-2025-PCIRR-RSOS-Tsang2006-replication-extension-preprint-final.pdf | RSOS-PCIRR-S2-final-Tsang2006-replication-extension-main-manuscript-v1.docx | RSOS-PCIRR-S2-final-Tsang2006-replication-extension-supplementary-v1.docx | Chan-etal-2025-PCIRR-RSOS-Tsang2006-replication-extension-print.pdf | PCIRR-Tsang2006-Replication-extension-cover-letter.docx | Chan-etal-PCIRR-Stage1-Tsang2006-replication-extension-preprint.pdf | PCIRR-Tsang2006-Replication-extension-main-manuscript.docx | PCIRR-Tsang2006-Replication-extension-supplementary.docx | RRR_Tsang_2006_Studies_23.pdf | RRR_Tsang_2006_Studies_23.docx
10.17605/osf.io/he5za,he5za,nodes,0,1,209,6,6,Questionnaire booklet.docx | finger_counting_instructions.pdf | Experimenters_instructions_booklet.docx | Colling+Szucs16_RegRep_protocol.docx | Colling+Szucs16_RegRep_ProposedAnalysis.docx | Checklist.docx
10.17605/osf.io/gs2rx,gs2rx,nodes,0,1,1262,22,8,"Pronin__Ross_2006_studies_1-3_Temporal_Distance_Nadia.docx | Temporal asymmetry (Pronin & Ross, 2006)_ Main manuscript .docx | Temporal asymmetry (Pronin & Ross, 2006)_ Supplementary.docx | IRSP-Pronin  Ross 2006 replication extension-main-CE-v4-G-NC.docx | IRSP-Pronin & Ross 2006 replication extension-supplementary-CE-v2-G-NC.docx | Adelina & Feldman 2021-Pronin & Ross 2006-replication and extension-print.pdf | Effect-size-and-power-analysis.pdf | Real-data-analysis--post-exclusions--v2.pdf"
10.17605/osf.io/h2pqu,h2pqu,nodes,0,1,257,39,21,PCIRR-S2-final-Bastian-etal-2012-replication-main-manuscript-v1.docx | PCIRR-S2-final-Bastian-etal-2012-replication-supplementary-v1.docx | Jacobs-etal-2024-PCIRR-endorsed-Bastian-etal-2012-replication-preprint-v5.pdf | Jacobs-etal-2024-IRSP-PCIRR-endorsed-Bastian-etal-2012-replication-print-official.pdf | PCIRR-Stage1-Snapshot-Bastian-v5.docx | PCI-RR snapshot cover letter-v1-G.docx | Jacobs-etal-PCIRR-Bastian-etal-2012-replication-preprint.pdf | Bastian-etal-2012-Replication-PCIRR-Manuscript-v7.docx | Bastian-etal-2012-Replication-PCIRR-Supplementary-v6.docx | Bastian-etal-2012-rep-ext-Sensitivity-Analysis.docx
10.17605/osf.io/hw4av,hw4av,nodes,0,0,0,19,5,Kozak et al. (2006) Replication and Extension_ Supplementary.docx | Kozak_et_al_2006_Replication_and_Extension.docx | Kozak et al. (2006) Replication and Extension_ Main manuscript.docx | Wong-Feldman-2021-Kozak-etal-2006-replication-preprint.pdf | R code.docx
10.17605/osf.io/hbjyv,hbjyv,nodes,0,0,0,16,9,Karmarkar__Tormala_replication_v3_anon.docx | RR1-K&T2010-Rep-Rev2-V1-Anon.docx | Supplement-K&T2010-Rep-RR1-Rev2.docx | RRStage1_KarmarkarTormala2010replication_AcceptedInPrinciple.pdf | RR2-SupMtrl-K&T2010-V1.docx | RR2-MS-K&T2010-V2-Anon.docx | RR2-MS-K&T2010-V3-Final-Preprint.pdf | Karmarkar__Tormala_replication_v2.docx | calculation-of-Karmarkar-and-Tormala-ES.docx
10.17605/osf.io/j3fyq,j3fyq,nodes,0,1,4439,37,5,replication recipe checklist - redromance - in person.docx | replication recipe checklist - redromance - online.docx | Red-Attraction_-_In-person.docx | Romantic Red - Qualtrics Study - Word Export.docx | Romantic Red - Screen - Word Export.docx
10.17605/osf.io/jgrz3,jgrz3,nodes,0,0,0,22,5,Gervais Replication Masked Final.docx | Open Science of Religion Materials.docx | Supplemental.pdf | S1Results.docx | S2Results.docx
10.17605/osf.io/jmknw,jmknw,nodes,0,0,0,18,8,Materials.docx | rrr_stage-1_the-blame-game-main-text.docx | Instructions and informed consent.docx | Materials_translation_final.docx | Study 2a (Croatian) materials SurveyMonkey.pdf | Study 1a (Croatian) materials SurveyMonkey.pdf | Study 1b (English) materials SurveyMonkey.pdf | Study 2b (English) materials SurveyMonkey.pdf
10.17605/osf.io/j6wmn,j6wmn,nodes,0,0,0,28,1,README_LLMs API Calls.docx
10.17605/osf.io/me58c,me58c,nodes,0,0,0,0,0,
10.17605/osf.io/kbz5n,kbz5n,nodes,0,0,0,2,2,prereg_2021_DALIM.docx | prereg_2021_DALIM_(versioning_erratum).docx
10.17605/osf.io/mqvyf,mqvyf,nodes,0,1,223,8,3,Al-Tammemi_covid_8ePX - Preregistration.pdf | Materials.docx | SCORE Report Al-Tammemi_covid_8ePX-Buchanan_8m71.docx
10.17605/osf.io/mns7j,mns7j,nodes,0,1,119,32,26,PCIRR-S1-snapshot-Tversky&Kahneman1971-replication-extension-cover-letter.docx | PCIRR-S1-snapshot-Tversky&Kahneman1971-replication-extension.docx | PCIRR_Tversky__Kahneman_1971_Replication__extension.docx | PCIRR_Tversky__Kahneman_1971_Replication__extension.pdf | PCIRR-S1-Tversky&Kahneman-1971-rep-ext-cover-letter.docx | PCIRR-S1-Tversky&Kahneman-1971-rep-ext-supplementary.docx | Hong&Feldman-PCIRR-Tversky&Kahneman-1971-rep-ext-preprint.pdf | PCIRR-S1-Tversky&Kahneman-1971-rep-ext-main-manuscript.docx | README.docx | Tversky-Kahneman1971-analyses-v2-G.docx
10.17605/osf.io/j6tqr,j6tqr,nodes,0,1,604,46,35,RSOS-Norton-etal-2007-rep-ext-supplementary.docx | RSOS-Norton-etal-2007-rep-ext-main-manuscript.docx | Horsham-etal-2025-RSOS-Norton-etal-2007-rep-ext-preprint.pdf | horsham-et-al-does-learning-more-about-others-impact-liking-them-replication-and-extension-registered-report-of-norton.pdf | Horsham-etal-2025-RSOS-Norton-etal-2007-rep-ext-print-with-supp.pdf | rsos250441_si_001.docx | PCIRR-S1-Norton-etal-2007-rep-ext-main-manuscript.docx | PCIRR-S1-Norton-etal-2007-rep-ext-supplementary-v3-G.docx | Horsham-etal-PCIRR-Norton-etal-2007-rep-ext-preprint.pdf | PCIRR-S1-Norton-etal-2007-rep-ext-cover-letter.docx
10.17605/osf.io/n4jkh,n4jkh,nodes,0,1,284,30,8,"Small, Loewenstein & Slovic (2007) Replication & extension_ Main manuscript.docx | Small, Loewenstein & Slovic (2007) Replication & Extension_ Supplementary.docx | Small_Loewenstein__Slovic_2007_Study1__3_Replication__Extension.docx | Maier-etal-2023-Collabra-Small-etal-2007-replication-extension-print.pdf | Maier-etal-2023-Collabra-Small-etal-2007-replication-extension-print-correction-v1.pdf | collabra_2023_9_1_90203_187059-Peer Review and Communication History.docx | collabra_2023_9_1_90203_187057-response-to-JDM-letter.pdf | collabra_2023_9_1_90203_187058-JDM-decision-letter-forwarding.pdf"
10.17605/osf.io/ncb6d,ncb6d,nodes,0,0,0,2,1,README.pdf
10.17605/osf.io/nhqc4,nhqc4,nodes,0,1,105,27,7,Kahneman__Tversky-1972-Representativeness_Heuristics-Qualtrics_Survey.docx | Kahneman & Tversky (1972)_ Replication & extension - supplementary.docx | Kahneman & Tversky (1972)_ Replication & extension - main manuscript.docx | results_for_statcheck.docx | QJEP-final-Kahneman-Tversky-1972-repext-main-manuscript-v3-G.docx | QJEP-final-Kahneman-Tversky-1972-repext-supplementary.docx | Mayiwar-etal-Kahneman-Tversky-1972-repext-preprint-final-v2-corrections.pdf
10.17605/osf.io/knjhu,knjhu,nodes,0,1,526,33,14,20189-PSYC-Baron_Hershey_1988_Outcome_bias.docx | Baron Hershey_1988_Outcome Bias_Ng Ka Yuk(Sara)_article analysis-revised-G.docx | Baron Hershey_1988_Outcome Bias_Ng Ka Yuk(Sara)_revised pre-registration-G.docx | Baron Hershey 1988_Outcome bias_Kam Hoi Ching_Revised_Pre-registration-G.docx | Aiyer-etal-2023-IRSP-Baron-Hershey1988-replication-extension-preprint-final.pdf | IRSP-final-BH1988-rep-ext-supplementary-v2-G.docx | IRSP-final-BH1988-rep-ext-main-manuscript-v3-G.docx | Aiyer-etal-2023-IRSP-Baron-Hershey1988-replication-extension-print.pdf | analysisWITHExcludedData.docx | OutcomeBiasAnalysis-v4-Raj.docx
10.17605/osf.io/n9zp4,n9zp4,nodes,0,1,280,28,25,Dinner-etal-2011-Yam-Moon-Ling-Monique-thesis.pdf | PCI-RR-Dinner etal 2011 Replication-Extension-Snapshot-v3-G.docx | PCI-RR-Dinner etal 2011 Replication-Extension-cover-letter.docx | RRR_Dinner_et_al_2011_replication__extensions.pdf | RRR_Dinner_et_al_2011_replication__extensions.docx | PCIRR-S1-Dinner-etal-2011-rep-ext-cover-letter.docx | PCIRR-S1-Dinner-etal-2011-rep-ext-supplementary.docx | PCIRR-S1-Dinner-etal-2011-rep-ext-main-manuscript.docx | Yam&Feldman-PCIRR-S1-Dinner-etal-2011-rep-ext-preprint.pdf | SimulatedDataAnalysis-Replication-Dinner-etal-2011-v12-M.pdf
10.17605/osf.io/p3scn,p3scn,nodes,0,0,0,1,1,MathConceptualReplication.docx
10.17605/osf.io/ncbq2,ncbq2,nodes,0,0,0,23,5,Pronin-etal-2001-replication-GroupA-mainmanuscript.docx | Pronin-etal-2001-replication-GroupA-supplementary.docx | Transparency Report-2.pdf | Pronin-etal-2001-replication-GroupB-mainmanuscript.docx | Pronin-etal-2001-replication-GroupB-supplementary.docx
10.17605/osf.io/pb9w7,pb9w7,nodes,0,1,0,22,1,Mertens & Morriss 2020 IU and threat reversal_preprint.docx
10.17605/osf.io/p4rgd,p4rgd,nodes,0,0,0,7,4,Norm Theory-past-regret-Pre-registration-exp2-v1.docx | Replication_Impact_of_past_behavior_norms_on_regret_-_Second_run-anonymous.docx | Norm Theory-past-regret-Pre-registration-exp1-v4-previous-replication.docx | Kutscher-Feldman-2018-CogEmo-past-behavior-regret-exceptionality-replication-extension-supplementary.pdf
10.17605/osf.io/q9myv,q9myv,nodes,0,3,1721,7,5,Readings and Prompts for Discussion Board Assignment.docx | Assigned Role-Play Readings.docx | Prompts 1 and 2 and Examples of Student Responses.docx | Prompt 3 and Examples of Student Responses.docx | RMarkdown_FL19_Ethics_Analyses_032321_OSF.docx
10.17605/osf.io/r26m7,r26m7,nodes,0,0,0,5,2,Paper_ConsensusMessaging_Manuscript_pre_print.pdf | GBM_Study1.pdf
10.17605/osf.io/ptqwm,ptqwm,nodes,0,1,1014,141,2,description of public data and variables.pdf | results of the analysis with ICA.pdf
10.17605/osf.io/qbp4g,qbp4g,nodes,0,0,0,31,6,Hsee and Rottenstreich (2004) replication & extension_ Supplementary.docx | Hsee and Rottenstreich (2004) replication & extension_ Main manuscript.docx | Tam-Feldman-2021-Hsee-Rottenstreich-2004-replication-preprint.pdf | Hsee__Rottenstreich_2004_Replication__Extension-v2.docx | Panda stimuli-prep.docx | Hsee_and_Rottenstreich_2004_replication__extension_DUMMY_DATASET.docx
10.17605/osf.io/rgyv5,rgyv5,nodes,0,0,0,38,4,Preregistration Form.pdf | Relevant_Channel.pdf | Questionnaire_German.pdf | Questionnaire_English.pdf
10.17605/osf.io/pm264,pm264,nodes,0,1,861,35,24,Petrov-etal-PCIRR-Soman-2001-replication-extension-preprint-v6.pdf | Petrov-etal-2023-IRSP-Soman-2001-replication-extension-official-print+supp+PCIRR-review-correction.pdf | Sunk-cost-effect_PCIRR-Stage1-Snapshot-v2-G.docx | PCI-RR snapshot cover letter-v1-G.docx | PCIRR-Soman 2001-Replication-Supplementary-v6-G.docx | PCIRR-Soman 2001-Replication-Manuscript-v6-G.docx | Petrov-etal-PCIRR-Soman-2001-replication-extension-preprint.pdf | Soman-2001---Power-analysis-script-v2-G.pdf | RRR_PCIRR_Soman_2001_Studies_1_2__5.pdf | RRR_PCIRR_Soman_2001_Studies_1_2__5.docx
10.17605/osf.io/rvpzf,rvpzf,nodes,0,1,104,2,2,Chandrashekar-Feldman-2025-JDM-reply-to-Shafir-commentary-on-choosing-rejecting-preprint-v6-final.pdf | Chandrashekar-Feldman-2025-JDM-reply-to-Shafir-commentary-on-choosing-rejecting-print.pdf
10.17605/osf.io/rv9mw,rv9mw,nodes,0,1,149,29,6,20189-PSYC-Shafir_et_al_1997.docx | Shafir et al_1997_Li Jie_Revised Pre-registration-G.docx | Shafir et al_1997_Money illusion_Lei Hoi Ching_revised Preregistraion-G.docx | Shafir et al_1997_Money_Illusion_Anvita_Revised Pre-Registration-G.docx | Shafir et al_1997_Tsun Shue Man_revised pre-registration-G.docx | Ziano et al 2021 Money illusion Shafir-etal-1997 Replication Extension-preprint.pdf
10.17605/osf.io/rwdn6,rwdn6,nodes,0,1,307,24,17,WOO-Rachael-TseLyn-2024-Barasch-etal-2014-replication-thesis.pdf | PCIRR-Barasch-etal-2014-replication-snapshot.docx | PCIRR-Barasch-etal-2014-replication-cover-letter.docx | Barasch-etal-2014-replication-extension-Registered-Report-supplementary.docx | Barasch-etal-2014-replication-extension-Registered-Report-cover-letter.docx | Barasch-etal-2014-replication-extension-Registered-Report-main-manuscript.docx | Woo-Feldman-2024-PCIRR-Barasch-etal-2014-replication-extension-Registered-Report-preprint.pdf | Barasch_et_al_2014_replication_and_extension_PCIRR.docx | Barasch_et_al_2014_replication_and_extension_PCIRR.pdf | README.docx
10.17605/osf.io/s9fxy,s9fxy,nodes,0,0,0,22,10,"In-class experiment report-2.docx | Weinstein_1980_GroupA_Replication & Extension_Main Manuscript.docx | Weinstein_1980_GroupA_Replication & Extension_Supplementary.docx | replication & extension main manuscript (Weinstein, 1980 - Group A).docx | Weinstein_1980_Unrealistic_Optimism_Group_A.docx | replication & extension supplementary (Weinstein, 1980 - Group A).docx | Weinstein1980-Unrealistic_Optimism-Group_B-Event_RatingAnxiety-Final.docx | replication & extension supplementary (Weinstein, 1980 - Group B).docx | replication & extension main manuscript (Weinstein, 1980 - Group B).docx | Replication_Jamovi Variable Computation and Filter Code.docx"
10.17605/osf.io/t7jjk,t7jjk,nodes,0,0,0,6,3,Tucker-Drob et al 2014 Person x Nation Int.pdf | Tucker-Drob et al 2014 Person x Nation Int SUPP.pdf | Zheng PISA PS.pdf
10.17605/osf.io/t7vf8,t7vf8,nodes,0,0,0,35,3,Pre-registering Experiment 1 2 3 Analysis Plan.docx | Pre-registering Experiment 1 2 3 Hypothesis.docx | Pre-registering Experiment 1 2 3 Method.docx
10.17605/osf.io/sufjn,sufjn,nodes,0,1,865,62,8,SPPS-final-AH-Replication-extension-title-page-v1.docx | Efendić et al-2022-affect-heuristic-replication-extension-preprint-final.pdf | SPPS-final-AH-Replication-extension-supplementary-v1.docx | SPPS-final-AH-Replication-extension-main-manuscript-v1.docx | Efendić et al-2022-affect-heuristic-replication-extension-print.pdf | tech95questionaire.pdf | ReadMe_Pre-registration.docx | Method-RNR3-V10-P.pdf
10.17605/osf.io/tjq9w,tjq9w,nodes,0,0,0,6,5,20190220AA_survey_wave2.pdf | 20190220AA_survey_wave1.pdf | 20190220AA_headlines.pdf | yougov-statement.pdf | egap-fake-news-tips-postelection18-blind.pdf
10.17605/osf.io/umj4h,umj4h,nodes,0,1,1078,10,2,Supplementary Materials.pdf | Power Analysis.pdf
10.17605/osf.io/thnmu,thnmu,nodes,0,0,0,8,8,Stage 1 Registered Report_PCIRR_0605.docx | Stage 1 Registered Report_PCIRR_0615.docx | Stage 1 Registered Report_PCIRR_0615_revised_clean.docx | Stage 1 Registered Report_PCIRR_0615_revised_blue.docx | Supplementary Materials_0615.pdf | Supplementary Materials_0915_revised_v2.pdf | Stage 1 Registered Report_PCIRR_0915_revised_blue.docx | Stage 1 Registered Report_PCIRR_0915_revised_clean.docx
10.17605/osf.io/uv9sn,uv9sn,nodes,0,1,2474,1,1,Bachelorthesis.pdf
10.17605/osf.io/t5kz9,t5kz9,nodes,0,1,575,25,20,Lerner&Keltner-2001-rep-ext-ose Sirui LU-Thesis.pdf | PCIRR-S2-final-Lerner-Keltner-2001-replication-main-manuscript.docx | PCIRR-S2-final-Lerner-Keltner-2001-replication-supplementary.docx | Lu-etal-2024-PCIRR-S2-Lerner-Keltner-2001-rep-ext-final.pdf | Lu-etal-2025-JPSP-PPID-PCIRR-Lerner-Keltner-2001-RRR-preprint-v6.pdf | PCIRR-snapshot-Lerner&Keltner(2001)-rep-ext-v4-S.docx | PCIRR Lerner & Keltner (2001)_ Replication and Extension supplementary.docx | PCIRR Lerner & Keltner (2001)_ Replication and Extension main manuscript.docx | Lu & Feldman-PCIRR-Lerner-Keltner-2001-rep-ext-preprint.pdf | RRR_Lerner__Keltner_2001_Replication_and_Extension.pdf
10.17605/osf.io/vdu4b,vdu4b,nodes,0,0,0,12,12,Ethics Form.docx | Ethics Documents.docx | Plan for meeting 27.01.docx | Meeting 03.03.docx | Plan for meeting 15.03.docx | Meeting Plan 31.03.docx | effect_size_Buunk_1997.pdf | Jealousy Project Questionnaire.docx | Amendment to study.docx | Cleansing Data.docx
10.17605/osf.io/vhbek,vhbek,nodes,0,0,0,1,0,
10.17605/osf.io/ve9bg,ve9bg,nodes,0,0,0,21,9,20189-PSYC-Shafir_1993_Choosing_vs_Rejecting.docx | Shafir_1993_Choosing_Versus_Rejecting_Won_Young_Cho_Pre-registration_Revised-G.docx | Shafir_1993_Choosing versus rejecting_Chan szeying_revised pre-registration-G.docx | Shafir (1993)_Options betterworse_Jasmin Weber_revised pre-registration-G.docx | Shafir-1993-Choosing vs rejecting-Connie Chu Tsz Ching-pre-registration_revised-G.docx | Chandrashekar et al 2020 Shafir (1993) replication and extensions-preprint-v4.pdf | Method-v2-G.pdf | SupplyMtrl.pdf | Method-RNR2-V1-P.pdf
10.17605/osf.io/vrn4u,vrn4u,nodes,0,0,0,0,0,
10.17605/osf.io/v2w5h,v2w5h,nodes,0,1,374,42,12,Carter and Gilovich (2012) replication and extension Supplementary.docx | Carter and Gilovich (2012) replication and extension Main manuscript.docx | Codebook.pdf | Chen-etal-2023-Collabra-Carter&Gilovich2012-replication-extension-print.pdf | collabra_2023_9_1_57785_123946.docx | collabra_2023_9_1_57785_123947.docx | Carter_and_Gilovich_2012_Study_3A_3B_3C_5_and_extension.docx | Collabra-final-carter-gilovich-2012-rep-ext-title-page.docx | Collabra-final-carter-gilovich-2012-rep-ext-main-manuscript.docx | combined_comparison.pdf
10.17605/osf.io/vdqek,vdqek,nodes,0,2,1254,28,22,WONG-Chris-ChunLam-2024-Read-etal-1999-replication-thesis.pdf | RSOS-S2-final-Read-etal-1999-RRR-main-manuscript.docx | Wong-Feldman-2024-RSOS-Read-etal-1999-RRR-preprint-final.pdf | RSOS-S2-final-Read-etal-1999-RRR-supplementary.docx | Wong-Feldman-2025-RSOS-Read-etal-1999-RRR-print-with-suppl.pdf | PCIRR-S1-Read-etal-1999-replication-snapshot.docx | PCIRR-S1-Read-etal-1999-replication-cover-letter.docx | Wong-Feldman-2024-PCIRR-Read-etal-1999-replication-extension-Registered-Report-preprint.pdf | Read-etal-1999-replication-extension-Registered-Report-cover-letter.docx | Read-etal-1999-replication-extension-Registered-Report-main-manuscript.docx
10.17605/osf.io/w5hjm,w5hjm,nodes,0,0,0,2,2,replicationPAP.docx | replicationPAP_updated2021.docx
10.17605/osf.io/w49sz,w49sz,nodes,0,1,51,21,4,Follow-up_Protocol_MSc_thesis_Vrazitulis_230405_final.pdf | Important_Addendum_230412_to_Follow-up_Protocol_MSc_thesis_Vrazitulis_230405.pdf | MSc_thesis_Vrazitulis.pdf | Vrazitulis_et_al_Poster_for_XPrag_X_2023.pdf
10.17605/osf.io/vntra,vntra,nodes,0,1,3393,42,6,Preregistration_09062022.pdf | task_instructions_with_translations.docx | participant_demographic_information.docx | PreRegStatisticalModels_09062022.pdf | README.pdf | DescriptiveStatistics.docx
10.17605/osf.io/wd7zv,wd7zv,nodes,0,1,172,32,5,Jealousy_Replication-psyarxiv.pdf | Amendment to registration- regarding marriage..pdf | Qualtrics survey.docx | Post-study Replication recipe..pdf | effect size-original.pdf
10.17605/osf.io/wnsah,wnsah,nodes,0,0,0,2,1,Thesis.docx
10.17605/osf.io/w9gks,w9gks,nodes,0,0,0,35,0,
10.17605/osf.io/wmqtb,wmqtb,nodes,0,0,0,16,4,Heath_et_al_1999_Replication__extension.docx | Goals As Reference Points 1999 supplementary.docx | Goals As Reference Points 1999 main manuscrip.docx | Au-Feldman-2020-Heath-etal-1999-replication-extension-revisiting-goals-as-reference-points-preprint.pdf
10.17605/osf.io/x29k7,x29k7,nodes,0,1,1511,25,19,Stage 1 Registered Report_PCIRR.pdf | Stage 1 Registered Report_PCIRR.docx | Certification by the Ethics Committee.pdf | Power-analysis.pdf | Power-analysis_revised.pdf | stage1_revised_clean text.docx | stage1_revised_with changes.docx | stage1_revised_with changes.docx | stage1_revised_clean text.docx | stage1_revised_clean text.pdf
10.17605/osf.io/x6cq9,x6cq9,nodes,0,0,0,16,6,Hsee & Zhang 2004 Distinction Bias pre-registration.docx | Hsee__Zhang_2004_Distinction_Bias_Replication__Extension-FULL.docx | Anvari Olsen Hung & Feldman 2020 JESP Hsee & Zhang 2004 replication extension-preprint.pdf | Hsee__Zhang_2004_Distinction_Bias_Replication__Extension-FULL.docx | Hsee__Zhang_2004_Distinction_Bias_Replication__Extension-FULL.pdf | Hsee__Zhang_2004_testing_copy-paste_task.docx
10.17605/osf.io/xcy9f,xcy9f,nodes,0,0,0,37,8,20190215-Caruso 2008 temporal value asymmetry_pre-reg replication-G.docx | Caruso_etal_2008_2010_Temporal_Value_Asymmetry_Full.docx | Dissertation_3035585310.pdf | Dissertation_3035585310.docx | JOEP-final-TVA-replication-supplementary.docx | El Halabi et al-2022-JOEP-TVA replication & extension-preprint-final.pdf | JOEP-final-TVA-replication-main-v6.docx | ElHalabi-etal-2022-JOEP-TVA-replication-extension-print.pdf
10.17605/osf.io/y9p7u,y9p7u,nodes,0,1,414,50,13,"Effect-size-calculations.docx | READMEFIRST.docx | Collabra-final-Heyman&Ariely-rep-ext-supplementary.docx | Imada etal-Heyman & Ariely 2004-reps-exts-preprint-final.pdf | Collabra-final-Heyman&Ariely-rep-ext-main.docx | Collabra-final-Heyman&Ariely-rep-ext-title-page.docx | Imada etal-Heyman & Ariely 2004-reps-exts-print.pdf | Heyman__Ariely_2004_Group_A.docx | replication & extension main manuscript (Heyman & Ariely, 2004 - Group A).docx | replication & extension supplementary (Heyman & Ariely, 2004 - Group A).docx"
10.17605/osf.io/yp7s3,yp7s3,nodes,0,0,0,4,1,AsPredicted (for peer-review only) #11700.pdf
10.17605/osf.io/ynr69,ynr69,nodes,0,0,0,12,4,Newman-Bloom-2012-RRR-main-manuscript-v3-G.docx | Newman-Bloom-2012-RRR-supplementary-v3-G.docx | Newman_Bloom_2012_RRR.pdf | Newman_Bloom_2012_RRR.docx
10.17605/osf.io/zrjy4,zrjy4,nodes,0,0,0,1,0,
10.17605/osf.io/ycxh3,ycxh3,nodes,0,1,56,25,17,Curley et al 1986-rep-ext-PCIRR snapshot.docx | Curley et al 1986 replication & extension main manuscript.docx | Yiu & Feldman-ambiguity-avoidance-Curley-etal-1986-replication-extension-preprint.pdf | Curley et al 1986 replication & extension supplementary.docx | Dawn-Original-Effect-Sizes-v2-G.docx | Dawn-Original-Effect-Sizes-v2-G.pdf | RRR_Curley_Yates_and_Abram_1986_Ambiguity_Avoidance_Studies_1_2_4.docx | RRR_Curley_Yates_and_Abram_1986_Ambiguity_Avoidance_Studies_1_2_4.pdf | Curley-et-al-1986-replication-extension-data-analysis.pdf | Curley-et-al-1986-replication-extension-data-analysis.docx
10.17605/osf.io/za7t2,za7t2,nodes,0,0,0,8,5,Norm Theory-past-regret-v4-Pre-registration-G.docx | Kutscher-Feldman-2018-CogEmo-past-behavior-regret-exceptionality-replication-extension-supplementary.pdf | Replication_Impact_of_past_behavior_norms_on_regret - Anonymized.docx | Corrected_issue_in_Exp3_Replication_Impact_of_past_behavior_norms_on_regret.pdf | Corrected_issue_in_Exp3_Replication_Impact_of_past_behavior_norms_on_regret.docx
osf.io/25fnw,25fnw,nodes,0,0,0,2,2,Akselevich&Gilaie-Dotan_replication_SuppMat.docx | Akselevich&Gilaie-Dotan_replication OSF_README.docx
osf.io/25u7b,25u7b,nodes,0,1,88,1,0,
10.17605/osf.io/yu25a,yu25a,nodes,0,1,299,40,16,CHENG-Emanuel-YimTung-2024-Olivola-and-Shafir-2013-replication-thesis.pdf | PCIRR-S1-Olivola-Shafir-2013-replication-snapshot.docx | PCIRR-S1-Olivola-Shafir-2013-replication-cover-letter.docx | PCIRR-Olivola-Shafir-2013-replication-extension-Registered-Report-main-manuscript.docx | PCIRR-Olivola-Shafir-2013-replication-extension-Registered-Report-supplementary.docx | Cheng-Feldman-2024-PCIRR-Olivola-Shafir-2013-replication-extension-Registered-Report-preprint.pdf | PCIRR-Olivola-Shafir-2013-replication-extension-Registered-Report-cover-letter.docx | Olivola-Shafir-2013-replication-PCIRR.pdf | Olivola-Shafir-2013-replication-PCIRR.docx | Cheng-Feldman-2024-PCIRR-Olivola-Shafir-2013-replication-extension-Registered-Report-preprint-v2.pdf
osf.io/294bx,294bx,nodes,0,0,0,1,1,Replicating Dissonance 2019.06.11 David.pdf
osf.io/2awcr,2awcr,nodes,0,0,0,1,1,Sanchez_APS_2023.pdf
osf.io/2hq6p,2hq6p,nodes,0,0,0,2,1,MSS interview study 3 Prereg final.docx
osf.io/2mvdk,2mvdk,nodes,0,0,0,22,2,aimswebPlus_Tiers_Guide.pdf | readme_setup.pdf
10.17605/osf.io/zytdx,zytdx,nodes,0,1,345,27,11,effect_size.pdf | Copy of Questionnaire.docx | Post-study Replication recipe..pdf | general_comments..pdf | Questionnaire for ethics document.docx | Recruitment Material - Adverts.docx | Participant Consent.docx | Recruitment material.docx | Ethics form.docx | Participant Consent.docx
osf.io/3ajn4,3ajn4,nodes,0,0,0,12,4,Preregistration of Study 1 (anonymized for peer-review only).pdf | Preregistration of Study 2 (anonymized for peer-review only).pdf | Study Materials (Study 2).pdf | Study Materials (Study 1).pdf
osf.io/2y6wj,2y6wj,nodes,0,1,531,13,6,"Alicke_1985_Final Sample.docx | Alicke 1985 pre-registration.docx | Alicke_1985_replication__extension_1st_run_initial_sample_-_Full.docx | 2019-05-27 Alicke 1985 pre-registration.docx | 2019-05-27_Alicke_1985_Final_Sample_v3.docx | Ziano, Mok, & Feldman (2020) SPPS Better-than-average-alicke-1985-replication-extension-preprint-final.pdf"
osf.io/3qujr,3qujr,nodes,0,1,1696,3,2,Gärtner_Vortrag_DPPD_2019_OSF.pdf | Gärtner_Poster_PuG_2024.pdf
osf.io/3tjzs,3tjzs,nodes,0,0,0,2,2,Document 1 - Preregistration.pdf | Document 2 - Stage 1 Protocol.pdf
osf.io/3vduc,3vduc,nodes,0,0,0,3,2,Hodson & Meleady American Psychology Accepted Manuscript.pdf | Questionnaire and Codebook.pdf
osf.io/3df5s,3df5s,nodes,0,2,2264,18,2,Chandrashekar-etal-2021-JDM-Bias Blind Spot-replications and agency extensions-print.pdf | Master.pdf
osf.io/43uwf,43uwf,nodes,0,1,457,1,1,Pre-registered replication of Experiment 2.pdf
osf.io/45nek,45nek,nodes,0,0,0,3,3,OSF Goal 3 Final Study Plan.pdf | OSF student measures Goal 3 Belonging.pdf | OSF analyses Goal 3 Belonging.pdf
osf.io/46zm7,46zm7,nodes,94,1,1242,0,0,
osf.io/2cg3e,2cg3e,nodes,0,0,0,34,7,"Replication plan-mere ownership-Qualtrics-v4-for-OSF.docx | Replication pre-registration-mere ownership-effect-v7.docx | Replication pre-registration-mere ownership-effect-v8.docx | OSF-Ownership-effect-replication-part2-3-output.pdf | Ziano, Yao, Gao, & Feldman 2020 JESP Ownership effect replications extensions-preprint.pdf | Mere ownership-2nd collection-pre-registration_G.docx | 2019-Mere_ownership_effect-2nd_data_collection.docx"
osf.io/4bq9f,4bq9f,nodes,0,1,1115,1,1,2022_SPSP_Lagap_Harma.pdf
osf.io/3qyf4,3qyf4,nodes,0,0,0,13,7,Study_1_Material_French.pdf | Study_1_Material_English.pdf | Study_1_Dataset_Presentation_Sheet.pdf | Preliminary_Study_Dataset_Presentation_Sheet.pdf | Preliminary_Study_Material_French.pdf | Preliminary_Study_Material_English.pdf | Study2_Dataset_Presentation_Sheet.pdf
osf.io/4mkvz,4mkvz,nodes,0,0,0,2,1,SP_Proposal_Revision.docx
osf.io/4mwya,4mwya,nodes,0,1,1744,2,2,OCURA PDF Abstract_Heitor D'Avila[15583].pdf | OCURA PDF Abstract_Heitor D'Avila[15583]-updated.pdf
osf.io/4pev8,4pev8,nodes,0,0,0,1,1,MoralGroup_EmPra_2024.pdf
osf.io/4yuym,4yuym,nodes,0,1,730,1,1,XPhiReplicability_PreReplicationForm ARB2011JPhil.docx
osf.io/4sqmw,4sqmw,nodes,0,1,2234,11,5,Preregistration of Temperament and Youth Psychopathology Study.pdf | Preregistration of Meta Analysis on Youth Personality and Psychopathology (Names redacted for upload).pdf | S2b. Externalizing Forest Plots.pdf | S2a. Internalizing Forest Plots.pdf | Meta-Analysis Study 1 Search Protocol.docx
osf.io/4nd9j,4nd9j,nodes,0,0,0,13,7,1. First Translation MO.docx | 6. Final Translation - General Agreement.docx | 5. BackwardTranslation AD.docx | 3. Common Translation JS.docx | 4.Translation adressing JV comments.docx | 2.First translation JPGS.docx | Pre-register_ReplicationBock&Burckley2019.pdf
osf.io/4z3e7,4z3e7,nodes,0,0,0,6,4,postprint_heterogeneity.pdf | Supplement A.pdf | Supplement B.pdf | Supplement C.pdf
osf.io/5gtfp,5gtfp,nodes,0,1,1606,1,1,urry_isre2019.pdf
osf.io/4fehs,4fehs,nodes,0,1,507,8,2,Procedure OSF.docx | OSF IV.docx
osf.io/4zwku,4zwku,nodes,0,0,0,3,1,PennyTrees_submission1.docx
osf.io/5s5qm,5s5qm,nodes,0,0,0,0,0,
osf.io/5rhjb,5rhjb,nodes,0,0,0,4,2,Snyder et al. Replication - Supplemental Research Plan.pdf | Supplemental Materials.pdf
osf.io/5d8ja,5d8ja,nodes,0,0,0,45,2,Online Supplement Predictors.docx | Removed content from Online Relationship Education for Help.docx
osf.io/5qu6b,5qu6b,nodes,0,0,0,15,4,1_preregistration.docx | 2_preregistration deviation.docx | 3_preregistration deviation #2.docx | e_syntax.docx
osf.io/5x8dp,5x8dp,nodes,0,1,408,10,6,Complete survey_Experiment 1.pdf | Stimulus material.docx | GCT likely_SPT unlikely_GCTfirst_3.pdf | SPT likely_GCT unlikely_GCTfirst_3.pdf | SPT likely_GCT unlikely_SPTfirst_3.pdf | GCT likely_SPT unlikely_SPTfirst_3.pdf
osf.io/5zq74,5zq74,nodes,0,0,0,7,1,Twenge 2007 ostracism prosocial.pdf
osf.io/5xfqy,5xfqy,nodes,0,0,0,1,1,pregistration_systemjustification_gender.pdf
osf.io/693gj,693gj,nodes,0,0,0,5,2,S1.docx | Pre-print.pdf
osf.io/64txm,64txm,nodes,0,0,0,9,3,SCFIS_Codebook_forOSF.pdf | Manuscript_forOSF.docx | SOM.docx
osf.io/6n7mg,6n7mg,nodes,0,0,0,6,3,Questionnaire-VBM.pdf | Preregistration-Protocol.pdf | Amendment-to-Preregistration!.pdf
osf.io/6uvs8,6uvs8,nodes,0,0,0,2,1,slides.pdf
osf.io/6548b,6548b,nodes,0,0,0,17,0,
osf.io/5v6mn,5v6mn,nodes,0,0,0,201,0,
osf.io/76hm5,76hm5,nodes,0,1,1605,1,1,Does it replicate.pdf
osf.io/76kx3,76kx3,nodes,0,1,1200,1,1,Proulx.J_SPSP RRR Data Blitz Talk_2.25.2020_final.pdf
osf.io/6m2hx,6m2hx,nodes,0,1,5001,8,7,MayiwarEtal2025_JPSP.pdf | Aetal2012replication_ms_anon-RR1-Rev3.pdf | Aetal2012replication_supp-RR1-Rev3.pdf | Aetal2012replication_ms_anon-RR1-Rev3.docx | Aetal2012replication_supp-RR1-Rev3.docx | Aetal2012replication_supp-RR2-Rev1.pdf | Aetal2012replication_ms-RR2-Rev1.pdf
osf.io/7bmkg,7bmkg,nodes,35,0,0,2,0,
osf.io/7dvcb,7dvcb,nodes,0,0,0,2,1,PCIT - A GRIM Conceptual Replication.docx
osf.io/7fvwb,7fvwb,nodes,0,0,0,2,1,Nees Liu Bogan Accepted Preprint v12.22.23.pdf
osf.io/6v8e2,6v8e2,nodes,0,0,0,26,15,20189-PSYC-Mellers_et_al_2001_Conjunction_Effect.docx | Mellers_et_al_2001_Conjunction_Effect_Wong_Yui_Tung_revised Pre Registration-G.docx | Mellers et al 2001_Conjunction_Effect_LEUNG_YING_CHIT_revised pre-registration-G.docx | Mellers et al 2001_Conjunction_Fallacy_Fong Chi Long Brian_revised pre-registration-G.docx | Mellers et al 2001_Conjunction_Effect_Cheng Yat Hin_Revised preregistration-G.docx | Readme-Pre-registration Guide.docx | MetaPsych-CopyEdit-Mellers et al 2001 replication extension-manuscript-v14-G.docx | Chandrashekar et al 2020 MP Mellers et al 2001 replication extension-preprint-final-v2.pdf | MetaPsych-CopyEdit-Mellers et al 2001 replication extension-supplementary-v14-G.docx | MetaPsych-final-Mellers et al 2001 replication extension-title-page.docx
osf.io/7p4g6,7p4g6,nodes,0,0,0,4,3,fNIRS paper.pdf | Second_version_fNIRS paper 27-12.docx (1).pdf | Third_version_fNIRS paper  (1).docx
osf.io/72dzf,72dzf,nodes,0,10,74479,17,7,Recruiting Announcement.pdf | Informed consent form translation_ENG.pdf | Instructions for the experimenter.pdf | Software specification.pdf | Trial session instructions.docx.pdf | _Revised Protocol.pdf | Second Round Comments & Responses.pdf
osf.io/7pbhd,7pbhd,nodes,0,0,0,5,3,Open-Ended-themes-and-examples.docx | Horror project osf codebook.pdf | horror-rep-supplemental-5-31-24.pdf
osf.io/77gpt,77gpt,nodes,0,1,2016,253,9,Combined replication analysis.pdf | S4.pdf | S5-8.pdf | Experiment 2 preregistration.pdf | Experiment 1 preregistration.pdf | ROMB1 CDI.docx | ROMB1 consent.docx | ROMB1 debrief.docx | ROMB1 demographic.docx
osf.io/7tpza,7tpza,nodes,0,0,0,19,3,README_CPStrilevel.docx | Loading Table 2.docx | References.docx
osf.io/82etx,82etx,nodes,0,0,0,12,7,"nosek, wave1, preregistration replication, analysis plan.docx | nosek, wave1, preregistration replication, measures.docx | nosek, wave1, preregistration replication, hypothesis.docx | nosek, wave1, preregistration replication, manipulation.docx | nosek, wave1, preregistration replication, exclusion criteria.docx | nosek, wave1, preregistration replication, sample.docx | nosek, wave1, preregistration replication, preferred dv.docx"
osf.io/85ctb,85ctb,nodes,0,1,373,7,2,Esig Replication Preregistration.docx | Esignatures_-_3121.docx
osf.io/83dux,83dux,nodes,0,0,0,3,2,Religion_and_Morality_Study_6_MTurk.docx | Sex-premium-pre-registration.pdf
osf.io/7gsxu,7gsxu,nodes,0,1,1525,12,9,Figure1B.pdf | Figure1A.pdf | Figure2A.pdf | Figure2B.pdf | Figure3A.pdf | Figure3B.pdf | Figure4B.pdf | Figure4A.pdf | Supplementary Materials_final.pdf
osf.io/8629d,8629d,nodes,0,0,0,9,3,Prereg Submission.pdf | Prereg Submission - Revised.pdf | Supplemental Analyses.pdf
osf.io/7xbth,7xbth,nodes,0,1,454,7,1,CIA_NegEmo_GamblingPilot_Labnotes.docx
osf.io/8ustx,8ustx,nodes,0,0,0,2,1,READ ME.pdf
osf.io/8ymj6,8ymj6,nodes,0,0,0,6,3,Power Analyses.docx | Supporting information for preprint on PsyArXiv.docx | Supporting information for Accepted Manuscript Williams Bond 2020.docx
osf.io/8evf4,8evf4,nodes,0,0,0,12,11,"(ethics) Student Project Approval Form 1.8 .docx | Reviewer Response Form_2024-Gallagher-1.docx | Letter.pdf | effect_size_Buunk_1997.pdf | A_replication_Study_on_the_association_between_Birth_Order_Attachment_style_and_jealousy.docx | Descriptive statistics output.pdf | MANOVA Birth order and Jel.pdf | MANOVA Gender, Birth order and jel.pdf | MANOVA sibling types and jealousy.pdf | MANOVA Social birth order and jel.pdf"
osf.io/8ywgh,8ywgh,nodes,0,0,0,8,4,20220729 Supplement 1b all measures used in the study.docx | 20220729 Supplement 1c SEM young adults.docx | 202205 Supplement 3 German states _boxplots Dec2020.docx | Wolgast_Bruns_Remmers_Reinhaus_2023. Adults experiences during the pandemic. A replication study.pdf
osf.io/94vrb,94vrb,nodes,0,0,0,14,9,ROXY_Krolletal2022_stage1_manuscript.docx | ROXY_Krolletal2022_stage1_manuscript_v02.docx | ROXY_Krolletal2022_stage1_manuscript_v02_b.docx | ROXY_Krolletal2025_stage2_manuscript.docx | ROXY_Krolletal2025_stage2_manuscript_trackedchanges.docx | ROXY_Krolletal2026_stage2_manuscript_trackedchanges_v02.docx | ROXY_Krolletal2026_stage2_manuscript_clean_final.docx | ROXY_Krolletal2026_stage2_manuscript_PCI-RRrecommended.pdf | Readme_df.docx
osf.io/973ej,973ej,nodes,0,1,1206,7,3,PreregistrationBeallTracy_MSU.pdf | PreregistrationBeallTracy.pdf | FinalPreregistrationMay2014.pdf
osf.io/9b45h,9b45h,nodes,0,0,0,9,2,JASP file variables explained.docx | Campbell Chen Azhar JNC rep accepted.4.pdf
osf.io/9r8ap,9r8ap,nodes,0,0,0,1,1,Bayes 2019 Replication-Pre-registration workseet_Feb 22 2019.docx
osf.io/9u8mn,9u8mn,nodes,47,1,1165,1,1,MRStatus_PreregistrationRep+Ext(02092020).docx
osf.io/86wq2,86wq2,nodes,0,0,0,182,4,AsPredicted pre-registration #28157.pdf | al_rep_Demographic_Information_Questionnaire.docx | SI_two_lab_replication_attempt_of_Southgate_Senju_&_Csibra_2007_preprint.pdf | manuscript_two_lab_replication_attempt_of_Southgate_Senju_&_Csibra_2007_preprint.pdf
osf.io/9gsqe,9gsqe,nodes,0,1,100,19,7,"MTurk_Project_Omission_Bias_Version_9.pdf | Omission Bias Pre-Registration in Social Psychology - V2.docx | MTurk_Project_Omission_Bias_Version_9.docx | OSF-omission-bias-replication-extension-s1-output.pdf | OSF-omission-bias-replication-extension-s2-output.pdf | Jamison, Yay, & Feldman-2020-JESP-omission-bias-replication-extension-preprint.pdf | Jamison, Yay, & Feldman-2020-JESP-omission-bias-replication-extension-final.pdf"
osf.io/8wd2b,8wd2b,nodes,0,1,220,34,14,"MetaPsych-Default Effects-SupplyMtrl-final.docx | Chandrashekar et al 2022 Default effects replications and extensions-preprint-final.pdf | MetaPsych-Default Effects-Manuscript-with-title-final.docx | MetaPsych-Default Effects-SupplyMtrl-final-V3.docx | Chandrashekar-etal-2023-MP-Default-effects-replications-extensions-print.pdf | Galley_MP_2022_3108_Chandrashekar.pdf | Johnson_Bellman_Lohse_2002_-_Johnson__Goldstein2003_Group_A_Instructor.docx | (Revised Version) HKU replication & extension main manuscript template (Johnson & Goldstein, 2003 & Johnson et al 2.docx | (Revised Version) HKU replication & extension supplementary template (Johnson & Goldstein, 2003 & Johnso.docx | JohnsonBellman2002-JohnsonGoldstein_2003-Group_B.docx"
osf.io/ahv9m,ahv9m,nodes,0,0,0,3,0,
osf.io/9vkat,9vkat,nodes,0,0,0,15,6,7_Codebook.docx | 5_Qualtrics_Template_WordForm.docx | Evans etal-Rottenstreich & Hsee 2001 rep ext-preprint-v2.pdf | 2_Manuscript_Supplementary.docx | 1_Manuscript_Revised.docx | 3_Review_Response.docx
osf.io/9uwns,9uwns,nodes,0,1,74,28,18,20189-PSYC-Hsee_1998_Less_is_Better.docx | Hsee 1998_Less_is_Better_Nguyen Anna Thao Bich_revised Pre-Registration-G.docx | Hsee_1998_Less_is_Better_Hung_Wing_Yiu_revised Pre-registration-G.docx | Hsee_1998_less-is-better_effects_Leung_Wai_Yee_Michelle_Revised Pre-registration-G.docx | Hsee 1998 - Less is Better - Chan Stephanie - revised Pre-registered Replication-G.docx | README.docx | Collabra-final-Hsee-1998-replication extension-supplementary.docx | Collabra-final-Hsee-1998-replication extension-main-manuscript.docx | Collabra-final-Hsee-1998-replication extension-title-page.docx | Vonasch-etal-2023-Collabra-Less is better-Hsee1998-replication-extension-preprint-v7.pdf
osf.io/ak9sc,ak9sc,nodes,0,0,0,1,1,Preregistration_Devaluation Effects_22.02.22.docx
osf.io/aj64k,aj64k,nodes,0,0,0,15,7,Manuscript JESP Pattern Perception and Conspiracist Ideation Accepted in Principle.pdf | ORIGINAL Dieguez et al 2015 Supplemental Material.pdf | Pattern Perception and Conspiracist Ideation additional Scales.pdf | Swiss_Survey.docx | US_Survey.docx | Additional Attention Check.docx | Sternisko et al Replication Supplement.docx
osf.io/amj7u,amj7u,nodes,0,1,2264,2,1,Preregistration.pdf
osf.io/anw9s,anw9s,nodes,0,0,0,2,2,Emotion Recall Study only in nature.docx | Emotion Recall Study .docx
osf.io/b4nak,b4nak,nodes,0,0,0,0,0,
osf.io/bckzj,bckzj,nodes,0,0,0,1,1,vermeulen_et_al_MC_replication_APPENDICES.pdf
osf.io/b4nqc,b4nqc,nodes,0,0,0,13,4,Preregistration_Stimulus Material.pdf | Preregistration_References.docx | Stimulus material_Follow up.pdf | Addendum to preregistration.docx
osf.io/bdm5f,bdm5f,nodes,0,0,0,1,1,INSAR_2024_pres_references.docx
osf.io/bqc74,bqc74,nodes,0,0,0,4,1,Role of Replication Survey downloaded from Qualtrics.pdf
osf.io/amxjy,amxjy,nodes,0,0,0,39,3,ModelSyntax_FFNI_NG&NV.docx | SupplementaryMaterial_Final.docx | OSF_Preregistration_Replication_Wright2017_Remaining Models.docx
osf.io/cfvju,cfvju,nodes,0,1,2475,2,1,Pre.Registration_POI3_FINAL.docx
osf.io/9vrzu,9vrzu,nodes,0,0,0,212,5,JournalofCognition_IPA_stage1_20250107.docx | runrmc_exp1_stats_output.pdf | runrmc_exp2_stats_output.pdf | exp1_variable_codes.pdf | exp2_variable_codes.pdf
osf.io/cgsp4,cgsp4,nodes,0,0,0,13,9,Information regarding pretest and political ideology questions.docx | Completion Pledge Document.pdf | Disclosure items Preregistration.pdf | Disclosure items Open Data.pdf | Going Green Study Materials.pdf | Going Green Study Pretest Materials.pdf | Disclosure items Open Materials.pdf | CREP Replication Report.pdf | Backtranslation of the scenarios.pdf
osf.io/chwx7,chwx7,nodes,0,0,0,15,13,Supplemental Materials.docx | Data Codebook.docx | Interview P_01.docx | Interview P_05.docx | Interview P_04.docx | Interview P_03.docx | Interview P_06.docx | Interview P_02.docx | Interview P_08.docx | Interview P_07.docx
osf.io/ckbr9,ckbr9,nodes,0,0,0,34,4,Thurber Fables.docx | Supporting Information - Manuscript.docx | Supporting Information - Appendices.docx | Stage 1 RR O'Donnell & Chan.docx
osf.io/bj4e5,bj4e5,nodes,0,0,0,101,4,README.pdf | report.docx | report.docx | apaquarto.docx
osf.io/d38g2,d38g2,nodes,0,1,1170,1,1,Presentation_Franfurt_DGPs_2018_Schmukle.pdf
osf.io/d3arx,d3arx,nodes,0,1,1765,0,0,
osf.io/d4nuy,d4nuy,nodes,0,0,0,1,1,KuhnsTouron_Psychonomics_2019.pdf
osf.io/dcqgr,dcqgr,nodes,0,0,0,4,2,[Pre-print] A failure to replicate rapid syntactic adaptation in comprehension.pdf | Correction of Errors in Prior Data Analysis.docx
osf.io/dh5e8,dh5e8,nodes,0,0,0,5,2,JDM_registration.docx | variables.pdf
osf.io/dsjwy,dsjwy,nodes,0,0,0,9,4,PCIRR-Stage1-Snapshot_Hassanzadeh_Kattner_Ellermeier.pdf | Stage1_Manuscript_ISE_Streaming_PCIRR.pdf | revision_ISE_Streaming_PCIRR.pdf | ISE_Streaming_PCIRR_R2.pdf
osf.io/cqgh3,cqgh3,nodes,0,0,0,7,5,Explanation_of_the_data.pdf | Instructions_ExperimentalTask_DutchGerman.pdf | Research_Protocol_Experiment2.pdf | Experimental Task_InstructionsEnglish.pdf | Coding manual autobiographical memories_Experiment1_ENG.pdf
osf.io/e3psu,e3psu,nodes,0,1,985,1,1,2016SPSPposter .pdf
osf.io/cm2sj,cm2sj,nodes,0,0,0,274,1,PreRegRepRydell.pdf
osf.io/d6ymu,d6ymu,nodes,0,0,0,19,4,Envelope-SelfCondition.docx | Envelope-ProsocialCondition.docx | Study 2 Recall Questionnaire.docx | Exploratory Study Questionnaire.docx
osf.io/ef59b,ef59b,nodes,0,1,112,1,1,Corcoran_2018_in_principle_accepted_manuscript.pdf
osf.io/ej7fn,ej7fn,nodes,0,0,0,6,3,lcp_repl_distraction.pdf | cit_cm_replication_Manuscript.docx | cit_cm_replication_Title.docx
osf.io/ehkzb,ehkzb,nodes,0,0,0,10,6,2ndpreregistrationanonymous.pdf | 1stpreregistrationanonymous.pdf | dataset_description_moral_reasoning.docx | Syntax_ANOVA_SPSS.docx | Procedure_export_Qualtrics.docx | Procedure_export_Qualtrics_Translate.docx
osf.io/egu7m,egu7m,nodes,0,1,221,1,1,OSF_Extension_Replication_Learning.pdf
osf.io/ejcaz,ejcaz,nodes,0,0,0,2,1,Appendix - Reference list.docx
osf.io/eyjbg,eyjbg,nodes,0,0,0,12,1,Hollebeek et al (2014) Pre-Registration OSF.pdf
osf.io/eqy76,eqy76,nodes,0,0,0,22,8,16-53b (2018-01-11) AmendApproval.docx | 16-53 (2017-08-31) EthicsForm_ICHR.docx | variable_key_for_upload.docx | multisite_hallucinations_preprint_v2.pdf | multisite_hallucinations_supplemental_preprint_v2.pdf | LSHS - 16 items.docx | CAPS - 32 items.docx | ACE - 17 items.docx
osf.io/f2xrv,f2xrv,nodes,0,0,0,48,34,Ethics approval.pdf | All Materials.docx | DataCollection Protocol.docx | Letter of Approval (CE).docx | Booklet 1.docx | Booklet 3.docx | Booklet 4.docx | Booklet 2.docx | Booklet 5.docx | Booklet 7.docx
osf.io/etvkg,etvkg,nodes,0,0,0,36,4,CIT_Operationalization.docx | JASP_Output.docx | JASP_Output.docx | JASP_Output.docx
osf.io/f3vcm,f3vcm,nodes,0,0,0,9,2,results_power-simulations_R.pdf | Supplementary Materials.docx
osf.io/f4jrb,f4jrb,nodes,0,0,0,17,0,
osf.io/fswj8,fswj8,nodes,0,0,0,1,1,"Prereg Statement- Online conceptual replication of Bonatti, Frot, Zangl, & Mehler (2002) .docx"
osf.io/f2xsz,f2xsz,nodes,0,1,120,27,3,experiment1_variables.pdf | experiment2_variables.pdf | scenarios.pdf
osf.io/geju5,geju5,nodes,0,0,0,3,1,Appendix.docx
osf.io/gcf3v,gcf3v,nodes,0,1,90,9,4,Van_Boven__Ashworth_2007_Past-future_emotional_asymmetry-replication-extension.docx | Van Boven and Ashworth (2007)_  Replication and extension - Main Manuscript.docx | Van Boven and Ashworth (2007) Replication & Extension_ Supplementary.docx | Cherry LAU Thesis Final Report.pdf
osf.io/gf8jp,gf8jp,nodes,0,0,0,1,1,CORTEX-D-19-01013-Stage1-IPA.pdf
osf.io/gk6ty,gk6ty,nodes,0,1,1729,2,2,PreReg.Exp1.docx | PreReg.Exp2.docx
osf.io/fcwnr,fcwnr,nodes,0,1,1234,65,1,Meta-analyses and robustness check.pdf
osf.io/gqz76,gqz76,nodes,0,0,0,0,0,
osf.io/gnkat,gnkat,nodes,0,1,79,1,0,
osf.io/gwjcv,gwjcv,nodes,0,0,0,4,2,Pre-Registration_Study1a.docx | Pre-Registration_Study1b.docx
osf.io/gy2e6,gy2e6,nodes,0,1,822,2,2,2019hus Replication survey image.pdf | Preregistration「配偶者選択における性差」.docx
osf.io/ha45r,ha45r,nodes,0,0,0,8,0,
osf.io/hc2af,hc2af,nodes,0,1,1378,0,0,
osf.io/hf93e,hf93e,nodes,0,1,1202,1,1,SoniaAvila_Soupbowl Poster.pdf
osf.io/hvg4p,hvg4p,nodes,0,0,0,7,1,AsPredicted.pdf
osf.io/hyp94,hyp94,nodes,0,0,0,7,1,BENCHMARKAsPredictedPreregistration.pdf
osf.io/hw4av,hw4av,nodes,0,0,0,19,5,Kozak et al. (2006) Replication and Extension_ Supplementary.docx | Kozak_et_al_2006_Replication_and_Extension.docx | Kozak et al. (2006) Replication and Extension_ Main manuscript.docx | Wong-Feldman-2021-Kozak-etal-2006-replication-preprint.pdf | R code.docx
osf.io/j58n4,j58n4,nodes,0,1,1199,1,1,SPSP Poster.pdf
osf.io/gvnk3,gvnk3,nodes,0,0,0,3,2,Experimental-Survey.pdf | Further results.pdf
osf.io/j3fyq,j3fyq,nodes,0,1,4439,37,5,replication recipe checklist - redromance - in person.docx | replication recipe checklist - redromance - online.docx | Red-Attraction_-_In-person.docx | Romantic Red - Qualtrics Study - Word Export.docx | Romantic Red - Screen - Word Export.docx
osf.io/jfwbk,jfwbk,nodes,0,0,0,2,0,
osf.io/j8mqx,j8mqx,nodes,0,0,0,3,2,AsPredicted (for peer-review only) #25695.pdf | S2__TeacherEntailments_Replication_SurveyMaterials.docx
osf.io/j65r2,j65r2,nodes,0,0,0,9,5,"5. Final questionnaire (T2).pdf | 1. Factsheet, informed consent, demographic characteristics.pdf | 4. Questionnaire meat consumption (T0, T1, T2).pdf | 2. Manipulations.pdf | 3. Questionnaire norm feedback (T0).pdf"
osf.io/jh3rq,jh3rq,nodes,0,0,0,1,1,Raney 2005 ADT Replication.pdf
osf.io/jmxb2,jmxb2,nodes,0,0,0,1,1,Supplemental_material.docx
osf.io/jhqk2,jhqk2,nodes,0,0,0,2,1,Appendix_A_SM_instructions_translated.docx
osf.io/j4unw,j4unw,nodes,0,0,0,77,55,Guide to OSF Files.pdf | Supplemental Materials.pdf | Experiment 1 Preregistration.pdf | Experiment 2 Preregistration.pdf | Set B (Derring).docx | Set A (Derring).docx | Set B (Control).docx | Practice Phase.docx | Set A (Control).docx | 38_20082023_140704.pdf
osf.io/k5bcp,k5bcp,nodes,0,0,0,3,3,Extended sexuality and hormonal contraception Norwegiansurvey.pdf | English translation survey Extended Sexuality and HC.docx | Extendend sexuality and HC.docx
osf.io/k2dbf,k2dbf,nodes,0,1,929,11,2,SBVM Transparency Checklist.pdf | Illness Recency Proposal_IPA.docx
osf.io/kbz5n,kbz5n,nodes,0,0,0,2,2,prereg_2021_DALIM.docx | prereg_2021_DALIM_(versioning_erratum).docx
osf.io/kbr9s,kbr9s,nodes,0,1,5323,13,3,Items October_2021_final.docx | Adam-Troian replication of model.docx | Appendices_R1_20.01.24.docx
osf.io/k4dt8,k4dt8,nodes,0,0,0,11,7,"Pre-Study Music Rating Surveys- USA, Czech Republic, Japanese Samples.pdf | Dots Game Instructions for USA, CzR, and JP Samples.pdf | Post-Study Questionnaires- For Music and Non-Music Conditions- USA, Czech Republic, and Japanese sample.pdf | Supporting Information_PLOS_ONE.docx | Figure 1 Legend.docx | Figure 2 Legend.docx | Replicating and extending the effects of auditory religious cues on dishonest behavior.pdf"
osf.io/keahr,keahr,nodes,0,0,0,5,1,Veckalov et al 2023. Does priming analytic thinking reduce conspiracy beliefs.pdf
osf.io/kdmpx,kdmpx,nodes,0,0,0,16,6,Preregistration Replication Redundancy P S.docx | Codebook.docx | Figures S1 and S2.pdf | Correlation differences among subscales.pdf | Reports Sample 2 and Table S1.pdf | Correlation differences among subscales.pdf
osf.io/krysb,krysb,nodes,0,0,0,1,1,Registerd Report Stage 1_R3.docx
osf.io/mf57k,mf57k,nodes,0,0,0,0,0,
osf.io/krfpu,krfpu,nodes,0,0,0,15,9,Lost in the Mall preregistration_final.docx | Interview Schedule.docx | Informant_First_Survey.docx | Informant_Follow-Up_Survey.docx | Participant_Booklet_Survey.docx | Participant_Follow-Up_Survey.docx | Coding Manual.docx | LostInTheMallAgain_AcceptedVersion.docx | LITM debriefing paper_preprint.docx
osf.io/mhbpq,mhbpq,nodes,0,0,0,1,1,Replication Smallest Effect Size of Interest.pdf
osf.io/m3s9e,m3s9e,nodes,0,0,0,7,2,Newman_et_al_2011_Experiments_1__2_RE_Purple_B.docx | NOCHECKS_Newman_et_al_2011_Experiments_1__2_RE_Purple_B.docx
osf.io/mjx6d,mjx6d,nodes,0,1,65,2,0,
osf.io/mrzh3,mrzh3,nodes,0,0,0,1,1,Assessment_specsec_regrep.pdf
osf.io/nduwg,nduwg,nodes,0,0,0,1,1,Pre-Registration_BunnyPaper_Template according to van t Veer and Giner-Sorolla 2016.docx
osf.io/n6er5,n6er5,nodes,0,0,0,5,3,Materials_Qualtrics Questionares.docx | Analysis_JASP Output.pdf | Manuscript preprint.pdf
osf.io/mqvyf,mqvyf,nodes,0,1,223,8,3,Al-Tammemi_covid_8ePX - Preregistration.pdf | Materials.docx | SCORE Report Al-Tammemi_covid_8ePX-Buchanan_8m71.docx
osf.io/mz7gw,mz7gw,nodes,0,3,3859,6,4,Nahmias et al Qualtrics Survey Study 1.pdf | Nahmias et al Qualtrics Survey Study 2.pdf | Nahmias et al replication study 2 As Predicted template.docx | As Predicted Template Nahmias Study 3.docx
osf.io/ntch7,ntch7,nodes,0,0,0,1,1,2019Lyon_SampleSizeCalculationReplicationStudies_CharlotteMicheloud.pdf
osf.io/nqc8t,nqc8t,nodes,0,0,0,9,8,2. Priming Conditions.docx | 3. Manipulation Check.docx | 6. Propensity to engage in unethical behavior.docx | 5. Demographics.docx | 1. Letter of Information & Consent.docx | OSF-Letter to Dr. Piff.docx | Ethics Form.pdf | Replication Report (Piff et al. 2012; Study 7).docx
osf.io/p3scn,p3scn,nodes,0,0,0,1,1,MathConceptualReplication.docx
osf.io/nkyc4,nkyc4,nodes,0,0,0,6,2,Materials_ESMira_Screenshots_Factors of a good life_short.docx | Power_considerations_replication.docx
osf.io/p4rgd,p4rgd,nodes,0,0,0,7,4,Norm Theory-past-regret-Pre-registration-exp2-v1.docx | Replication_Impact_of_past_behavior_norms_on_regret_-_Second_run-anonymous.docx | Norm Theory-past-regret-Pre-registration-exp1-v4-previous-replication.docx | Kutscher-Feldman-2018-CogEmo-past-behavior-regret-exceptionality-replication-extension-supplementary.pdf
osf.io/pb9w7,pb9w7,nodes,0,1,0,22,1,Mertens & Morriss 2020 IU and threat reversal_preprint.docx
osf.io/pkms2,pkms2,nodes,0,1,1147,5,2,Prereg_GenericMasculine_Brohmer_etal_2019.docx | Questionnaire_Unipark.pdf
osf.io/p6mhv,p6mhv,nodes,0,0,0,7,2,GroupAIdson_Liberman__Higgins_2000_Framing_effects_and_PreventionPromotion_Study_1a_and_1b.docx | NO_CHECK_VERSION.docx
osf.io/q3csk,q3csk,nodes,11,0,0,4,0,
osf.io/pwbfu,pwbfu,nodes,0,0,0,8,6,Happy Lab Pregistration Worksheet.Shu et al replication_AW (1).pdf | instructions.docx | Matrix Answer Key.docx | matrix stimuli replication.pdf | Study Demographics Slip.pdf | TaxReportingFormPDF.pdf
osf.io/qcb5p,qcb5p,nodes,21,1,713,1,1,Original Study: A bad taste in the mouth gustatory disgust influences moral judgment.pdf
osf.io/q9myv,q9myv,nodes,0,3,1721,7,5,Readings and Prompts for Discussion Board Assignment.docx | Assigned Role-Play Readings.docx | Prompts 1 and 2 and Examples of Student Responses.docx | Prompt 3 and Examples of Student Responses.docx | RMarkdown_FL19_Ethics_Analyses_032321_OSF.docx
osf.io/qk7hg,qk7hg,nodes,0,0,0,9,2,PreReg_Zajonc2.0_Halfmann.pdf | PlanofCube_Halfmann_etal.pdf
osf.io/qjyrh,qjyrh,nodes,0,0,0,10,4,materials_replication_study.pdf | HenKienBrom_Replication_documentation_2priorstudies.pdf | HenKienBrom_Replication_Vizualisation_Covariates.pdf | Vizualisation_Covariates.pdf
osf.io/qjwbx,qjwbx,nodes,0,0,0,11,8,PCIRR_Stage 1_ Snapshot_the Medusa effect_0818.pdf | Medusa_Stage1_9.25.docx | Medusa_Stage1_revised.docx | Medusa_Stage1_revised_blue.docx | Medusa_Stage2_10.23.docx | Medusa_Stage2_changed.docx | Medusa_Stage2_revised.docx | Medusa_Stage2_revised_changed.docx
osf.io/qpm3t,qpm3t,nodes,0,0,0,7,1,Preprint_2020_07_14.pdf
osf.io/r7yd6,r7yd6,nodes,0,0,0,2,2,Tanaka Replication Study redacted R.docx | Tanaka Replication Study AIP.docx
osf.io/qv92j,qv92j,nodes,0,1,0,1,1,2026 Moral Media Conference Abstract_Investigating moral judgment as a predictor of enjoyment_120525.docx
osf.io/rgyv5,rgyv5,nodes,0,0,0,38,4,Preregistration Form.pdf | Relevant_Channel.pdf | Questionnaire_German.pdf | Questionnaire_English.pdf
osf.io/pxt3m,pxt3m,nodes,0,0,0,15,10,p-curve_table_final.pdf | Priming_task.pdf | Amendment.docx | Amendment2.docx | p-curve table_final.docx | errata_contract_adversarial_collaboration.docx | Amendment2.docx | Amendment.docx | Priming_task.pdf | p-curve table_final.pdf
osf.io/s8ju6,s8ju6,nodes,0,0,0,9,5,Replication study_AsPredicted preregistration_anonymised version.pdf | Study5_Jamovi_moderation preliminary analyses.pdf | Study5_Jamovi_moderation analyses_with R code.pdf | Study5_Guidelines for moderation analyses on Jamovi.pdf | Study5_Demographics and correlations assumption checks.pdf
osf.io/s6kmr,s6kmr,nodes,0,0,0,8,5,Article_Published_Collabra.pdf | Objectives_Hypothesis_OSF.docx | Annexe_Liste_Strategies.pdf | Material_OSF.pdf | Procedure_OSF_English.pdf
osf.io/rv9mw,rv9mw,nodes,0,1,149,29,6,20189-PSYC-Shafir_et_al_1997.docx | Shafir et al_1997_Li Jie_Revised Pre-registration-G.docx | Shafir et al_1997_Money illusion_Lei Hoi Ching_revised Preregistraion-G.docx | Shafir et al_1997_Money_Illusion_Anvita_Revised Pre-Registration-G.docx | Shafir et al_1997_Tsun Shue Man_revised pre-registration-G.docx | Ziano et al 2021 Money illusion Shafir-etal-1997 Replication Extension-preprint.pdf
osf.io/scde7,scde7,nodes,0,0,0,4,0,
osf.io/sgjpy,sgjpy,nodes,0,1,600,3,1,Email to Original Author.pdf
osf.io/sdyha,sdyha,nodes,0,0,0,18,11,alcohol_estimation.pdf | free_recall.pdf | postexperimental_questionnaire.pdf | ESM 1.pdf | ESM 2.pdf | ESM 3.pdf | ESM 1.pdf | ESM 2.pdf | ESM 3.pdf | ESM 5.pdf
osf.io/sqah7,sqah7,nodes,0,0,0,11,5,final coding scheme.docx | Supplemental Tables and Figures.pdf | Supplemental Analyses.docx | Additional Non-Preregistered Quality Checks.docx | Piloting Process.docx
osf.io/srqgj,srqgj,nodes,0,0,0,2,1,Stage 1 Registered Report with Ideology2.0 Dataset Preprint for OSF.pdf
osf.io/swbc2,swbc2,nodes,0,0,0,2,1,Dyadic_Depression_Replication_PreReg.docx
osf.io/t62bd,t62bd,nodes,0,0,0,11,9,"nosek, wave2, UVA Self-Replication, preferred dv.docx | nosek, wave2, UVA Self-Replication, sample.docx | nosek, wave2, UVA Self-Replication, manipulation.docx | nosek, wave2, UVA Self-Replication, hypothesis.docx | nosek, wave2, UVA Self-Replication, measures.docx | nosek, wave2, UVA Self-Replication, exclusion criteria.docx | nosek, wave2, UVA Self-Replication, analysis plan.docx | UVA Wave 2 Self-Rep Results.docx | UVA_Wave_2_Self-Rep_Perceptions_of_Sexuality.docx"
osf.io/t4jsq,t4jsq,nodes,0,0,0,6,1,Ratner Burrow Thoemmes (2016) Preregistered Direct Replication of Heintzelman Trent and King (2013).pdf
osf.io/srbxv,srbxv,nodes,0,0,0,18,2,Thibodeau Replication Preregister Final.pdf | Translations.pdf
osf.io/t7jgk,t7jgk,nodes,0,0,0,17,0,
osf.io/t7jjk,t7jjk,nodes,0,0,0,6,3,Tucker-Drob et al 2014 Person x Nation Int.pdf | Tucker-Drob et al 2014 Person x Nation Int SUPP.pdf | Zheng PISA PS.pdf
osf.io/t94fv,t94fv,nodes,0,0,0,1,1,Analysis plan 2D_4D and self-employment using SOEP data.pdf
osf.io/s9fxy,s9fxy,nodes,0,0,0,22,10,"In-class experiment report-2.docx | Weinstein_1980_GroupA_Replication & Extension_Main Manuscript.docx | Weinstein_1980_GroupA_Replication & Extension_Supplementary.docx | replication & extension main manuscript (Weinstein, 1980 - Group A).docx | Weinstein_1980_Unrealistic_Optimism_Group_A.docx | replication & extension supplementary (Weinstein, 1980 - Group A).docx | Weinstein1980-Unrealistic_Optimism-Group_B-Event_RatingAnxiety-Final.docx | replication & extension supplementary (Weinstein, 1980 - Group B).docx | replication & extension main manuscript (Weinstein, 1980 - Group B).docx | Replication_Jamovi Variable Computation and Filter Code.docx"
osf.io/tgrcx,tgrcx,nodes,0,0,0,11,3,20210319 Preregistration Balancing Savings and debt_CFPB extension.pdf | cfpb_balancing-savings-and-debt_report_2021-01.pdf | Experiment suggests people pay down debt but keep savings cushion _ Consumer Financial Protection Bureau.pdf
osf.io/tf852,tf852,nodes,0,0,0,18,1,SN - XPECT2 SOM Revision - Draft 3 (4.14.2023).docx
osf.io/thdqb,thdqb,nodes,0,1,1899,4,1,OSF Prereg - Nonconscious Arithmetic.pdf
osf.io/tajhd,tajhd,nodes,0,0,0,13,4,Deviations from the Original Study.pdf | codebook - Study 1.pdf | Procedure - Study 1.docx | Procedure - Study 2.docx
osf.io/tzvnh,tzvnh,nodes,0,0,0,1,1,Hanson_IMAGEN_ELA_Neuroticism_RR_20241001.docx
osf.io/tj4sh,tj4sh,nodes,0,0,0,30,4,Preregistration_Refmask_Materials&procedure.pdf | Preregistration_Refmask_AnalysisPlan.pdf | Preregistration_Refmask_FINAL.pdf | Bartsch&Oberauer_2020_Refmask.pdf
osf.io/tzegm,tzegm,nodes,0,1,3293,1,1,studyswap_ad.docx
osf.io/upg4k,upg4k,nodes,0,0,0,1,1,2019Lyon_PredictiveEvaluationReplicationStudies_SamuelPawel.pdf
osf.io/umj4h,umj4h,nodes,0,1,1078,10,2,Supplementary Materials.pdf | Power Analysis.pdf
osf.io/uhr59,uhr59,nodes,0,0,0,8,5,Student Project Approval Form 1.6 Without Guidance.docx | Ethics Form after Feedback.docx | effect_size_Buunk_1997.pdf | Data_collection_note.docx | Laboratory Notebook Final Version.docx
osf.io/v4wth,v4wth,nodes,0,0,0,1,1,"Shaw, Cloos, Luong, Elbaz, & Flake (2020) Measurement Practices in Large-Scale Replications.pdf"
osf.io/v6ngk,v6ngk,nodes,0,0,0,5,4,Data Codebook.pdf | Complete data analysis_JASP export.pdf | Materials_Qualtrics export.pdf | Manuscript preprint.pdf
osf.io/u3nza,u3nza,nodes,0,0,0,26,6,Further details of power analyses.docx | OSF_Experimental methodology.docx | RRR_Wegner_pre-dataMS.docx | Study 1 participant handouts.docx | Study 2 participant handouts.docx | Study 2 additional measure (to be cut into 4).docx
osf.io/vcnp6,vcnp6,nodes,0,0,0,3,2,manuscript: escalation of commitment.docx | materials Staw 1976.docx
osf.io/upg5w,upg5w,nodes,0,0,0,29,4,stage_1R_Replication_of_pride_and_shame_studies_BODY-ONLY_2020-03-25_ac.docx | power_analysis_addendum.pdf | Pride_Study_UH-Manoa_version.docx | Shame_Study_UH-Manoa_version.docx
osf.io/v2wyu,v2wyu,nodes,0,0,0,111,1,TopDownBio_RRR_Stage1.pdf
osf.io/vkw3f,vkw3f,nodes,0,0,0,1,1,Proposal_Replication_2013102813.docx
osf.io/ve9bg,ve9bg,nodes,0,0,0,21,9,20189-PSYC-Shafir_1993_Choosing_vs_Rejecting.docx | Shafir_1993_Choosing_Versus_Rejecting_Won_Young_Cho_Pre-registration_Revised-G.docx | Shafir_1993_Choosing versus rejecting_Chan szeying_revised pre-registration-G.docx | Shafir (1993)_Options betterworse_Jasmin Weber_revised pre-registration-G.docx | Shafir-1993-Choosing vs rejecting-Connie Chu Tsz Ching-pre-registration_revised-G.docx | Chandrashekar et al 2020 Shafir (1993) replication and extensions-preprint-v4.pdf | Method-v2-G.pdf | SupplyMtrl.pdf | Method-RNR2-V1-P.pdf
osf.io/vp3te,vp3te,nodes,47,1,123,12,3,Codebook and meta data.pdf | Expert panel review_DEF.pdf | 2022.11.14 Coding scheme Replication Study Wood ENGLISH.docx
osf.io/w5eq4,w5eq4,nodes,0,0,0,2,2,CORTEX-D-19-00998-Stage1-IPA.pdf | AuthorCredits.pdf
osf.io/vpyd9,vpyd9,nodes,0,0,0,17,1,socialTBReplication-dataTotal_open_ReadMe.pdf
osf.io/vdjhy,vdjhy,nodes,0,0,0,21,4,"OSF_Overview_Cutler_reanalysis.pdf | Cutler_reanalysis_SuppAnalysis_v10.pdf | Rocca, Martino, & Darcy (2024) How misperception affects the structure of the L2 mental lexicon-A conceptual replication of Cutler (2005).pdf | Klattese_to_IPA.pdf"
osf.io/w5hjm,w5hjm,nodes,0,0,0,2,2,replicationPAP.docx | replicationPAP_updated2021.docx
osf.io/w9sur,w9sur,nodes,16,0,0,7,0,
osf.io/wcy2p,wcy2p,nodes,0,0,0,4,4,"Papp & Erchull, 2016.pdf | Calogero, Tylka, Donnelly, McGetrick, & Leger, 2017.pdf | Calogero, 2013.pdf | Power analysis.docx"
osf.io/wkpqv,wkpqv,nodes,0,1,822,0,0,
osf.io/wy8ab,wy8ab,nodes,0,0,0,2,1,Gonnerman Replication (PostReplication Form).docx
osf.io/wtv9f,wtv9f,nodes,0,1,426,1,0,
osf.io/x2jcb,x2jcb,nodes,0,0,0,1,1,Replication_recipe_effects_of_knowing_and_liking_on_accuracy_july_2017.pdf
osf.io/wzduf,wzduf,nodes,0,0,0,13,3,Robertson_etal_Supplement.pdf | RobertsonEtAl_MoralHypocrisy.pdf | RobertsonEtAl_StageOneAcceptedManuscript.pdf
osf.io/wzup5,wzup5,nodes,0,0,0,13,2,Preregistration_PDF_clothing_style_ovulatory_cycle_replication.pdf | coding_scheme.pdf
osf.io/w9gks,w9gks,nodes,0,0,0,35,0,
osf.io/x7cf6,x7cf6,nodes,0,0,0,4,2,Online Appendix to MRP-RSM.pdf | MRP-Preprint.pdf
osf.io/x97sf,x97sf,nodes,0,0,0,5,3,"Full_material.pdf | Stata script simulation.docx | SELECTION_JSI_Darnon,Sommet,Normand&Manstead.pdf"
osf.io/xe4zc,xe4zc,nodes,0,0,0,2,1,Materials and Measures.docx
osf.io/xr2vb,xr2vb,nodes,17,1,1888,18,15,PCIRR-Stage 1 Manuscript_v1.0 dated 20220428.docx | PCIRR-Stage 1 Manuscript_revised v2 dated 20220811.pdf | Reviewer Response 20220811.pdf | PCIRR-Stage 1 Manuscript_revised v3 dated 20220927.docx | Reviewer Response_Round 2 20220927.pdf | Reviewer Response_Round 3 20221017.pdf | PCIRR-Stage 1 Manuscript_revised v4 dated 20221017.docx | SM3_correlations between drug effects.docx | SM1_Other drug effects.docx | PCIRR-Stage 2 Manuscript_v1_20230202_clean.docx
osf.io/xqr4m,xqr4m,nodes,0,1,822,12,12,EMPRA_W189_DeNeys_E_consent_fin.pdf | EMPRA_WS189_DeNeys_E_procedures.pdf | EMPRA_W189_DeNeys_E_version_B_KO_OSF.pdf | EMPRA_W189_DeNeys_E_version_B_ST_OSF.pdf | EMPRA_W189_DeNeys_E_version_Z_KO_OSF.pdf | EMPRA_W189_DeNeys_E_version_Z_ST_OSF.pdf | EMPRA_W189_DeNeys_E_version_debriefing.pdf | EMPRA_WS189_DeNeys_E_procedures_english.pdf | Version_1_B_KO.pdf | Version_2_Z_KO.pdf
osf.io/x9gjj,x9gjj,nodes,0,0,0,14,1,Methods.docx
osf.io/yg6qe,yg6qe,nodes,0,0,0,6,1,Demidenkoetal_Supplemental.pdf
osf.io/xj5pd,xj5pd,nodes,0,0,0,23,17,PCI-RR Snapshot Barkan etal 2012 replication extension-v2-G.docx | PCIRR Barkan etal 2012 replication & extension supplementary.docx | PCIRR Barkan etal 2012 replication & extension main manuscript.docx | Jin & Feldman 2022-revisiting-ethical-dissonance-Barkan etal 2012-replication-preprint.pdf | Barkan-etal-2002-rep-ext-stimulated_data_analysis-v4.1-Y.pdf | Barkan-etal-2002-rep-ext-stimulated_data_analysis-v4.1-Y.docx | Barkan-etal-2002-rep-ext-effect-size-power-v2-G.pdf | Barkan-etal-2002-rep-ext-effect-size-power-v2-G.docx | RRR_Barkan_et_al_2012_Ethical_dissonance.docx | RRR_Barkan_et_al_2012_Ethical_dissonance.pdf
osf.io/xzgfd,xzgfd,nodes,0,0,0,13,2,Final Accepted Version1.pdf | SupplementaryTables.docx
osf.io/ytuzm,ytuzm,nodes,0,0,0,2,1,Preprint_A Failure to Replicate Episodic Specificity Induction on Divergent Thinking.docx
osf.io/ywcsm,ywcsm,nodes,0,1,1018,1,1,Meier&Lyons Nomics Poster 2017.pdf
osf.io/z27sn,z27sn,nodes,0,0,0,3,2,Weissman_et_al_RRR_Gyurkovics_et_al_OSF.pdf | Weissman_et_al_RRR_Table1.docx
osf.io/z7w3s,z7w3s,nodes,0,0,0,1,1,Replication_oderating_effect_of_political_knowledge.pdf
osf.io/z79dm,z79dm,nodes,0,0,0,1,1,preregistration_LPDJP2023_ja.pdf
osf.io/z8kma,z8kma,,0,0,0,0,0,
osf.io/yhvtk,yhvtk,nodes,0,0,0,13,2,180326_STUDY PROTOCOL__for ethics amendment application.docx | FINAL STUDY PROTOCOL.docx
osf.io/y9p7u,y9p7u,nodes,0,1,414,50,13,"Effect-size-calculations.docx | READMEFIRST.docx | Collabra-final-Heyman&Ariely-rep-ext-supplementary.docx | Imada etal-Heyman & Ariely 2004-reps-exts-preprint-final.pdf | Collabra-final-Heyman&Ariely-rep-ext-main.docx | Collabra-final-Heyman&Ariely-rep-ext-title-page.docx | Imada etal-Heyman & Ariely 2004-reps-exts-print.pdf | Heyman__Ariely_2004_Group_A.docx | replication & extension main manuscript (Heyman & Ariely, 2004 - Group A).docx | replication & extension supplementary (Heyman & Ariely, 2004 - Group A).docx"
osf.io/zd3wj,zd3wj,nodes,0,1,10,1,1,"Horstmann et al., Situaiton Perception and Affect.pdf"
osf.io/zkyb8,zkyb8,nodes,0,1,549,7,1,Readme.docx
osf.io/zytdx,zytdx,nodes,0,1,345,27,11,effect_size.pdf | Copy of Questionnaire.docx | Post-study Replication recipe..pdf | general_comments..pdf | Questionnaire for ethics document.docx | Recruitment Material - Adverts.docx | Participant Consent.docx | Recruitment material.docx | Ethics form.docx | Participant Consent.docx
