case_id,source_id,doi_r,title,model_classification,model_confidence,model_categories,model_evidence_quote,model_reasoning,stratum
V01,N118,10.1109/agro-geoinformatics.2019.8820589,Preliminary Approach on Adaptability of Oryza2000 Model for Single Cropping Rice in Jiangsu Province (China),none,high,tool_benchmark,"evaluate ORYZA2000 using datasets where the same (similar) varieties were grown under both direct sowing and transplanting conditions, in order to verify the capability and adaptability of model","The study evaluates a simulation model using new field experiments to demonstrate its adaptability and capability, which constitutes tool benchmarking rather than checking a specific finding from earlier published research.",agreed_none_high_bycategory
V02,N043,10.1111/1751-7915.12460,Bespoke design of whole‐cell microbial machines,none,high,builds_on_literature|terminology_only,"Here, I will examine progress in each of these areas.",The paper is a perspective and review article examining progress in microbial chassis cell development rather than aiming to replicate or reproduce a specific prior study.,agreed_none_high_bycategory
V03,N001,10.1017/s0140525x18000687,Putting replication in its place,none,high,about_replication,Direct replication is valuable but should not be elevated over other worthwhile research practices,The paper is a commentary discussing the value and role of replication rather than a study conducting a replication or reproduction.,none_weak_evidence
V04,N032,10.1186/s12889-019-6421-1,Comparison of clinical and cost-effectiveness of two strategies using mobile digital x-ray to detect pulmonary tuberculosis in rural India,none,high,other,We believe there is potential for replication of strategy 2 model in other states,The abstract merely suggests that future replication is needed rather than reporting a replication study.,none_weak_evidence
V05,N144,10.1080/03071375.2021.1903239,On trees and wind turbines,none,high,tool_benchmark,"The goal of the present study was to see if an extremely simple mathematical model, based on stiff wind turbines, would be able to reproduce the results of some of those software packages.","The study tests a new mathematical model to see if it can reproduce outputs of existing software packages in order to demonstrate that the tool works, which falls under tool benchmarking rather than checking a reported finding from prior research.",agreed_none_high_bycategory
V06,N066,10.7287/peerj.preprints.3153/supp-26,nan,none,high,terminology_only,The replication of enteroviruses features low fidelity,"The abstract uses the term 'replication' in a biological sense regarding viral genome copying, and does not check or reproduce any previously published study.",agreed_none_high_bycategory
V07,N020,10.1057/9780230603066_6,The Dynamics of Institutional Adaptation and the Fruitful Emergence of Managerial Syncretism in Japan,none,high,builds_on_literature,The result is more likely to constitute what Cardoso (1977) once referred to as “the originality of a copy” than the wholesale replication of any one institutional model.,The paper uses the term replication in a metaphorical or general theoretical sense rather than aiming to replicate a specific empirical finding from earlier research.,agreed_none_high_bycategory
V08,N117,10.1101/19011049,An international multicenter examination of MOG antibody assays,none,high,terminology_only,To compare the reproducibility of 11 antibody assays for IgG and IgM myelin oligodendrocyte glycoprotein antibodies,The study assesses technical measurement reproducibility and assay performance across laboratories rather than aiming to replicate a specific finding from previously published research.,agreed_none_high_bycategory
V09,N055,10.5281/zenodo.437143,Advocating Physical Activity For The Enhancement Of Cancer Prevention And Treatment,none,high,terminology_only|builds_on_literature,The term ‘Cancer’ encompasses a large group of related disease processes that affect the healthy replication of cells,The paper uses the word replication in a biological sense and reviews literature on physical activity and cancer rather than aiming to replicate a prior empirical study's findings.,agreed_none_high_bycategory
V10,N102,10.7287/peerj.preprints.3153v2/supp-2,nan,none,high,terminology_only,The replication of enteroviruses features low fidelity,"The abstract uses the word replication in a biological sense concerning viral genome replication, which does not qualify as a scientific reproduction or replication study.",agreed_none_high_bycategory
V11,N006,10.5772/39162,Making the Final Cut - The Role of Endosomes During Mitotic Cell Division,none,high,terminology_only|about_replication,After replication of the genetic material,"The abstract uses the term 'replication' in a biological sense regarding genetic material and provides a review of endosomal transport during cell division, neither of which constitutes a study checking a previously published finding.",none_weak_evidence
V12,N124,10.4236/ojped.2020.102036,Assessment of Incidentally Detected Simple Renal Cyst in Pediatric Patient Based on the Modified Bosniak Classification —Incidentally Detected Simple Renal Cyst in Pediatric,unclear,low,measurement_validation|other,the reproducibility of modified Bosniak classification to guide the radiological and clinical follow up,"The abstract mentions evaluating the reproducibility of a modified classification system, but it is incomplete and does not clearly state whether this involves re-analysing published data or performing a formal validation study of an already published instrument.",unclear
V13,N040,10.1088/1361-6498/ab9509,Rapid detection of plutonium contamination with and without uranium contamination in wounds by x-ray fluorescence,none,high,tool_benchmark,x-ray fluorescence measurements showed a high linearity and reproducibility of the Pu Lα peak intensity and plutonium radioactivity,The paper uses the word 'reproducibility' in the technical sense of measurement precision within the study rather than as a replication or reproduction of an earlier published finding.,agreed_none_high_bycategory
V14,N105,10.1096/fj.180901ufm,Perennial Prescience,none,high,other,,"The paper is a historical and biographical essay celebrating the contributions of biochemist Arthur Pardee and does not aim to replicate, reproduce, or re-test any specific prior study.",none_weak_evidence
V15,N138,10.1002/mds.28597,“Antibody of Unknown Significance” (AUS): The Issue of Interpreting Antibody Test Results,none,high,builds_on_literature|other,,"The paper discusses the clinical challenge of interpreting ambiguous antibody test results and introduces the concept of 'antibody of unknown significance' using a case study, which is ordinary clinical commentary rather than a replication or reproduction of a specific published finding.",none_weak_evidence
V16,N011,10.25148/etd.fi13121207,"The Relationship between Scaffolding Metacognitive Strategies identified through Dialogue Journals and Second Graders’ Reading Comprehension, Science Achievement, and Metacognition using Expository Text",none,high,builds_on_literature,"A replication of this study with more students across more schools, and different grade levels would improve the generalizability of these results.","The abstract describes an original empirical study that merely suggests future replication in its conclusion, rather than conducting a replication itself.",agreed_none_high_bycategory
V17,N137,10.53596/jta.v28i1.372,"The Peer-to-Peer market for tourist accommodation in Latin America. Supply, Demand and Prices",none,high,other,encourages the replication of our analysis with data on the effective occupation of the accommodation,"The paper is an original empirical study of Airbnb markets in Latin America, and the mention of replication only appears as a suggestion for future research in the limitations section.",none_weak_evidence
V18,N054,10.1016/j.contraception.2017.04.004,What if medical abortion becomes the main or only method of first-trimester abortion? A roundtable of views,none,high,other,,The paper is a roundtable discussion about the views and experiences of medical abortion in different countries rather than a replication or reproduction study.,none_weak_evidence
V19,N128,10.1016/s2542-5196(21)00032-2,India's air pollution: the need for city-centric plans and regulations,none,high,terminology_only,,"The paper is a commentary discussing air pollution policy and mentions the word replication only in the context of administrative overlap or ordinary-language usage, rather than as a replication study.",none_weak_evidence
V20,N129,10.4102/jamba.v13i1.1040,Quantifying the nutritional and income loss caused by crop raiding in a rural African subsistence farming community in South Africa,none,high,terminology_only,to avoid pseudo-replication of results,The paper uses the term 'pseudo-replication' solely in reference to its internal sampling design rather than as a replication or reproduction of a previously published study.,agreed_none_high_bycategory
V21,N029,10.7287/peerj.16135v0.1/reviews/1,"Peer Review #1 of ""Followership styles scrutinized: temporal consistency and relationships with job attitudes and self-efficacy (v0.1)""",none,high,other,"To replicate and extend our findings from Study 1, we conducted Study 2 with a sample of N = 570 participants","The paper is an internal replication where Study 2 replicates Study 1 of the same paper, which does not qualify as checking earlier published research in another paper.",none_weak_evidence
V22,N145,10.3389/fmed.2021.730494,In vivo Imaging of Retina and Choroid in Guinea Pigs,none,high,other,We assessed the reproducibility of the OCT measurements and compared in-vivo measurements to histomorphometric data.,The paper investigates the technical measurement reproducibility (intra-observer and inter-observer reliability) within its own study design rather than checking a previously published finding.,none_weak_evidence
V23,N003,10.1177/0956797615616374,Replication in Psychological Science,none,high,about_replication,Replication in Psychological Science,The paper is a commentary and discussion about the replication crisis and another published replication project rather than presenting an empirical replication or reproduction study itself.,none_weak_evidence
V24,N039,10.1016/j.rvsc.2020.03.007,Evaluating the application of the dual path platform VetTB test for badgers (Meles meles) in the test and vaccinate or remove (TVR) wildlife research intervention project in Northern Ireland,none,high,measurement_validation|terminology_only,"The objective of this study was to evaluate the use of Dual Path Platform (DPP) VetTB test (Chembio Diagnostic Systems Inc., Medford, NY, USA) within a Test and Vaccinate or Remove (TVR) wildlife research intervention project.","The study evaluates the performance of a diagnostic test within a specific intervention project and mentions measurement reliability and reproducibility, but it does not aim to replicate a specific previously published research finding.",agreed_none_high_bycategory
V25,N023,10.1161/circgen.118.002139,Is Plasma Renin Activity Genetically Determined and How Much Does It Matter for Treating Hypertension?,none,high,about_replication,,"The paper is an editorial discussing another study's findings on plasma renin activity and briefly mentioning a replication step within that other study, but it is not itself a replication or reproduction study.",none_weak_evidence
V26,N007,10.28971/532018mm74,Secondary Traumatic Stress Among Emergency Department Nurses,none,high,other,Replication of this project on a larger scale could serve as the foundation for establishing new policies regarding STS,"The abstract merely suggests that future replication of the project is needed, which is a non-qualifying usage.",none_weak_evidence
V27,N123,10.29035/ucmaule.59.56,Fiabilidad y reproductividad de los Cuestionarios de Actividad Física PAQ-C Y PAQ-A en Estudiantes de Enseñanza Básica y Media de la Ciudad de Talca,none,high,measurement_validation,"The instrument was applied in two instances, having an interval of 7 days between the two measurements (test and re-test).",The paper measures test-retest reliability and internal measurement reproducibility within its own sample rather than re-testing a previously published finding or re-validating a published instrument in a distinct external context.,agreed_none_high_bycategory
V28,N042,10.3390/ijerph17217709,Reliability of T-WSI to Evaluate Neighborhoods Walkability and Its Changes over Time,none,high,measurement_validation,Intraclass Correlation Coefficient (ICC) is used to evaluate the reproducibility of measurements (or ratings) made by different investigators.,The paper uses 'reproducibility' in the technical sense of inter-rater agreement and internal consistency within a study rather than checking a previously published finding.,agreed_none_high_bycategory
V29,N045,10.1016/j.ebiom.2016.03.014,Zika Virus: More Questions Than Answers,none,high,builds_on_literature,,The paper is a review summarizing current knowledge and questions surrounding the Zika virus outbreak rather than an aim to replicate or reproduce a specific prior study.,agreed_none_high_bycategory
V30,N109,10.1249/fit.0000000000000415,Scope of Practice,none,high,builds_on_literature|other,,"The paper provides a legal and professional refresher on scope of practice for fitness instructors, without aiming to replicate or reproduce any previously published empirical finding.",none_weak_evidence
