work_id,doi_r,old_doi_o,old_title_o,old_link_method,old_outcome,old_file,old_n_rows,new_doi_o,new_title_o,new_link_method,new_outcome,new_file,new_n_rows,match_change,link_method_changed,left_llm_references,outcome_changed
W1521097961,10.3233/jad-2011-111847,10.1371/journal.pgen.1001130,Dementia Revealed: Novel Chromosome 6 Locus for Late-Onset Alzheimer Disease Provides Gene,llm_references,successful,extracted.csv,1,10.1371/journal.pgen.1001130,Dementia Revealed: Novel Chromosome 6 Locus for Late-Onset Alzheimer Disease Provides Gene,llm_references,successful,extracted_sandbox.csv,1,same original,False,False,False
W176265305,10.1176/ajp.153.11.1484,10.1002/(sici)1522-7154(1996)2:1<1::aid-anxi1>3.0.co;2-v | 10.1176/ajp.152.1.22,Complicated grief and bereavement-related depression as distinct disorders: preliminary em | Anxiety among widowed elders: Is it distinct from depression and grief?,llm_references,successful,extracted.csv,2,10.1002/(sici)1522-7154(1996)2:1<1::aid-anxi1>3.0.co;2-v | 10.1176/ajp.152.1.22,Complicated grief and bereavement-related depression as distinct disorders: preliminary em | Anxiety among widowed elders: Is it distinct from depression and grief?,llm_references,successful,extracted_sandbox.csv,2,same original,False,False,False
W1771823445,10.1002/hbm.460010406,10.1093/brain/116.1.1,Functional mapping of brain areas implicated in auditory—verbal memory function,llm_references,successful,extracted.csv,1,10.1093/brain/116.1.1,Functional mapping of brain areas implicated in auditory—verbal memory function,llm_references,cannot_be_determined,extracted_sandbox.csv,1,same original,False,False,True
W195104432,,10.1080/10437797.1998.10778906,Distance Learning in Social Work Education,llm_references,cannot_be_determined,extracted.csv,1,,,target_pending,pending,target_pending.csv,1,declined (no original),True,True,True
W1964529863,10.1002/dev.420060103,10.1002/dev.420040203,Environmentally induced changes in the dimensions of the rat cerebrum,llm_references,failed,extracted.csv,1,10.1002/dev.420040203,Environmentally induced changes in the dimensions of the rat cerebrum,llm_references,failed,extracted_sandbox.csv,1,same original,False,False,False
W1966139138,10.1371/journal.pone.0051876,10.1371/journal.pone.0022757,What People Believe about How Memory Works: A Representative Survey of the U.S. Population,llm_references,successful,extracted.csv,1,10.1371/journal.pone.0022757,What People Believe about How Memory Works: A Representative Survey of the U.S. Population,llm_references,successful,extracted_sandbox.csv,1,same original,False,False,False
W1967997943,10.1081/ada-100101885,10.1017/s0954579498001333,Multiple jeopardy: Risk and protective factors among addicted mothers'offspring,llm_references,successful,extracted.csv,1,10.1017/s0954579498001333,Multiple jeopardy: Risk and protective factors among addicted mothers'offspring,llm_references,successful,extracted_sandbox.csv,1,same original,False,False,False
W1969237464,10.15302/j-fase-2014037,10.1371/journal.pone.0013661,Genome Wide Association Studies for Milk Production Traits in Chinese Holstein Population,llm_references,successful,extracted.csv,1,10.1371/journal.pone.0013661,Genome Wide Association Studies for Milk Production Traits in Chinese Holstein Population,llm_references,successful,extracted_sandbox.csv,1,same original,False,False,False
W1973118694,10.1002/hbm.20283,10.1016/j.neuroimage.2004.03.025,Activation of the fusiform gyrus when individuals with autism spectrum disorder view faces,llm_references,successful,extracted.csv,1,10.1016/j.neuroimage.2004.03.025,Activation of the fusiform gyrus when individuals with autism spectrum disorder view faces,llm_references,successful,extracted_sandbox.csv,1,same original,False,False,False
W1973122849,10.1002/ana.410280508,10.1002/ana.410230509,Mild senile dementia of the alzheimer type: 2. Longitudinal assessment,llm_references,successful,extracted.csv,1,10.1002/ana.410230509,Mild senile dementia of the alzheimer type: 2. Longitudinal assessment,llm_references,successful,extracted_sandbox.csv,1,same original,False,False,False
W1980936285,10.1207/s15326934crj0803_8,10.1080/10400419309534498,Insight problems revisited: The influence of cognitive styles and experience on creative p,llm_references,successful,extracted.csv,1,10.1080/10400419309534498,Insight problems revisited: The influence of cognitive styles and experience on creative p,llm_references,successful,extracted_sandbox.csv,1,same original,False,False,False
W1982594477,10.1016/j.cortex.2012.08.008,10.1016/j.neuropsychologia.2012.07.029,Could masked conceptual primes increase recollection? The subtleties of measuring recollec,llm_references,successful,extracted.csv,1,10.1016/j.neuropsychologia.2012.07.029,Could masked conceptual primes increase recollection? The subtleties of measuring recollec,llm_references,successful,extracted_sandbox.csv,1,same original,False,False,False
W1983161251,10.1080/0360127910170403,10.1080/0380127830090102,SATISFACTION AND ROLE STRAIN AMONG MIDDLE‐AGE AND OLDER REENTRY WOMEN STUDENTS,llm_references,cannot_be_determined,extracted.csv,1,10.1080/0380127830090102,SATISFACTION AND ROLE STRAIN AMONG MIDDLE‐AGE AND OLDER REENTRY WOMEN STUDENTS,llm_references,cannot_be_determined,extracted_sandbox.csv,1,same original,False,False,False
W1984196654,10.1186/1471-2458-8-120,10.1186/1471-2458-6-187,Stages of development and injury patterns in the early years: a population-based analysis,llm_references,successful,extracted.csv,1,10.1186/1471-2458-6-187,Stages of development and injury patterns in the early years: a population-based analysis,llm_references,successful,extracted_sandbox.csv,1,same original,False,False,False
W1984604010,10.1192/bjp.161.1.55,10.1192/bjp.155.1.92,Concordance by Sex in Sibling Pairs with Schizophrenia is Paternally Inherited,llm_references,successful,extracted.csv,1,10.1192/bjp.155.1.92,Concordance by Sex in Sibling Pairs with Schizophrenia is Paternally Inherited,llm_references,successful,extracted_sandbox.csv,1,same original,False,False,False
W1987244237,10.1901/jaba.2007.40-559,10.1901/jaba.1973.6-125,REDUCING THE LATENCY OF A CHILD'S RESPONDING TO INSTRUCTIONS BY MEANS OF A TOKEN SYSTEM1,llm_references,successful,extracted.csv,1,10.1901/jaba.1973.6-125,REDUCING THE LATENCY OF A CHILD'S RESPONDING TO INSTRUCTIONS BY MEANS OF A TOKEN SYSTEM1,llm_references,successful,extracted_sandbox.csv,1,same original,False,False,False
W1988799899,10.1002/ajmg.b.30262,10.1111/j.1440-1819.2004.01280.x,Association of the XBP1−116C/G polymorphism with schizophrenia in the Japanese population,llm_references,failed,extracted.csv,1,10.1111/j.1440-1819.2004.01280.x,Association of the XBP1−116C/G polymorphism with schizophrenia in the Japanese population,llm_references,failed,extracted_sandbox.csv,1,same original,False,False,False
W1994533505,10.1002/ajmg.b.30658,10.1126/science.1129837,Common <i>Kibra</i> Alleles Are Associated with Human Memory Performance,llm_references,failed,extracted.csv,1,10.1126/science.1129837,Common <i>Kibra</i> Alleles Are Associated with Human Memory Performance,llm_references,failed,extracted_sandbox.csv,1,same original,False,False,False
W1995762476,10.1080/00048670802119820,10.1080/00048670802119762,Shyness 1: Distance Treatment of Social Phobia Over the Internet,llm_references,successful,extracted.csv,1,10.1080/00048670802119762,Shyness 1: Distance Treatment of Social Phobia Over the Internet,llm_references,successful,extracted_sandbox.csv,1,same original,False,False,False
W2001858347,10.1111/j.1468-1331.2012.03879.x,10.1002/ana.22403,Genome‐wide association studies of cerebral white matter lesion burden,llm_references,successful,extracted.csv,1,10.1002/ana.22403,Genome‐wide association studies of cerebral white matter lesion burden,llm_references,successful,extracted_sandbox.csv,1,same original,False,False,False
W2003328263,10.1371/journal.pone.0030237,10.1073/pnas.0610765104,"Genetic analysis of the calcineurin pathway identifies members of the EGR gene family, spe",llm_references,successful,extracted.csv,1,10.1073/pnas.0610765104,"Genetic analysis of the calcineurin pathway identifies members of the EGR gene family, spe",llm_references,successful,extracted_sandbox.csv,1,same original,False,False,False
W2012166465,10.1111/j.1532-5415.1989.tb06814.x,10.1111/j.1532-5415.1981.tb01744.x,Functional Assessment of Elderly Subjects in Four Service Settings*,llm_references,successful,extracted.csv,1,10.1111/j.1532-5415.1981.tb01744.x,Functional Assessment of Elderly Subjects in Four Service Settings*,llm_references,successful,extracted_sandbox.csv,1,same original,False,False,False
W2015123399,10.1159/000012254,10.1097/00005053-199611000-00006 | 10.1111/j.1600-0447.1997.tb09922.x,The Development and Psychometric Characteristics of the Somatoform Dissociation Questionna | The development of the somatoform dissociation questionnaire (SDQ‐5) as a screening instru,llm_references,successful,extracted.csv,2,10.1097/00005053-199611000-00006 | 10.1111/j.1600-0447.1997.tb09922.x,The Development and Psychometric Characteristics of the Somatoform Dissociation Questionna | The development of the somatoform dissociation questionnaire (SDQ‐5) as a screening instru,llm_references,successful,extracted_sandbox.csv,2,same original,False,False,False
W2020060357,10.2466/pr0.1978.43.3.945,10.1007/bf00492361,Effects of chronic administration of diphenylhydantoin on learning and offspring behavior,llm_references,failed,extracted.csv,1,10.1007/bf00492361,Effects of chronic administration of diphenylhydantoin on learning and offspring behavior,llm_references,failed,extracted_sandbox.csv,1,same original,False,False,False
W2024124148,10.4236/jbbs.2013.32020,10.1097/00006842-199303000-00004,"Dependence between apolipoprotein E phenotypes and temperament in children, adolescents, a",llm_references,mixed,extracted.csv,1,10.1097/00006842-199303000-00004,"Dependence between apolipoprotein E phenotypes and temperament in children, adolescents, a",llm_references,mixed,extracted_sandbox.csv,1,same original,False,False,False
W2025439004,10.1007/s00125-015-3508-9,10.1093/hmg/ddu184,Identification of a splicing variant that regulates type 2 diabetes risk factor CDKAL1 lev,llm_references,failed,extracted.csv,1,10.1093/hmg/ddu184,Identification of a splicing variant that regulates type 2 diabetes risk factor CDKAL1 lev,llm_references,failed,extracted_sandbox.csv,1,same original,False,False,False
W2041962819,10.2466/pms.2003.97.1.107,10.1037/0022-3514.59.3.411,The influence of mood on categorization: A cognitive flexibility interpretation.,llm_references,failed,extracted.csv,1,10.1037/0022-3514.59.3.411,The influence of mood on categorization: A cognitive flexibility interpretation.,llm_references,failed,extracted_sandbox.csv,1,same original,False,False,False
W2044943750,10.1002/jae.2424,10.1016/j.jeconom.2010.03.040,A spatio-temporal model of house prices in the USA,llm_references,cannot_be_determined,extracted.csv,1,10.1016/j.jeconom.2010.03.040,A spatio-temporal model of house prices in the USA,llm_references,"computational issues, not checked",extracted_sandbox.csv,1,same original,False,False,True
W2047469948,10.2466/pr0.1974.35.1.531,10.2466/pr0.1972.30.1.132,Effects of Group Laughter on Responses to Humorous Material,llm_references,cannot_be_determined,extracted.csv,1,10.2466/pr0.1972.30.1.132,Effects of Group Laughter on Responses to Humorous Material,llm_references,cannot_be_determined,extracted_sandbox.csv,1,same original,False,False,False
W2049839209,10.1371/journal.pone.0041228,10.1002/art.22813,Association of arthritis with a gene complex encoding C‐type lectin–like receptors,llm_references,successful,extracted.csv,1,10.1002/art.22813,Association of arthritis with a gene complex encoding C‐type lectin–like receptors,llm_references,successful,extracted_sandbox.csv,1,same original,False,False,False
W2053537456,10.2466/pr0.1987.61.2.379,10.1037/0021-9010.71.2.343,Vicarious punishment in a work setting.,llm_references,failed,extracted.csv,1,10.1037/0021-9010.71.2.343,Vicarious punishment in a work setting.,llm_references,failed,extracted_sandbox.csv,1,same original,False,False,False
W2064271395,10.2466/pr0.1989.65.2.579,10.1080/02796015.1984.12085098,Job Satisfaction Among Practicing School Psychologists: A National Study,llm_references,successful,extracted.csv,1,10.1080/02796015.1984.12085098,Job Satisfaction Among Practicing School Psychologists: A National Study,llm_references,successful,extracted_sandbox.csv,1,same original,False,False,False
W2069359258,10.1002/art.33381,10.1002/art.27457,Rheumatoid arthritis risk allele PTPRC is also associated with response to anti–tumor necr,llm_references,successful,extracted.csv,1,10.1002/art.27457,Rheumatoid arthritis risk allele PTPRC is also associated with response to anti–tumor necr,llm_references,successful,extracted_sandbox.csv,1,same original,False,False,False
W2075456319,10.2466/pms.102.1.73-74,10.2466/pr0.2003.92.2.393,Buying Books Online: Follow-up,llm_references,cannot_be_determined,extracted.csv,1,,,target_pending,pending,target_pending.csv,1,declined (no original),True,True,True
W2077804534,10.1108/02652320710820345,10.1108/02652320610671324,Dimensions of price satisfaction: a study in the retail banking industry,llm_references,successful,extracted.csv,1,10.1108/02652320610671324,Dimensions of price satisfaction: a study in the retail banking industry,llm_references,successful,extracted_sandbox.csv,1,same original,False,False,False
W2086756898,10.1080/02646830600973933,10.1097/01.psy.0000097346.39776.59,Socioemotional Correlates of Self-Reported Menstrual Cycle Irregularity in Premenopausal W,llm_references,successful,extracted.csv,1,10.1097/01.psy.0000097346.39776.59,Socioemotional Correlates of Self-Reported Menstrual Cycle Irregularity in Premenopausal W,llm_references,successful,extracted_sandbox.csv,1,same original,False,False,False
W2092106350,10.1111/j.1469-8986.2005.00367.x,10.1037/0022-3514.82.4.619,Does resting electroencephalograph asymmetry reflect a trait? An application of latent sta,llm_references,successful,extracted.csv,1,10.1037/0022-3514.82.4.619,Does resting electroencephalograph asymmetry reflect a trait? An application of latent sta,llm_references,successful,extracted_sandbox.csv,1,same original,False,False,False
W2093345556,10.2307/2112261,10.2307/2092399,The American Occupational Structure.,llm_references,mixed,extracted.csv,1,,,target_pending,pending,target_pending.csv,1,declined (no original),True,True,True
W2095864928,10.1177/1077559504273684,10.1002/ab.20016,Social disadvantage and neglectful parenting as precursors to the development of antisocia,llm_references,cannot_be_determined,extracted.csv,1,10.1002/ab.20016,Social disadvantage and neglectful parenting as precursors to the development of antisocia,llm_references,cannot_be_determined,extracted_sandbox.csv,1,same original,False,False,False
W2104755979,10.1093/brain/awh524,10.1002/1531-8249(200005)47:5<571::aid-ana3>3.0.co;2-a | 10.1002/1531-8249(200012)48:6<948::aid-ana21>3.0.co;2-g | 10.1002/ana.10108 | 10.1002/ana.10457 | 10.1046/j.1528-1157.2003.11003.x | 10.1046/j.1528-1157.2003.18003.x | 10.1046/j.1528-1157.2003.43302.x | 10.1111/j.1528-1157.1999.tb01602.x | 10.1212/01.wnl.0000046520.79877.d8 | 10.1212/01.wnl.0000096940.92986.02 | 10.1212/01.wnl.0000141021.42763.f6 | 10.1212/wnl.55.3.435,"Association of an ABCB1 gene haplotype with pharmacoresistance in temporal lobe epilepsy | Increased Frequency of Interleukin‐1β‐511T Allele in Patients with Temporal Lobe Epilepsy, | Interleukin (IL)-1?, IL-1?, and IL-1 receptor antagonist gene polymorphisms in patients wi | GABA(B) receptor 1 polymorphism (G1465A) is associated with temporal lobe epilepsy | A functional polymorphism in the prodynorphin gene promotor is associated with temporal lo | <i>APOE</i> ε4 genotype is associated with an earlier onset of chronic temporal lobe epile | Apolipoprotein E Polymorphisms and the Risk of Nonlesional Temporal Lobe Epilepsy | Prodynorphin Gene Promoter Polymorphism and Temporal Lobe Epilepsy | Prodynorphin gene promoter polymorphism and temporal lobe epilepsy | Association Analysis of a Polymorphism of Interleukin 1β (IL‐1β) Gene with Temporal Lobe E | Surgical outcome in mesial temporal sclerosis correlates with prion protein gene variant | Interleukin-1? gene polymorphism and susceptibility to temporal lobe epilepsy with hippoca",llm_references,failed,extracted.csv,12,10.1002/ana.10108 | 10.1046/j.1528-1157.2003.43302.x | 10.1046/j.1528-1157.2003.t01-1-44702.x | 10.1203/01.pdr.0000069696.96041.34 | 10.1212/01.wnl.0000046520.79877.d8 | 10.1212/01.wnl.0000096940.92986.02 | 10.1212/wnl.55.3.435,APOE epsilon4 genotype is associated with an earlier onset of chronic temporal lobe epilep | Increased frequency of interleukin-1beta-511T allele in patients with temporal lobe epilep | A functional polymorphism in the prodynorphin gene promotor is associated with temporal lo | Association of the neuronal nicotinic acetylcholine receptor subunit alpha4 polymorphisms  | Association analysis of gamma 2 subunit of gamma-aminobutyric acid type A receptor polymor | GABA(B) receptor 1 polymorphism (G1465A) is associated with temporal lobe epilepsy | Surgical outcome in mesial temporal sclerosis correlates with prion protein gene variant,llm_title_search,failed | uninformative,search_link_unconfirmed.csv,7,overlap (added/dropped an original),True,True,True
W2116883460,10.1046/j.1365-2648.1999.01230.x,10.1002/nur.4770160209,Maternal confidence for labor: Development of the childbirth self‐efficacy inventory,llm_references,successful,extracted.csv,1,10.1002/nur.4770160209,Maternal confidence for labor: Development of the childbirth self‐efficacy inventory,llm_references,successful,extracted_sandbox.csv,1,same original,False,False,False
W2117844119,10.1111/gbb.12012,10.1073/pnas.0931309100,Catechol O -methyltransferase val 158 -met genotype and individual variation in the brain ,llm_references,failed,extracted.csv,1,10.1073/pnas.0931309100,Catechol O -methyltransferase val 158 -met genotype and individual variation in the brain ,llm_references,failed,extracted_sandbox.csv,1,same original,False,False,False
W2119271910,10.1177/00238309070500010201,10.1037/0096-1523.25.6.1568,Epenthetic vowels in Japanese: A perceptual illusion?,llm_references,successful,extracted.csv,1,10.1037/0096-1523.25.6.1568,Epenthetic vowels in Japanese: A perceptual illusion?,llm_references,successful,extracted_sandbox.csv,1,same original,False,False,False
W2120814713,10.1111/j.1365-2850.2008.01294.x,10.1111/j.1365-2850.2006.00931.x,Preliminary outcomes of a trial to reduce conflict and containment on acute psychiatric wa,llm_references,uninformative,extracted.csv,1,10.1111/j.1365-2850.2006.00931.x,Preliminary outcomes of a trial to reduce conflict and containment on acute psychiatric wa,llm_references,uninformative,extracted_sandbox.csv,1,same original,False,False,False
W2121346405,10.1212/wnl.0b013e318264e353,10.1016/s0140-6736(10)62345-8,Imputation of sequence variants for identification of genetic risks for Parkinson's diseas,llm_references,mixed,extracted.csv,1,10.1016/s0140-6736(10)62345-8,Imputation of sequence variants for identification of genetic risks for Parkinson's diseas,llm_references,mixed,extracted_sandbox.csv,1,same original,False,False,False
W2123103695,10.1002/eat.1066,10.1002/1098-108x(200103)29:2<139::aid-eat1003>3.0.co;2-i,Do broken relationships in childhood relate to bulimic women breaking off psychotherapy in,llm_references,successful,extracted.csv,1,10.1002/1098-108x(200103)29:2<139::aid-eat1003>3.0.co;2-i,Do broken relationships in childhood relate to bulimic women breaking off psychotherapy in,llm_references,successful,extracted_sandbox.csv,1,same original,False,False,False
W2123294834,10.1177/0899764011404081,10.1023/a:1020337425782,Media Publicity and the Voluntary Sector: The Case of Nonprofit Organizations in New York ,llm_references,successful,extracted.csv,1,10.1023/a:1020337425782,Media Publicity and the Voluntary Sector: The Case of Nonprofit Organizations in New York ,llm_references,successful,extracted_sandbox.csv,1,same original,False,False,False
W2124578438,10.2307/256213,10.1037/0021-9010.67.6.868,Role of leadership in the employee withdrawal process.,llm_references,failed,extracted.csv,1,,,target_pending,pending,target_pending.csv,1,declined (no original),True,True,True
W2125426425,10.15288/jsa.1995.56.186,10.1037//0021-843x.97.2.218,"Coping, expectancies, and alcohol abuse: A test of social learning formulations.",llm_references,successful,extracted.csv,1,10.1037//0021-843x.97.2.218,"Coping, expectancies, and alcohol abuse: A test of social learning formulations.",llm_references,cannot_be_determined,extracted_sandbox.csv,1,same original,False,False,True
W2127819969,10.1177/008124630303300307,10.4102/sajip.v25i1.679,The comparability of the constructs of the 16PF in the South African context,llm_references,statistically successful but flawed,extracted.csv,1,10.1177/008124639902900204,Qualitative and Statistical Impacts of Home Language on Responses to the Items of the Sixt,llm_references,statistically successful but flawed,extracted_sandbox.csv,1,different original,False,False,False
W2128411464,10.1111/1464-0597.00149,10.1037/0021-9010.81.2.134,Fairness reactions to personnel selection techniques in France and the United States.,llm_references,cannot_be_determined,extracted.csv,1,10.1037/0021-9010.81.2.134,Fairness reactions to personnel selection techniques in France and the United States.,llm_references,cannot_be_determined,extracted_sandbox.csv,1,same original,False,False,False
W2137148722,10.1002/jae.2493,10.1080/07350015.2012.741549,A New Model of Trend Inflation,llm_references,"computationally reproducible, not checked",extracted.csv,1,10.1080/07350015.2012.741549,A New Model of Trend Inflation,llm_references,"computationally reproducible, not checked",extracted_sandbox.csv,1,same original,False,False,False
W2138009685,10.1176/appi.ajp.158.8.1314,10.1176/appi.ajp.157.4.644,Reduced Concentrations of Thalamic <i>N</i>-Acetylaspartate in Male Patients With Schizoph,llm_references,successful,extracted.csv,1,10.1176/appi.ajp.157.4.644,Reduced Concentrations of Thalamic <i>N</i>-Acetylaspartate in Male Patients With Schizoph,llm_references,successful,extracted_sandbox.csv,1,same original,False,False,False
W2149746305,10.1111/j.1744-6570.1978.tb02130.x,10.1111/j.1744-6570.1969.tb00334.x,CHARACTERISTICS OF EFFECTIVE EMPLOYEE PERFORMANCE REVIEW AND DEVELOPMENT INTERVIEWS<sup>1<,llm_references,successful,extracted.csv,1,10.1111/j.1744-6570.1969.tb00334.x,CHARACTERISTICS OF EFFECTIVE EMPLOYEE PERFORMANCE REVIEW AND DEVELOPMENT INTERVIEWS<sup>1<,llm_references,successful,extracted_sandbox.csv,1,same original,False,False,False
W2153862402,10.1002/eat.20103,10.1016/s1471-0153(03)00026-6,Social anxiety and social comparison: differential links with restrictive and bulimic atti,llm_references,successful,extracted.csv,1,10.1016/s1471-0153(03)00026-6,Social anxiety and social comparison: differential links with restrictive and bulimic atti,llm_references,successful,extracted_sandbox.csv,1,same original,False,False,False
W2158965732,10.1002/elps.201100128,10.1038/ng2121,A common variant of HMGA2 is associated with adult and childhood height in the general pop,llm_references,failed,extracted.csv,1,,,target_pending,pending,target_pending.csv,1,declined (no original),True,True,True
W2160820103,10.1017/s0272263100015394,10.1017/s0272263100011979,Explicit Instruction and Input Processing,llm_references,successful,extracted.csv,1,10.1017/s0272263100011979,Explicit Instruction and Input Processing,llm_references,cannot_be_determined,extracted_sandbox.csv,1,same original,False,False,True
W2169756025,10.1177/1352458509106509,10.1001/archneurol.2008.47,Genome-Wide Pharmacogenomic Analysis of the Response to Interferon Beta Therapy in Multipl,llm_references,mixed,extracted.csv,1,10.1001/archneurol.2008.47,Genome-Wide Pharmacogenomic Analysis of the Response to Interferon Beta Therapy in Multipl,llm_references,mixed,extracted_sandbox.csv,1,same original,False,False,False
W2316348164,10.1167/iovs.14-15105,10.1038/ng.2554 | 10.1371/journal.pgen.1003299,"Genome-wide meta-analyses of multiancestry cohorts identify multiple new susceptibility lo | Genome-Wide Analysis Points to Roles for Extracellular Matrix Remodeling, the Visual Cycle",llm_references,mixed,extracted.csv,2,10.1038/ng.2554 | 10.1371/journal.pgen.1003299,"Genome-wide meta-analyses of multiancestry cohorts identify multiple new susceptibility lo | Genome-Wide Analysis Points to Roles for Extracellular Matrix Remodeling, the Visual Cycle",llm_references,successful,extracted_sandbox.csv,2,same original,False,False,True
W2323812506,10.1016/j.mgene.2016.03.007,10.1016/j.jsams.2013.02.006 | 10.1136/bjsm.2008.053892 | 10.1159/000235701,"Variants within the<i>MMP3</i>gene are associated with Achilles tendinopathy: possible int | Polymorphic variation within the ADAMTS2, ADAMTS14, ADAMTS5, ADAM12 and TIMP2 genes and th | Genetic Risk Factors for Musculoskeletal Soft Tissue Injuries",llm_author_year_search | llm_references,failed,extracted.csv | search_link_unconfirmed.csv,3,10.1016/j.jsams.2013.02.006 | 10.1136/bjsm.2008.053892,"Variants within the<i>MMP3</i>gene are associated with Achilles tendinopathy: possible int | Polymorphic variation within the ADAMTS2, ADAMTS14, ADAMTS5, ADAM12 and TIMP2 genes and th",llm_references,failed,extracted_sandbox.csv,2,overlap (added/dropped an original),True,False,False
W2330980526,10.2466/pms.1989.68.1.157,10.2466/pms.1984.58.3.887,A Possible Proximity Effect on Human Grip Strength,llm_references,failed,extracted.csv,1,10.2466/pms.1984.58.3.887,A Possible Proximity Effect on Human Grip Strength,llm_references,failed,extracted_sandbox.csv,1,same original,False,False,False
W2396759709,,10.1007/s10803-015-2504-8,A Randomized Controlled Trial to Improve Social Skills in Young Adults with Autism Spectru,llm_references,mixed,extracted.csv,1,10.1007/s10803-015-2504-8,A Randomized Controlled Trial to Improve Social Skills in Young Adults with Autism Spectru,llm_references,mixed,extracted_sandbox.csv,1,same original,False,False,False
W2409619434,10.1093/oxfordjournals.jpart.a037129,10.1111/j.1559-1816.1985.tb00895.x,When Bureaucrats Get the Blues: Responses to Dissatisfaction Among Federal Employees,llm_references,cannot_be_determined,extracted.csv,1,10.1111/j.1559-1816.1985.tb00895.x,When Bureaucrats Get the Blues: Responses to Dissatisfaction Among Federal Employees,llm_references,cannot_be_determined,extracted_sandbox.csv,1,same original,False,False,False
W2410862503,10.1080/09658211.2016.1189941,10.1111/j.1467-9280.2008.02156.x,How to Accurately Detect Autobiographical Events,llm_references,successful,extracted.csv,1,10.1111/j.1467-9280.2008.02156.x,How to Accurately Detect Autobiographical Events,llm_references,successful,extracted_sandbox.csv,1,same original,False,False,False
W2415466450,10.1037/xge0000102,10.1016/s0022-1031(02)00011-2 | 10.1037/a0015850,Thinking about the self influences thinking in general: cognitive consequences of salient  | Connecting and separating mind-sets: Culture as situated cognition.,llm_references,mixed,extracted.csv,2,10.1016/s0022-1031(02)00011-2 | 10.1037/a0015850,Thinking about the self influences thinking in general: cognitive consequences of salient  | Connecting and separating mind-sets: Culture as situated cognition.,llm_references,failed,extracted_sandbox.csv,2,same original,False,False,True
W2509481270,10.1080/10586458.2016.1173413,10.1080/10586458.2016.1163755,Reproducibility in Computational Science: A Case Study: Randomness of the Digits of Pi,llm_references,cannot_be_determined,extracted.csv,1,10.1080/10586458.2016.1163755,Reproducibility in Computational Science: A Case Study: Randomness of the Digits of Pi,keyed_link_disputed,"not checked, robustness challenges",keyed_link_disputed.csv,1,same original,True,True,True
W2568065332,10.1109/iwsm-mensura.2016.039,10.1016/j.datak.2012.06.005,Approximation of COSMIC functional size to support early effort estimation in Agile,llm_references,successful,extracted.csv,1,10.1016/j.datak.2012.06.005,Approximation of COSMIC functional size to support early effort estimation in Agile,llm_references,cannot_be_determined,extracted_sandbox.csv,1,same original,False,False,True
W2569068099,,10.2308/bria.2001.13.1.111,A Research Note on the Effects of Gender and Task Complexity on an Audit Judgment,llm_references,mixed,extracted.csv,1,,,target_pending,pending,target_pending.csv,1,declined (no original),True,True,True
W2607375323,10.1002/ajmg.a.38190,10.1038/ncomms7414,Genome-wide association study identifies a new susceptibility locus for cleft lip with or ,llm_references,failed,extracted.csv,1,10.1038/ncomms7414,Genome-wide association study identifies a new susceptibility locus for cleft lip with or ,llm_references,failed,extracted_sandbox.csv,1,same original,False,False,False
W2611033029,10.3928/01484834-20170421-06,10.3928/01484834-20070201-09,A Survey of Physical Assessment Techniques Performed by RNs: Lessons for Nursing Education,llm_references,cannot_be_determined,extracted.csv,1,10.3928/01484834-20090101-05,A Survey of Physical Examination Skills Taught in Undergraduate Nursing Programs: Are We T,llm_references,cannot_be_determined,extracted_sandbox.csv,1,different original,False,False,False
W2758684098,10.1177/1073191117733548,10.1002/aur.1724,Investigating diagnostic bias in autism spectrum conditions: An item response theory analy,llm_references,successful,extracted.csv,1,10.1002/aur.1724,Investigating diagnostic bias in autism spectrum conditions: An item response theory analy,llm_references,successful,extracted_sandbox.csv,1,same original,False,False,False
W2803712352,10.1371/journal.pone.0210405,10.1016/s0140-6736(11)61709-1,Effect of a cash transfer programme for schooling on prevalence of HIV and herpes simplex ,llm_references,"computationally reproducible, robustness challenges",extracted.csv,1,10.1016/s0140-6736(11)61709-1,Effect of a cash transfer programme for schooling on prevalence of HIV and herpes simplex ,llm_references,"computationally reproducible, robustness challenges",extracted_sandbox.csv,1,same original,False,False,False
W2805652837,10.1186/s12967-018-1488-5,10.1681/asn.2016040433,A Multicenter Study of the Predictive Value of Crescents in IgA Nephropathy,llm_references,failed,extracted.csv,1,10.1681/asn.2016040433,A Multicenter Study of the Predictive Value of Crescents in IgA Nephropathy,llm_references,failed,extracted_sandbox.csv,1,same original,False,False,False
W2886050787,10.1111/jsr.12749,10.1016/j.cub.2010.03.027,Dreaming of a Learning Task Is Associated with Enhanced Sleep-Dependent Memory Consolidati,llm_references,successful,extracted.csv,1,10.1016/j.cub.2010.03.027,Dreaming of a Learning Task Is Associated with Enhanced Sleep-Dependent Memory Consolidati,llm_references,successful,extracted_sandbox.csv,1,same original,False,False,False
W2891080196,10.2117/psysoc.2017.57,10.1098/rspb.2011.1024,Automatic imitation in a strategic context: players of rock–paper–scissors imitate opponen,llm_references,failed,extracted.csv,1,10.1098/rspb.2011.1024,Automatic imitation in a strategic context: players of rock–paper–scissors imitate opponen,llm_references,failed,extracted_sandbox.csv,1,same original,False,False,False
W2900189521,10.1016/j.jad.2018.11.034,10.1016/j.jad.2017.02.014,Determination of a clinically important difference and definition of a responder threshold,llm_references,successful,extracted.csv,1,10.1016/j.jad.2017.02.014,Determination of a clinically important difference and definition of a responder threshold,llm_references,successful,extracted_sandbox.csv,1,same original,False,False,False
W2902994787,10.3758/s13414-018-1630-8,10.1080/17470210902782200,Good vibrations: Human interval timing in the vibrotactile modality,llm_references,successful,extracted.csv,1,10.1080/17470210902782200,Good vibrations: Human interval timing in the vibrotactile modality,llm_title_search,successful,extracted_sandbox.csv,1,same original,True,True,False
W2917335949,10.3389/fpsyg.2019.00375,10.1037/a0032269,Blinded by irrelevance: Pure irrelevance induced “blindness”.,llm_references,mixed,extracted.csv,1,10.1037/a0032269,Blinded by irrelevance: Pure irrelevance induced “blindness”.,llm_references,mixed,extracted_sandbox.csv,1,same original,False,False,False
W2920563568,10.15288/jsad.2019.80.86,10.15288/jsad.2014.75.870,"Acute Effects of Moderate Alcohol on Psychomotor, Set Shifting, and Working Memory Functio",llm_references,mixed,extracted.csv,1,10.15288/jsad.2014.75.870,"Acute Effects of Moderate Alcohol on Psychomotor, Set Shifting, and Working Memory Functio",llm_references,successful,extracted_sandbox.csv,1,same original,False,False,True
W2946455910,10.1523/jneurosci.3184-18.2019,10.1016/j.cub.2014.11.034,Individual Differences in Alpha Frequency Drive Crossmodal Illusory Perception,llm_references,successful,extracted.csv,1,10.1016/j.cub.2014.11.034 | 10.26226/morressier.5b31ec522afeeb001345b12e,Individual differences in alpha frequency drive crossmodal illusory perception | Individual alpha frequency relates to the soundinduced flash illusion,llm_title_search,successful,extracted_sandbox.csv,2,overlap (added/dropped an original),True,True,False
W2962759486,10.1111/1460-6984.12493,10.1016/j.neuropsychologia.2016.01.009,The role of metrical information in apraxia of speech. Perceptual and acoustic analyses of,llm_references,successful,extracted.csv,1,10.1016/j.neuropsychologia.2016.01.009,The role of metrical information in apraxia of speech. Perceptual and acoustic analyses of,llm_references,successful,extracted_sandbox.csv,1,same original,False,False,False
W2969917585,10.1098/rsos.190327,10.1037/0033-295x.100.3.363,The role of deliberate practice in the acquisition of expert performance.,llm_references,failed,extracted.csv,1,10.1037/0033-295x.100.3.363,The role of deliberate practice in the acquisition of expert performance.,llm_references,failed,extracted_sandbox.csv,1,same original,False,False,False
W2987221369,10.1080/19439342.2019.1679860,10.1086/687578,Payment Mechanisms and Antipoverty Programs: Evidence from a Mobile Money Cash Transfer Ex,llm_references,successful,extracted.csv,1,10.1086/687578,Payment Mechanisms and Antipoverty Programs: Evidence from a Mobile Money Cash Transfer Ex,llm_references,successful,extracted_sandbox.csv,1,same original,False,False,False
W2996503271,10.1007/s10680-019-09544-x,10.1007/s10680-017-9461-1,Family Structure and Early Home Leaving: A Mediation Analysis,llm_references,successful,extracted.csv,1,10.1007/s10680-017-9461-1,Family Structure and Early Home Leaving: A Mediation Analysis,llm_references,successful,extracted_sandbox.csv,1,same original,False,False,False
W3014898655,10.1177/1948550619887702,10.1177/1745691616652873,A Multilab Preregistered Replication of the Ego-Depletion Effect,llm_references,successful,extracted.csv,1,10.1177/0146167218796473,Ego Depletion Reduces Attention Control: Evidence From Two High-Powered Preregistered Expe,llm_references,successful,extracted_sandbox.csv,1,different original,False,False,False
W3018465724,10.1523/eneuro.0332-19.2020,10.1038/nature09965,Shank3 mutant mice display autistic-like behaviours and striatal dysfunction,llm_references,successful,extracted.csv,1,10.1002/aur.1664,Novel Shank3 mutant exhibits behaviors with face validity for autism and altered striatal ,llm_title_search,mixed,extracted_sandbox.csv,1,different original,True,True,True
W3033731491,10.1002/jae.2782,10.1086/323281,How Dangerous Are Drinking Drivers?,llm_references,cannot_be_determined,extracted.csv,1,10.1086/323281,How Dangerous Are Drinking Drivers?,llm_references,cannot_be_determined,extracted_sandbox.csv,1,same original,False,False,False
W3086650132,10.3758/s13421-020-01092-8,10.1371/journal.pone.0232214,I like you better when you are coherent. Narrating autobiographical memories in a coherent,llm_references,successful,extracted.csv,1,10.1371/journal.pone.0232214,I like you better when you are coherent. Narrating autobiographical memories in a coherent,llm_references,successful,extracted_sandbox.csv,1,same original,False,False,False
W3093303837,10.1123/ijspp.2019-1032,10.1519/jsc.0000000000003259,A Genome-Wide Association Study of Sprint Performance in Elite Youth Football Players,llm_references,successful,extracted.csv,1,10.1519/jsc.0000000000003259,A Genome-Wide Association Study of Sprint Performance in Elite Youth Football Players,llm_references,successful,extracted_sandbox.csv,1,same original,False,False,False
W3110245614,10.1177/1747021820980301,10.1016/j.actpsy.2020.103211,Spontaneous strategy use during a working memory updating task,llm_references,successful,extracted.csv,1,10.1016/j.actpsy.2020.103211,Spontaneous strategy use during a working memory updating task,llm_references,successful,extracted_sandbox.csv,1,same original,False,False,False
W3112925835,10.16910/jemr.12.4.10,10.1016/j.cub.2014.01.014,Binocular Advantages in Reading,llm_references,successful,extracted.csv,1,10.1016/j.cub.2014.01.014,Binocular Advantages in Reading,llm_references,mixed,extracted_sandbox.csv,1,same original,False,False,True
W3121137863,10.1108/jed-06-2019-0002,10.1080/00220381003599436,Rural Roads and Local Market Development in Vietnam,llm_references,cannot_be_determined,extracted.csv,1,10.1080/00220381003599436,Rural Roads and Local Market Development in Vietnam,llm_references,cannot_be_determined,extracted_sandbox.csv,1,same original,False,False,False
W3132038847,10.3389/fpsyg.2021.604843,10.1126/science.aar8644,"Sensitivity to “sunk costs” in mice, rats, and humans",llm_references,successful,extracted.csv,1,10.1126/science.aar8644,"Sensitivity to ""sunk costs"" in mice, rats, and humans",llm_title_search,mixed,extracted_sandbox.csv,1,same original,True,True,True
W3135378492,10.1080/17470919.2021.1897672,10.1016/j.biopsycho.2018.10.007,Taking rejection to heart: Associations between blood pressure and sensitivity to social p,llm_references,successful,extracted.csv,1,10.1016/j.biopsycho.2018.10.007 | 10.1097/01.back.0000361442.03918.8d,Taking rejection to heart: Associations between blood pressure and sensitivity to social p | Social Pain = Physical Pain?,llm_references | llm_title_search,failed | successful,extracted_sandbox.csv | search_link_unconfirmed.csv,2,overlap (added/dropped an original),True,False,True
W3135487730,10.1016/j.biopsycho.2021.108058,10.4088/jcp.18m12661,Electroencephalogram Resting State Frequency Power Characteristics of Suicidal Behavior in,llm_references,failed,extracted.csv,1,10.4088/jcp.18m12661,Electroencephalogram Resting State Frequency Power Characteristics of Suicidal Behavior in,llm_references,failed,extracted_sandbox.csv,1,same original,False,False,False
W3135757006,10.1108/ijoa-05-2020-2189,10.1108/ijoem-12-2014-0219,Suitability of the high performance organization framework to Egyptian ICT companies,llm_references,cannot_be_determined,extracted.csv,1,10.1108/ijoem-12-2014-0219,Suitability of the high performance organization framework to Egyptian ICT companies,llm_references,cannot_be_determined,extracted_sandbox.csv,1,same original,False,False,False
W3161170459,10.1109/saner50967.2021.00076,10.1145/3383219.3383225,Automatic Identification of Decisions from the Hibernate Developer Mailing List,llm_references,descriptive only,extracted.csv,1,10.1145/3383219.3383225,Automatic Identification of Decisions from the Hibernate Developer Mailing List,llm_references,cannot_be_determined,extracted_sandbox.csv,1,same original,False,False,True
W3170874557,10.5753/sbqs.2016.15130,10.1109/sbcars.2012.25,Checklist-Based Inspection Technique for Feature Models Review,llm_references,successful,extracted.csv,1,10.1109/sbcars.2012.25,Checklist-Based Inspection Technique for Feature Models Review,llm_references,successful,extracted_sandbox.csv,1,same original,False,False,False
W3186526476,10.1002/jae.2851,10.1162/qjec.2009.124.2.531,Was Weber Wrong? A Human Capital Theory of Protestant Economic History *,llm_references,cannot_be_determined,extracted.csv,1,10.1162/qjec.2009.124.2.531,Was Weber Wrong? A Human Capital Theory of Protestant Economic History *,llm_references,cannot_be_determined,extracted_sandbox.csv,1,same original,False,False,False
W3200469149,10.1007/s11251-021-09556-3,10.1007/s42010-018-0021-0,Der Einfluss der Lernumgebung auf die (wahrgenommene) Authentizität der linguistischen Wis,llm_references,successful,extracted.csv,1,10.1007/s42010-018-0020-1,Authentisch ist nicht gleich authentisch – Wie Schülerinnen und Schüler die Authentizität ,llm_title_search,mixed,extracted_sandbox.csv,1,different original,True,True,True
W3209377451,10.1111/ejn.15512,10.1212/wnl.0000000000001128,Brain white matter volume abnormalities in Lesch-Nyhan disease and its variants,llm_references,successful,extracted.csv,1,10.1016/s1474-4422(13)70238-2 | 10.1212/wnl.0000000000001128,Regional brain volume abnormalities in Lesch-Nyhan disease and its variants: a cross-secti | Brain white matter volume abnormalities in Lesch-Nyhan disease and its variants,llm_references,successful,extracted_sandbox.csv,2,overlap (added/dropped an original),False,False,False
W4210667094,10.1371/journal.pone.0262902,10.1371/journal.pone.0006598,Worth the ‘EEfRT’? The Effort Expenditure for Rewards Task as an Objective Measure of Moti,llm_references,mixed,extracted.csv,1,10.1371/journal.pone.0006598 | 10.1371/journal.pone.0131357,Worth the 'EEfRT'? The effort expenditure for rewards task as an objective measure of moti | Trait anticipatory pleasure predicts effort expenditure for reward,llm_title_search,failed,extracted_sandbox.csv,2,overlap (added/dropped an original),True,True,True
W4212798822,10.1515/itit-2021-0059,10.1109/cyconus.2016.7836624,Extracting attack narratives from traffic datasets,llm_references,mixed,extracted.csv,1,10.1109/cyconus.2016.7836624,Extracting attack narratives from traffic datasets,llm_references,mixed,extracted_sandbox.csv,1,same original,False,False,False
W4213336622,10.3758/s13415-022-00983-4,10.1016/j.brainres.2014.02.002,EEG changes caused by spontaneous facial self-touch may represent emotion regulating proce,llm_references,successful,extracted.csv,1,10.1016/j.brainres.2014.02.002,EEG changes caused by spontaneous facial self-touch may represent emotion regulating proce,llm_references,successful,extracted_sandbox.csv,1,same original,False,False,False
W4223897951,10.1177/17470218221097047,10.1016/j.addbeh.2016.11.003 | 10.1177/0956797612451471 | 10.1371/journal.pone.0144228,"When the Economy Falters, Do People Spend or Save? Responses to Resource Scarcity Depend o | The influence of episodic foresight on delay discounting and demand for alcohol | Thinking about death reduces  delay  discounting",llm_references | llm_title_search,failed | successful,extracted.csv | search_link_unconfirmed.csv,3,10.1037/a0022403 | 10.1177/0956797612451471 | 10.1177/1747021818819777 | 10.1371/journal.pone.0144228,"The influence of mortality and socioeconomic status on risk and delayed rewards: A life hi | Thinking about death reduces  delay  discounting | When the Economy Falters, Do People Spend or Save? Responses to Resource Scarcity Depend o | Cuing both positive and negative episodic foresight reduces delay discounting but does not",llm_references | llm_title_search,failed | successful,extracted_sandbox.csv,4,overlap (added/dropped an original),False,False,False
W4223909806,10.1101/2022.04.14.488346,10.7554/elife.61983,"Defective apoptotic cell contractility provokes sterile inflammation, leading to liver dam",llm_references,failed,extracted.csv,1,10.7554/elife.61983,"Defective apoptotic cell contractility provokes sterile inflammation, leading to liver dam",llm_references,failed,extracted_sandbox.csv,1,same original,False,False,False
W4223918717,10.1101/2022.03.25.22271678,10.1016/j.ebiom.2021.103246,Shorter androgen receptor polyQ alleles protect against life-threatening COVID-19 disease ,llm_references,failed,extracted.csv,1,10.1016/j.ebiom.2021.103246,Shorter androgen receptor polyQ alleles protect against life-threatening COVID-19 disease ,llm_references,failed,extracted_sandbox.csv,1,same original,False,False,False
W4224294983,10.3390/ijerph19084912,10.1080/15374410903401179,The Cost of Materialism in a Collectivistic Culture: Predicting Risky Behavior Engagement ,llm_references,successful,extracted.csv,1,10.3390/ijerph17207662,Concurrent and Longitudinal Predictors of Adolescent Delinquency in Mainland Chinese Adole,llm_references,successful,extracted_sandbox.csv,1,different original,False,False,False
W4226030081,10.1371/journal.pone.0262718,10.1162/jocn_a_01679,No Effect of Transcranial Direct Current Stimulation over Left Dorsolateral Prefrontal Cor,llm_references,failed,extracted.csv,1,10.1162/jocn_a_01679,No Effect of Transcranial Direct Current Stimulation over Left Dorsolateral Prefrontal Cor,llm_references,failed,extracted_sandbox.csv,1,same original,False,False,False
W425089630,,10.1086/209363,Consumer Tipping: A Cross-Country Study,llm_references,descriptive only,extracted.csv,1,10.1086/209363,Consumer Tipping: A Cross-Country Study,llm_fulltext,successful,extracted_sandbox.csv,1,same original,True,True,True
W4280557407,10.1177/03010066221096987,10.1111/bjop.12103,Unfamiliar face matching: Pairs out‐perform individuals and provide a route to training,llm_references,successful,extracted.csv,1,10.1111/bjop.12103,Unfamiliar face matching: Pairs out‐perform individuals and provide a route to training,llm_references,successful,extracted_sandbox.csv,1,same original,False,False,False
W4281751031,10.3758/s13414-022-02496-1,10.3758/s13414-012-0364-2,"Pitch chroma discrimination, generalization, and transfer tests of octave equivalence in h",llm_references,successful,extracted.csv,1,10.3758/s13414-012-0364-2,"Pitch chroma discrimination, generalization, and transfer tests of octave equivalence in h",llm_references,successful,extracted_sandbox.csv,1,same original,False,False,False
W4286633240,10.3390/safety8030050,10.1016/j.aap.2009.08.019,Explaining variation in safety performance of roundabouts,llm_references,successful,extracted.csv,1,10.1016/j.aap.2009.08.019,Explaining variation in safety performance of roundabouts,llm_references,successful,extracted_sandbox.csv,1,same original,False,False,False
W4293070373,10.3102/0013189x221118054,10.3102/0013189x19863765,“Achievement Gap” Language Affects Teachers’ Issue Prioritization,llm_references,successful,extracted.csv,1,10.3102/0013189x19863765,“Achievement Gap” Language Affects Teachers’ Issue Prioritization,llm_references,successful,extracted_sandbox.csv,1,same original,False,False,False
W4310679605,10.3390/su142316169,10.1108/jarhe-12-2018-0264,Making good suggestions in analytics-based early alert systems,llm_references,cannot_be_determined,extracted.csv,1,10.1108/jarhe-12-2018-0264,Making good suggestions in analytics-based early alert systems,llm_references,cannot_be_determined,extracted_sandbox.csv,1,same original,False,False,False
W4313327776,10.3390/vision7010003,10.1016/j.visres.2021.04.010,Ensemble coding of average length and average orientation are correlated,llm_references,successful,extracted.csv,1,10.1016/j.visres.2021.04.010,Ensemble coding of average length and average orientation are correlated,llm_references,successful,extracted_sandbox.csv,1,same original,False,False,False
W4323666946,10.3389/fpsyg.2023.1130632,10.2307/1130594,Preschool Children's Food Sharing with Friends and Acquaintances,llm_references,mixed,extracted.csv,1,10.2307/1130594,Preschool Children's Food Sharing with Friends and Acquaintances,llm_references,mixed,extracted_sandbox.csv,1,same original,False,False,False
W4327544368,10.1177/00332941231164079,10.1177/1948550619856308,Foodie Calls: When Women Date Men for a Free Meal (Rather Than a Relationship),llm_references,mixed,extracted.csv,1,10.1177/1948550619856308,Foodie Calls: When Women Date Men for a Free Meal (Rather Than a Relationship),llm_references,mixed,extracted_sandbox.csv,1,same original,False,False,False
W4362637974,10.1101/2023.04.03.23288037,10.1016/j.drugalcdep.2020.108208,Imprecise action selection in substance use disorder: Evidence for active learning impairm,llm_references,mixed,extracted.csv,1,10.1016/j.drugalcdep.2020.108208,Imprecise action selection in substance use disorder: Evidence for active learning impairm,llm_references,mixed,extracted_sandbox.csv,1,same original,False,False,False
W4366412447,10.1007/s10763-023-10368-9,10.1080/02602938.2014.961124,Students’ views of oral performance assessment in mathematics: straddling the ‘assessment ,llm_references,successful,extracted.csv,1,10.1007/s10649-020-09937-4,The impact of high stakes oral performance assessment on students’ approaches to learning:,llm_title_search,successful,extracted_sandbox.csv,1,different original,True,True,False
W4378232441,10.3389/fonc.2023.1139347,10.1097/fpc.0000000000000302,Genome-wide association study of cardiotoxicity in the NCCTG N9831 (Alliance) adjuvant tra,llm_references,mixed,extracted.csv,1,10.1097/fpc.0000000000000302,Genome-wide association study of cardiotoxicity in the NCCTG N9831 (Alliance) adjuvant tra,llm_references,mixed,extracted_sandbox.csv,1,same original,False,False,False
W4378676700,10.1109/icstw58534.2023.00080,10.1145/3502718.3524776,POGIL-like Learning in Undergraduate Software Testing and DevOps - A Pilot Study,llm_references,successful,extracted.csv,1,10.1145/3502718.3524776,POGIL-like Learning in Undergraduate Software Testing and DevOps - A Pilot Study,llm_references,successful,extracted_sandbox.csv,1,same original,False,False,False
W4379985209,10.4013/sdrj.2022.152.07,10.5040/9781474294126.ch-018,Design Strategic Value Revisited: A Dynamic Theory for Design as Organizational Function,llm_references,successful,extracted.csv,1,10.1111/j.1948-7169.2006.tb00038.x,The Four Powers of Design: A Value Model in Design Management,llm_title_search,successful,extracted_sandbox.csv,1,different original,True,True,False
W4383216503,10.1371/journal.pone.0287837,10.15585/mmwr.mm6923e2,Knowledge and Practices Regarding Safe Household Cleaning and Disinfection for COVID-19 Pr,llm_references,cannot_be_determined,extracted.csv,1,10.15585/mmwr.mm6923e2,Knowledge and Practices Regarding Safe Household Cleaning and Disinfection for COVID-19 Pr,llm_references,cannot_be_determined,extracted_sandbox.csv,1,same original,False,False,False
W4385330129,10.1152/ajpheart.00330.2023,10.1152/jappl.1997.82.3.908,Cardiac output estimated noninvasively from oxygen uptake during exercise,llm_references,cannot_be_determined,extracted.csv,1,10.1152/jappl.1997.82.3.908,Cardiac output estimated noninvasively from oxygen uptake during exercise,llm_references,cannot_be_determined,extracted_sandbox.csv,1,same original,False,False,False
W4385566310,10.1016/j.drugpo.2023.104146,10.1126/science.aau1184,Changing dynamics of the drug overdose epidemic in the United States from 1979 through 201,llm_references,failed,extracted.csv,1,10.1126/science.aau1184,Changing dynamics of the drug overdose epidemic in the United States from 1979 through 201,llm_references,failed,extracted_sandbox.csv,1,same original,False,False,False
W4385969725,10.1080/20008066.2023.2238492,10.1016/j.beth.2019.02.003,Psychometric Properties of the Dissociative Subtype of PTSD Scale: Replication and Extensi,llm_references,successful,extracted.csv,1,10.1016/j.beth.2019.02.003,Psychometric properties of the dissociative subtype of PTSD scale: Replication and extensi,llm_title_search,cannot_be_determined,search_link_unconfirmed.csv,1,same original,True,True,True
W4389037127,10.1111/sltb.13024,10.1080/10640266.2018.1418243,Out of touch: Interoceptive deficits are elevated in suicide attempters with eating disord,llm_references,mixed,extracted.csv,1,10.1080/10640266.2018.1418243,Out of touch: Interoceptive deficits are elevated in suicide attempters with eating disord,llm_references,mixed,extracted_sandbox.csv,1,same original,False,False,False
W4389791525,10.1038/s41598-023-48874-z,10.1101/lm.042978.116,Reward retroactively enhances memory consolidation for related items,llm_references,failed,extracted.csv,1,10.1101/lm.042978.116,Reward retroactively enhances memory consolidation for related items,llm_references,failed,extracted_sandbox.csv,1,same original,False,False,False
W4391065910,10.1016/j.xjmad.2024.100050,10.1016/j.brat.2022.104227,No joy - why bother? Higher anhedonia relates to reduced pleasure from and motivation for ,llm_references,successful,extracted.csv,1,10.1016/j.brat.2022.104227,No joy -why bother? Higher anhedonia relates to reduced pleasure from and motivation for t,llm_title_search,successful,search_link_unconfirmed.csv,1,same original,True,True,False
W4391755671,10.1093/bjsw/bcae011,10.1007/s12144-023-04410-w,A randomised trial of Mindfulness-based Social Work and Self-Care with social workers,llm_references,successful,extracted.csv,1,10.1007/s12144-023-04410-w,A randomised trial of Mindfulness-based Social Work and Self-Care with social workers,llm_references,successful,extracted_sandbox.csv,1,same original,False,False,False
W4392096926,10.1038/s41398-024-02811-4,10.1038/s41380-022-01909-9,Focal adhesion is associated with lithium response in bipolar disorder: evidence from a ne,llm_references,mixed,extracted.csv,1,10.1038/s41380-022-01909-9,Focal adhesion is associated with lithium response in bipolar disorder: evidence from a ne,llm_references,mixed,extracted_sandbox.csv,1,same original,False,False,False
W4392504874,10.1016/j.jth.2024.101778,10.1016/j.trip.2023.100783,The utility of cognitive testing to predict real world commercial driving risk,llm_references,successful,extracted.csv,1,10.1016/j.trip.2023.100783,The utility of cognitive testing to predict real world commercial driving risk,llm_references,successful,extracted_sandbox.csv,1,same original,False,False,False
W4400983779,10.1177/00144029241259013,10.1177/07419325211054209,Using Augmented Reality and Modified Schema-Based Instruction to Teach Problem Solving to ,llm_references,cannot_be_determined,extracted.csv,1,10.1177/07419325211054209,Using Augmented Reality and Modified Schema-Based Instruction to Teach Problem Solving to ,llm_references,cannot_be_determined,extracted_sandbox.csv,1,same original,False,False,False
W4401879797,10.1109/compsac61105.2024.00022,10.1145/3478431.3499298,Early Identification of Student Struggles at the Topic Level Using Context-Agnostic Featur,llm_references,cannot_be_determined,extracted.csv,1,10.1145/3478431.3499298,Early Identification of Student Struggles at the Topic Level Using Context-Agnostic Featur,llm_references,cannot_be_determined,extracted_sandbox.csv,1,same original,False,False,False
W4402894108,10.1080/17524032.2024.2407647,10.1080/17524032.2018.1461672,The Role of Choice Clustering and Descriptive Norms in Attenuating Psychological Reactance,llm_references,cannot_be_determined,extracted.csv,1,10.1080/17524032.2018.1461672,The Role of Choice Clustering and Descriptive Norms in Attenuating Psychological Reactance,llm_references,cannot_be_determined,extracted_sandbox.csv,1,same original,False,False,False
W4405220932,10.1098/rsos.241120,10.1162/jocn.2008.20040,The Seductive Allure of Neuroscience Explanations,llm_references,mixed,extracted.csv,1,10.1162/jocn.2008.20040,The Seductive Allure of Neuroscience Explanations,llm_references,successful,extracted_sandbox.csv,1,same original,False,False,True
W4406684369,10.1017/langcog.2024.76,10.1007/bf01068252,The semantics of grammatical gender: A cross-cultural study,llm_references,failed,extracted.csv,1,10.1007/bf01068252,The semantics of grammatical gender: A cross-cultural study,llm_references,failed,extracted_sandbox.csv,1,same original,False,False,False
W4407669232,10.1177/13872877251315044,10.1002/alz.13600,A novel neuroimaging signature for ADRD risk stratification in the community,llm_references,failed,extracted.csv,1,10.1002/alz.13600,A novel neuroimaging signature for ADRD risk stratification in the community,llm_title_search,failed,extracted_sandbox.csv,1,same original,True,True,False
W4408026543,10.1002/syn.70011,10.1038/s41593-023-01390-9,Antipsychotic drug efficacy correlates with the modulation of D1 rather than D2 receptor-e,llm_references,"not checked, robustness challenges",extracted.csv,1,10.1038/s41593-023-01390-9,Antipsychotic drug efficacy correlates with the modulation of D1 rather than D2 receptor-e,llm_references,"not checked, robustness challenges",extracted_sandbox.csv,1,same original,False,False,False
W4408695994,10.1371/journal.pone.0303918,10.1371/journal.pone.0250264,Development and validation of a self-report measure of epistemic trust,llm_references,successful,extracted.csv,1,10.1371/journal.pone.0250264,Development and validation of a self-report measure of epistemic trust,llm_references,successful,extracted_sandbox.csv,1,same original,False,False,False
W4409335964,10.12688/openreseurope.17749.2,10.1016/j.cortex.2014.02.013,The neural signature of escalating frustration in humans,llm_references,mixed,extracted.csv,1,10.1016/j.cortex.2014.02.013,The neural signature of escalating frustration in humans,llm_references,successful,extracted_sandbox.csv,1,same original,False,False,True
W4411163069,10.1098/rsos.220497,10.1177/0956797615576533,The Rhythm of Perception,llm_references,successful,extracted.csv,1,10.1177/0956797615576533,The Rhythm of Perception,llm_references,successful,extracted_sandbox.csv,1,same original,False,False,False
W4411274169,10.3758/s13414-025-03095-6,10.1186/s41235-024-00543-z,Errors in visual search: Are they stochastic or deterministic?,llm_references,successful,extracted.csv,1,10.1186/s41235-024-00543-z,Errors in visual search: Are they stochastic or deterministic?,llm_title_search,mixed,search_link_unconfirmed.csv,1,same original,True,True,True
W4413754387,10.1080/02699931.2025.2549318,10.1111/j.1467-9280.2008.02112.x,Approach-Motivated Positive Affect Reduces Breadth of Attention,llm_references,failed,extracted.csv,1,10.1111/j.1467-9280.2008.02112.x,Approach-Motivated Positive Affect Reduces Breadth of Attention,llm_references,failed,extracted_sandbox.csv,1,same original,False,False,False
W4413886734,10.1109/eurospw67616.2025.00063,10.1145/3546155.3546663,Shoulder-Surfing Resistant Authentication for Augmented Reality,llm_references,mixed,extracted.csv,1,10.1145/3546155.3546663,Shoulder-Surfing Resistant Authentication for Augmented Reality,llm_references,successful,extracted_sandbox.csv,1,same original,False,False,True
W4415125743,10.1109/rew66121.2025.00014,10.1109/re51729.2021.00020,Classifying User Requirements from Online Feedback in Small Dataset Environments using Dee,llm_references,mixed,extracted.csv,1,10.1109/re51729.2021.00020,Classifying User Requirements from Online Feedback in Small Dataset Environments using Dee,llm_references,mixed,extracted_sandbox.csv,1,same original,False,False,False
W6940747618,10.1108/ajb-06-2013-0038?utm_campaign=repec&amp;wt.mc_id=repec,10.1002/job.768,Abusive supervision and work behaviors: The mediating role of LMX,llm_references,mixed,extracted.csv,1,10.1002/job.768,Abusive supervision and work behaviors: The mediating role of LMX,llm_references,mixed,extracted_sandbox.csv,1,same original,False,False,False
W7154754476,10.1007/s10803-026-07330-3,10.1542/peds.2018-3963,Accuracy of Autism Screening in a Large Pediatric Network,llm_references,successful,extracted.csv,1,10.1542/peds.2018-3963,Accuracy of Autism Screening in a Large Pediatric Network,llm_references,successful,extracted_sandbox.csv,1,same original,False,False,False
W7160216022,10.1007/s10515-026-00619-8,10.1109/icst.2014.15,A Comparison of Test Case Prioritization Criteria for Software Product Lines,llm_references,successful,extracted.csv,1,10.1109/icst.2014.15,A Comparison of Test Case Prioritization Criteria for Software Product Lines,llm_references,successful,extracted_sandbox.csv,1,same original,False,False,False
