work_id,truth_conf,truth_keys,not_a_replication,old,new,new_method,match_change,old_title,new_title
W1521097961,high,@naj2010,False,right,right,llm_references,same original,Dementia Revealed: Novel Chromosome 6 Locus for Late-Onset Alzheimer Disease Pro,Dementia Revealed: Novel Chromosome 6 Locus for Late-Onset Alzheimer Disease Pro
W176265305,medium,@prigerson1995b,False,right,right,llm_references,same original,Complicated grief and bereavement-related depression as distinct disorders: prel,Complicated grief and bereavement-related depression as distinct disorders: prel
W1771823445,medium,@grasby1993,False,right,right,llm_references,same original,Functional mapping of brain areas implicated in auditory—verbal memory function,Functional mapping of brain areas implicated in auditory—verbal memory function
W195104432,medium,not_on_list,False,right,none,target_pending,declined (no original),Distance Learning in Social Work Education,
W1964529863,medium,@walsh1971 @altman1968,False,right,right,llm_references,same original,Environmentally induced changes in the dimensions of the rat cerebrum,Environmentally induced changes in the dimensions of the rat cerebrum
W1966139138,high,@simons2011,False,right,right,llm_references,same original,What People Believe about How Memory Works: A Representative Survey of the U.S. ,What People Believe about How Memory Works: A Representative Survey of the U.S. 
W1967997943,medium,@luthar1998,False,right,right,llm_references,same original,Multiple jeopardy: Risk and protective factors among addicted mothers'offspring,Multiple jeopardy: Risk and protective factors among addicted mothers'offspring
W1969237464,high,@jiang2010,False,right,right,llm_references,same original,Genome Wide Association Studies for Milk Production Traits in Chinese Holstein P,Genome Wide Association Studies for Milk Production Traits in Chinese Holstein P
W1973118694,high,@hadjikhani2004,False,right,right,llm_references,same original,Activation of the fusiform gyrus when individuals with autism spectrum disorder ,Activation of the fusiform gyrus when individuals with autism spectrum disorder 
W1973122849,high,@berg1988,False,right,right,llm_references,same original,Mild senile dementia of the alzheimer type: 2. Longitudinal assessment,Mild senile dementia of the alzheimer type: 2. Longitudinal assessment
W1980936285,high,@martinsen1993,False,right,right,llm_references,same original,Insight problems revisited: The influence of cognitive styles and experience on ,Insight problems revisited: The influence of cognitive styles and experience on 
W1982594477,high,@taylor2012,False,right,right,llm_references,same original,Could masked conceptual primes increase recollection? The subtleties of measurin,Could masked conceptual primes increase recollection? The subtleties of measurin
W1983161251,medium,@kirk1983,False,right,right,llm_references,same original,SATISFACTION AND ROLE STRAIN AMONG MIDDLE‐AGE AND OLDER REENTRY WOMEN STUDENTS,SATISFACTION AND ROLE STRAIN AMONG MIDDLE‐AGE AND OLDER REENTRY WOMEN STUDENTS
W1984196654,high,@flavin2006,False,right,right,llm_references,same original,Stages of development and injury patterns in the early years: a population-based,Stages of development and injury patterns in the early years: a population-based
W1984604010,medium,@crow1989,False,right,right,llm_references,same original,Concordance by Sex in Sibling Pairs with Schizophrenia is Paternally Inherited,Concordance by Sex in Sibling Pairs with Schizophrenia is Paternally Inherited
W1987244237,high,@fjellstedt1973,False,right,right,llm_references,same original,REDUCING THE LATENCY OF A CHILD'S RESPONDING TO INSTRUCTIONS BY MEANS OF A TOKEN,REDUCING THE LATENCY OF A CHILD'S RESPONDING TO INSTRUCTIONS BY MEANS OF A TOKEN
W1988799899,medium,@kakiuchi2004 @chen2004,False,right,right,llm_references,same original,Association of the XBP1−116C/G polymorphism with schizophrenia in the Japanese p,Association of the XBP1−116C/G polymorphism with schizophrenia in the Japanese p
W1994533505,high,@papassotiropoulos2006,False,right,right,llm_references,same original,Common <i>Kibra</i> Alleles Are Associated with Human Memory Performance,Common <i>Kibra</i> Alleles Are Associated with Human Memory Performance
W1995762476,high,@titov2008,False,right,right,llm_references,same original,Shyness 1: Distance Treatment of Social Phobia Over the Internet,Shyness 1: Distance Treatment of Social Phobia Over the Internet
W2001858347,high,@fornage2011,False,right,right,llm_references,same original,Genome‐wide association studies of cerebral white matter lesion burden,Genome‐wide association studies of cerebral white matter lesion burden
W2003328263,medium,@yamada2007,False,right,right,llm_references,same original,Genetic analysis of the calcineurin pathway identifies members of the EGR gene f,Genetic analysis of the calcineurin pathway identifies members of the EGR gene f
W2012166465,medium,@pfeiffer1981,False,right,right,llm_references,same original,Functional Assessment of Elderly Subjects in Four Service Settings*,Functional Assessment of Elderly Subjects in Four Service Settings*
W2015123399,high,@nijenhuis1996 @nijenhuis1997,False,right,right,llm_references,same original,The Development and Psychometric Characteristics of the Somatoform Dissociation ,The Development and Psychometric Characteristics of the Somatoform Dissociation 
W2020060357,high,@rowley1977,False,right,right,llm_references,same original,Effects of chronic administration of diphenylhydantoin on learning and offspring,Effects of chronic administration of diphenylhydantoin on learning and offspring
W2024124148,high,@keltikangasjrvinen1993,False,right,right,llm_references,same original,"Dependence between apolipoprotein E phenotypes and temperament in children, adol","Dependence between apolipoprotein E phenotypes and temperament in children, adol"
W2025439004,high,@zhou2014,False,right,right,llm_references,same original,Identification of a splicing variant that regulates type 2 diabetes risk factor ,Identification of a splicing variant that regulates type 2 diabetes risk factor 
W2041962819,high,@murray1990,False,right,right,llm_references,same original,The influence of mood on categorization: A cognitive flexibility interpretation.,The influence of mood on categorization: A cognitive flexibility interpretation.
W2044943750,high,@holly2010,False,right,right,llm_references,same original,A spatio-temporal model of house prices in the USA,A spatio-temporal model of house prices in the USA
W2047469948,medium,@smyth1972,False,right,right,llm_references,same original,Effects of Group Laughter on Responses to Humorous Material,Effects of Group Laughter on Responses to Humorous Material
W2049839209,high,@lorentzen2007,False,right,right,llm_references,same original,Association of arthritis with a gene complex encoding C‐type lectin–like recepto,Association of arthritis with a gene complex encoding C‐type lectin–like recepto
W2053537456,medium,@schnake1986,False,right,right,llm_references,same original,Vicarious punishment in a work setting.,Vicarious punishment in a work setting.
W2064271395,high,@anderson1984,False,right,right,llm_references,same original,Job Satisfaction Among Practicing School Psychologists: A National Study,Job Satisfaction Among Practicing School Psychologists: A National Study
W2069359258,high,@cui2010,False,right,right,llm_references,same original,Rheumatoid arthritis risk allele PTPRC is also associated with response to anti–,Rheumatoid arthritis risk allele PTPRC is also associated with response to anti–
W2075456319,medium,@yang2003,False,right,none,target_pending,declined (no original),Buying Books Online: Follow-up,
W2077804534,high,@matzler2006,False,right,right,llm_references,same original,Dimensions of price satisfaction: a study in the retail banking industry,Dimensions of price satisfaction: a study in the retail banking industry
W2086756898,high,@newton2003,False,right,right,llm_references,same original,Socioemotional Correlates of Self-Reported Menstrual Cycle Irregularity in Preme,Socioemotional Correlates of Self-Reported Menstrual Cycle Irregularity in Preme
W2092106350,medium,@hagemann2002,False,right,right,llm_references,same original,Does resting electroencephalograph asymmetry reflect a trait? An application of ,Does resting electroencephalograph asymmetry reflect a trait? An application of 
W2093345556,medium,@blalock1968,False,right,none,target_pending,declined (no original),The American Occupational Structure.,
W2095864928,medium,@knutson2004,False,right,right,llm_references,same original,Social disadvantage and neglectful parenting as precursors to the development of,Social disadvantage and neglectful parenting as precursors to the development of
W2104755979,high,@kanemoto2000 @virta2002 @kanemoto2003 @peltola2001 @stgmann2002 @gambardella2003 @walz2003 @briellmann2000 @chou2003b @chou2003,False,partial,partial,llm_title_search,overlap (added/dropped an original),Association of an ABCB1 gene haplotype with pharmacoresistance in temporal lobe ,APOE epsilon4 genotype is associated with an earlier onset of chronic temporal l
W2116883460,high,@lowe1993,False,right,right,llm_references,same original,Maternal confidence for labor: Development of the childbirth self‐efficacy inven,Maternal confidence for labor: Development of the childbirth self‐efficacy inven
W2117844119,high,@mattay2003,False,right,right,llm_references,same original,Catechol O -methyltransferase val 158 -met genotype and individual variation in ,Catechol O -methyltransferase val 158 -met genotype and individual variation in 
W2119271910,high,@dupoux1999,False,right,right,llm_references,same original,Epenthetic vowels in Japanese: A perceptual illusion?,Epenthetic vowels in Japanese: A perceptual illusion?
W2120814713,high,@bowers2006,False,right,right,llm_references,same original,Preliminary outcomes of a trial to reduce conflict and containment on acute psyc,Preliminary outcomes of a trial to reduce conflict and containment on acute psyc
W2121346405,medium,@nalls2011,False,right,right,llm_references,same original,Imputation of sequence variants for identification of genetic risks for Parkinso,Imputation of sequence variants for identification of genetic risks for Parkinso
W2123103695,high,@mahon2001,False,right,right,llm_references,same original,Do broken relationships in childhood relate to bulimic women breaking off psycho,Do broken relationships in childhood relate to bulimic women breaking off psycho
W2123294834,high,@jacobs2002,False,right,right,llm_references,same original,Media Publicity and the Voluntary Sector: The Case of Nonprofit Organizations in,Media Publicity and the Voluntary Sector: The Case of Nonprofit Organizations in
W2124578438,high,@graen1982,False,right,none,target_pending,declined (no original),Role of leadership in the employee withdrawal process.,
W2125426425,high,@cooper1988,False,right,right,llm_references,same original,"Coping, expectancies, and alcohol abuse: A test of social learning formulations.","Coping, expectancies, and alcohol abuse: A test of social learning formulations."
W2127819969,high,@abrahams1999,False,wrong,right,llm_references,different original,The comparability of the constructs of the 16PF in the South African context,Qualitative and Statistical Impacts of Home Language on Responses to the Items o
W2128411464,high,@steiner1996,False,right,right,llm_references,same original,Fairness reactions to personnel selection techniques in France and the United St,Fairness reactions to personnel selection techniques in France and the United St
W2137148722,high,@chan2013b,False,right,right,llm_references,same original,A New Model of Trend Inflation,A New Model of Trend Inflation
W2138009685,medium,@deicken2000,False,right,right,llm_references,same original,Reduced Concentrations of Thalamic <i>N</i>-Acetylaspartate in Male Patients Wit,Reduced Concentrations of Thalamic <i>N</i>-Acetylaspartate in Male Patients Wit
W2149746305,medium,@burke1969,False,right,right,llm_references,same original,CHARACTERISTICS OF EFFECTIVE EMPLOYEE PERFORMANCE REVIEW AND DEVELOPMENT INTERVI,CHARACTERISTICS OF EFFECTIVE EMPLOYEE PERFORMANCE REVIEW AND DEVELOPMENT INTERVI
W2153862402,medium,@gilbert2003,False,right,right,llm_references,same original,Social anxiety and social comparison: differential links with restrictive and bu,Social anxiety and social comparison: differential links with restrictive and bu
W2158965732,medium,@initiative2007 @yang2009,False,right,none,target_pending,declined (no original),A common variant of HMGA2 is associated with adult and childhood height in the g,
W2160820103,high,@vanpatten1993,False,right,right,llm_references,same original,Explicit Instruction and Input Processing,Explicit Instruction and Input Processing
W2169756025,high,@byun2008,False,right,right,llm_references,same original,Genome-Wide Pharmacogenomic Analysis of the Response to Interferon Beta Therapy ,Genome-Wide Pharmacogenomic Analysis of the Response to Interferon Beta Therapy 
W2316348164,high,@verhoeven2013 @kiefer2013,False,right,right,llm_references,same original,Genome-wide meta-analyses of multiancestry cohorts identify multiple new suscept,Genome-wide meta-analyses of multiancestry cohorts identify multiple new suscept
W2323812506,high,@raleigh2008 @khoury2013,False,partial,right,llm_references,overlap (added/dropped an original),Variants within the<i>MMP3</i>gene are associated with Achilles tendinopathy: po,Variants within the<i>MMP3</i>gene are associated with Achilles tendinopathy: po
W2330980526,high,@radin1984,False,right,right,llm_references,same original,A Possible Proximity Effect on Human Grip Strength,A Possible Proximity Effect on Human Grip Strength
W2396759709,high,@gantman2011,False,wrong,wrong,llm_references,same original,A Randomized Controlled Trial to Improve Social Skills in Young Adults with Auti,A Randomized Controlled Trial to Improve Social Skills in Young Adults with Auti
W2409619434,high,@rusbult1985,False,right,right,llm_references,same original,When Bureaucrats Get the Blues: Responses to Dissatisfaction Among Federal Emplo,When Bureaucrats Get the Blues: Responses to Dissatisfaction Among Federal Emplo
W2410862503,high,@sartori2008,False,right,right,llm_references,same original,How to Accurately Detect Autobiographical Events,How to Accurately Detect Autobiographical Events
W2415466450,high,@khnen2002 @oyserman2009,False,right,right,llm_references,same original,Thinking about the self influences thinking in general: cognitive consequences o,Thinking about the self influences thinking in general: cognitive consequences o
W2509481270,medium,,True,wrong(not_a_replication),wrong(not_a_replication),keyed_link_disputed,same original,Reproducibility in Computational Science: A Case Study: Randomness of the Digits,Reproducibility in Computational Science: A Case Study: Randomness of the Digits
W2568065332,high,@hussain2012,False,right,right,llm_references,same original,Approximation of COSMIC functional size to support early effort estimation in Ag,Approximation of COSMIC functional size to support early effort estimation in Ag
W2569068099,high,not_on_list,False,wrong,none,target_pending,declined (no original),A Research Note on the Effects of Gender and Task Complexity on an Audit Judgmen,
W2607375323,high,@sun2015,False,right,right,llm_references,same original,Genome-wide association study identifies a new susceptibility locus for cleft li,Genome-wide association study identifies a new susceptibility locus for cleft li
W2611033029,medium,@giddens2007b,False,right,wrong,llm_references,different original,A Survey of Physical Assessment Techniques Performed by RNs: Lessons for Nursing,A Survey of Physical Examination Skills Taught in Undergraduate Nursing Programs
W2758684098,high,@murray2016,False,right,right,llm_references,same original,Investigating diagnostic bias in autism spectrum conditions: An item response th,Investigating diagnostic bias in autism spectrum conditions: An item response th
W2803712352,high,@baird2012,False,right,right,llm_references,same original,Effect of a cash transfer programme for schooling on prevalence of HIV and herpe,Effect of a cash transfer programme for schooling on prevalence of HIV and herpe
W2805652837,medium,@haas2016,False,right,right,llm_references,same original,A Multicenter Study of the Predictive Value of Crescents in IgA Nephropathy,A Multicenter Study of the Predictive Value of Crescents in IgA Nephropathy
W2886050787,high,@wamsley2010,False,right,right,llm_references,same original,Dreaming of a Learning Task Is Associated with Enhanced Sleep-Dependent Memory C,Dreaming of a Learning Task Is Associated with Enhanced Sleep-Dependent Memory C
W2891080196,high,@cook2011,False,right,right,llm_references,same original,Automatic imitation in a strategic context: players of rock–paper–scissors imita,Automatic imitation in a strategic context: players of rock–paper–scissors imita
W2900189521,medium,@harvey2017,False,right,right,llm_references,same original,Determination of a clinically important difference and definition of a responder,Determination of a clinically important difference and definition of a responder
W2902994787,high,@jones2009,False,right,right,llm_title_search,same original,Good vibrations: Human interval timing in the vibrotactile modality,Good vibrations: Human interval timing in the vibrotactile modality
W2917335949,high,@eitam2013,False,right,right,llm_references,same original,Blinded by irrelevance: Pure irrelevance induced “blindness”.,Blinded by irrelevance: Pure irrelevance induced “blindness”.
W2920563568,high,@boissoneault2014,False,right,right,llm_references,same original,"Acute Effects of Moderate Alcohol on Psychomotor, Set Shifting, and Working Memo","Acute Effects of Moderate Alcohol on Psychomotor, Set Shifting, and Working Memo"
W2946455910,medium,@cecere2014 @keil2017,False,right,right,llm_title_search,overlap (added/dropped an original),Individual Differences in Alpha Frequency Drive Crossmodal Illusory Perception,Individual differences in alpha frequency drive crossmodal illusory perception |
W2962759486,high,@aichert2016,False,right,right,llm_references,same original,The role of metrical information in apraxia of speech. Perceptual and acoustic a,The role of metrical information in apraxia of speech. Perceptual and acoustic a
W2969917585,high,@ericsson1993,False,right,right,llm_references,same original,The role of deliberate practice in the acquisition of expert performance.,The role of deliberate practice in the acquisition of expert performance.
W2987221369,high,@aker2016,False,right,right,llm_references,same original,Payment Mechanisms and Antipoverty Programs: Evidence from a Mobile Money Cash T,Payment Mechanisms and Antipoverty Programs: Evidence from a Mobile Money Cash T
W2996503271,high,@berg2018,False,right,right,llm_references,same original,Family Structure and Early Home Leaving: A Mediation Analysis,Family Structure and Early Home Leaving: A Mediation Analysis
W3014898655,high,@dang2017b,False,wrong,wrong,llm_references,different original,A Multilab Preregistered Replication of the Ego-Depletion Effect,Ego Depletion Reduces Attention Control: Evidence From Two High-Powered Preregis
W3018465724,medium,@jaramillo2016,False,wrong,right,llm_title_search,different original,Shank3 mutant mice display autistic-like behaviours and striatal dysfunction,Novel Shank3 mutant exhibits behaviors with face validity for autism and altered
W3033731491,high,@levitt2001,False,right,right,llm_references,same original,How Dangerous Are Drinking Drivers?,How Dangerous Are Drinking Drivers?
W3086650132,high,@vanaken2020,False,right,right,llm_references,same original,I like you better when you are coherent. Narrating autobiographical memories in ,I like you better when you are coherent. Narrating autobiographical memories in 
W3093303837,high,@pickering2019,False,right,right,llm_references,same original,A Genome-Wide Association Study of Sprint Performance in Elite Youth Football Pl,A Genome-Wide Association Study of Sprint Performance in Elite Youth Football Pl
W3110245614,high,@waris2020,False,right,right,llm_references,same original,Spontaneous strategy use during a working memory updating task,Spontaneous strategy use during a working memory updating task
W3112925835,high,@jainta2012,False,wrong,wrong,llm_references,same original,Binocular Advantages in Reading,Binocular Advantages in Reading
W3121137863,high,@mu2011,False,right,right,llm_references,same original,Rural Roads and Local Market Development in Vietnam,Rural Roads and Local Market Development in Vietnam
W3132038847,medium,@sweis2018 @abram2015,False,right,right,llm_title_search,same original,"Sensitivity to “sunk costs” in mice, rats, and humans","Sensitivity to ""sunk costs"" in mice, rats, and humans"
W3135378492,medium,@inagaki2018,False,right,partial,llm_references | llm_title_search,overlap (added/dropped an original),Taking rejection to heart: Associations between blood pressure and sensitivity t,Taking rejection to heart: Associations between blood pressure and sensitivity t
W3135487730,high,@benschop2019,False,right,right,llm_references,same original,Electroencephalogram Resting State Frequency Power Characteristics of Suicidal B,Electroencephalogram Resting State Frequency Power Characteristics of Suicidal B
W3135757006,high,@waal2016,False,right,right,llm_references,same original,Suitability of the high performance organization framework to Egyptian ICT compa,Suitability of the high performance organization framework to Egyptian ICT compa
W3161170459,high,@li2020,False,right,right,llm_references,same original,Automatic Identification of Decisions from the Hibernate Developer Mailing List,Automatic Identification of Decisions from the Hibernate Developer Mailing List
W3170874557,medium,@mello2012 not_on_list,False,right,right,llm_references,same original,Checklist-Based Inspection Technique for Feature Models Review,Checklist-Based Inspection Technique for Feature Models Review
W3186526476,high,@becker2009,False,right,right,llm_references,same original,Was Weber Wrong? A Human Capital Theory of Protestant Economic History *,Was Weber Wrong? A Human Capital Theory of Protestant Economic History *
W3200469149,high,@nachtigall2018,False,wrong,right,llm_title_search,different original,Der Einfluss der Lernumgebung auf die (wahrgenommene) Authentizität der linguist,Authentisch ist nicht gleich authentisch – Wie Schülerinnen und Schüler die Auth
W3209377451,medium,@schretlen2013 @schretlen2014,False,right,right,llm_references,overlap (added/dropped an original),Brain white matter volume abnormalities in Lesch-Nyhan disease and its variants,Regional brain volume abnormalities in Lesch-Nyhan disease and its variants: a c
W4210667094,medium,@geaney2015 @ohmann2020,False,wrong,partial,llm_title_search,overlap (added/dropped an original),Worth the ‘EEfRT’? The Effort Expenditure for Rewards Task as an Objective Measu,Worth the 'EEfRT'? The effort expenditure for rewards task as an objective measu
W4212798822,high,@mireles2016,False,right,right,llm_references,same original,Extracting attack narratives from traffic datasets,Extracting attack narratives from traffic datasets
W4213336622,high,@grunwald2014,False,right,right,llm_references,same original,EEG changes caused by spontaneous facial self-touch may represent emotion regula,EEG changes caused by spontaneous facial self-touch may represent emotion regula
W4223897951,high,@griskevicius2013 @kelley2015 @bulley2018,False,right,partial,llm_references | llm_title_search,overlap (added/dropped an original),"When the Economy Falters, Do People Spend or Save? Responses to Resource Scarcit",The influence of mortality and socioeconomic status on risk and delayed rewards:
W4223909806,high,,True,wrong(not_a_replication),wrong(not_a_replication),llm_references,same original,"Defective apoptotic cell contractility provokes sterile inflammation, leading to","Defective apoptotic cell contractility provokes sterile inflammation, leading to"
W4223918717,high,@baldassarri2021,False,right,right,llm_references,same original,Shorter androgen receptor polyQ alleles protect against life-threatening COVID-1,Shorter androgen receptor polyQ alleles protect against life-threatening COVID-1
W4224294983,high,@shek2020c,False,wrong,right,llm_references,different original,The Cost of Materialism in a Collectivistic Culture: Predicting Risky Behavior E,Concurrent and Longitudinal Predictors of Adolescent Delinquency in Mainland Chi
W4226030081,high,@london2021,False,right,right,llm_references,same original,No Effect of Transcranial Direct Current Stimulation over Left Dorsolateral Pref,No Effect of Transcranial Direct Current Stimulation over Left Dorsolateral Pref
W425089630,high,@lynn1993,False,right,right,llm_fulltext,same original,Consumer Tipping: A Cross-Country Study,Consumer Tipping: A Cross-Country Study
W4280557407,high,@dowsett2014,False,right,right,llm_references,same original,Unfamiliar face matching: Pairs out‐perform individuals and provide a route to t,Unfamiliar face matching: Pairs out‐perform individuals and provide a route to t
W4281751031,high,@hoeschele2012,False,right,right,llm_references,same original,"Pitch chroma discrimination, generalization, and transfer tests of octave equiva","Pitch chroma discrimination, generalization, and transfer tests of octave equiva"
W4286633240,high,not_on_list,False,wrong,wrong,llm_references,same original,Explaining variation in safety performance of roundabouts,Explaining variation in safety performance of roundabouts
W4293070373,high,@quinn2019,False,right,right,llm_references,same original,“Achievement Gap” Language Affects Teachers’ Issue Prioritization,“Achievement Gap” Language Affects Teachers’ Issue Prioritization
W4310679605,high,@foung2019,False,right,right,llm_references,same original,Making good suggestions in analytics-based early alert systems,Making good suggestions in analytics-based early alert systems
W4313327776,high,@kacin2021,False,right,right,llm_references,same original,Ensemble coding of average length and average orientation are correlated,Ensemble coding of average length and average orientation are correlated
W4323666946,high,@birch1986,False,right,right,llm_references,same original,Preschool Children's Food Sharing with Friends and Acquaintances,Preschool Children's Food Sharing with Friends and Acquaintances
W4327544368,high,@collisson2019,False,right,right,llm_references,same original,Foodie Calls: When Women Date Men for a Free Meal (Rather Than a Relationship),Foodie Calls: When Women Date Men for a Free Meal (Rather Than a Relationship)
W4362637974,high,@smith2020b,False,right,right,llm_references,same original,Imprecise action selection in substance use disorder: Evidence for active learni,Imprecise action selection in substance use disorder: Evidence for active learni
W4366412447,high,@iannone2020,False,wrong,right,llm_title_search,different original,Students’ views of oral performance assessment in mathematics: straddling the ‘a,The impact of high stakes oral performance assessment on students’ approaches to
W4378232441,medium,@serie2017,False,right,right,llm_references,same original,Genome-wide association study of cardiotoxicity in the NCCTG N9831 (Alliance) ad,Genome-wide association study of cardiotoxicity in the NCCTG N9831 (Alliance) ad
W4378676700,high,@gopal2022,False,right,right,llm_references,same original,POGIL-like Learning in Undergraduate Software Testing and DevOps - A Pilot Study,POGIL-like Learning in Undergraduate Software Testing and DevOps - A Pilot Study
W4379985209,high,@mozota2010,False,wrong,right,llm_title_search,different original,Design Strategic Value Revisited: A Dynamic Theory for Design as Organizational ,The Four Powers of Design: A Value Model in Design Management
W4383216503,high,@gharpure2020,False,right,right,llm_references,same original,Knowledge and Practices Regarding Safe Household Cleaning and Disinfection for C,Knowledge and Practices Regarding Safe Household Cleaning and Disinfection for C
W4385330129,high,@stringer1997,False,right,right,llm_references,same original,Cardiac output estimated noninvasively from oxygen uptake during exercise,Cardiac output estimated noninvasively from oxygen uptake during exercise
W4385566310,medium,@jalal2018,False,right,right,llm_references,same original,Changing dynamics of the drug overdose epidemic in the United States from 1979 t,Changing dynamics of the drug overdose epidemic in the United States from 1979 t
W4385969725,high,@guetta2019 @wolf2015,False,right,right,llm_title_search,same original,Psychometric Properties of the Dissociative Subtype of PTSD Scale: Replication a,Psychometric properties of the dissociative subtype of PTSD scale: Replication a
W4389037127,medium,@smith2018 @forrest2015 @rogers2018 @smith2019 @perry2020,False,right,right,llm_references,same original,Out of touch: Interoceptive deficits are elevated in suicide attempters with eat,Out of touch: Interoceptive deficits are elevated in suicide attempters with eat
W4389791525,high,@patil2016,False,right,right,llm_references,same original,Reward retroactively enhances memory consolidation for related items,Reward retroactively enhances memory consolidation for related items
W4391065910,high,@leng2022,False,right,right,llm_title_search,same original,No joy - why bother? Higher anhedonia relates to reduced pleasure from and motiv,No joy -why bother? Higher anhedonia relates to reduced pleasure from and motiva
W4391755671,high,@maddock2023,False,right,right,llm_references,same original,A randomised trial of Mindfulness-based Social Work and Self-Care with social wo,A randomised trial of Mindfulness-based Social Work and Self-Care with social wo
W4392096926,high,@niemsiri2023,False,right,right,llm_references,same original,Focal adhesion is associated with lithium response in bipolar disorder: evidence,Focal adhesion is associated with lithium response in bipolar disorder: evidence
W4392504874,high,@scott2023,False,right,right,llm_references,same original,The utility of cognitive testing to predict real world commercial driving risk,The utility of cognitive testing to predict real world commercial driving risk
W4400983779,medium,@root2021,False,right,right,llm_references,same original,Using Augmented Reality and Modified Schema-Based Instruction to Teach Problem S,Using Augmented Reality and Modified Schema-Based Instruction to Teach Problem S
W4401879797,high,@arakawa2022,False,right,right,llm_references,same original,Early Identification of Student Struggles at the Topic Level Using Context-Agnos,Early Identification of Student Struggles at the Topic Level Using Context-Agnos
W4402894108,high,@reynoldstylus2018,False,right,right,llm_references,same original,The Role of Choice Clustering and Descriptive Norms in Attenuating Psychological,The Role of Choice Clustering and Descriptive Norms in Attenuating Psychological
W4405220932,high,@weisberg2007,False,right,right,llm_references,same original,The Seductive Allure of Neuroscience Explanations,The Seductive Allure of Neuroscience Explanations
W4406684369,high,@konishi1993,False,right,right,llm_references,same original,The semantics of grammatical gender: A cross-cultural study,The semantics of grammatical gender: A cross-cultural study
W4407669232,high,@satizbal2023,False,right,right,llm_title_search,same original,A novel neuroimaging signature for ADRD risk stratification in the community,A novel neuroimaging signature for ADRD risk stratification in the community
W4408026543,high,@yun2023,False,right,right,llm_references,same original,Antipsychotic drug efficacy correlates with the modulation of D1 rather than D2 ,Antipsychotic drug efficacy correlates with the modulation of D1 rather than D2 
W4408695994,medium,@campbell2021,False,right,right,llm_references,same original,Development and validation of a self-report measure of epistemic trust,Development and validation of a self-report measure of epistemic trust
W4409335964,high,@yu2014,False,right,right,llm_references,same original,The neural signature of escalating frustration in humans,The neural signature of escalating frustration in humans
W4411163069,high,@hickok2015,False,right,right,llm_references,same original,The Rhythm of Perception,The Rhythm of Perception
W4411274169,medium,@li2024,False,right,right,llm_title_search,same original,Errors in visual search: Are they stochastic or deterministic?,Errors in visual search: Are they stochastic or deterministic?
W4413754387,high,@gable2008,False,right,right,llm_references,same original,Approach-Motivated Positive Affect Reduces Breadth of Attention,Approach-Motivated Positive Affect Reduces Breadth of Attention
W4413886734,high,@dzgn2022b,False,right,right,llm_references,same original,Shoulder-Surfing Resistant Authentication for Augmented Reality,Shoulder-Surfing Resistant Authentication for Augmented Reality
W4415125743,high,@mekala2021,False,right,right,llm_references,same original,Classifying User Requirements from Online Feedback in Small Dataset Environments,Classifying User Requirements from Online Feedback in Small Dataset Environments
W6940747618,high,@xu2011,False,right,right,llm_references,same original,Abusive supervision and work behaviors: The mediating role of LMX,Abusive supervision and work behaviors: The mediating role of LMX
W7154754476,high,@guthrie2019,False,right,right,llm_references,same original,Accuracy of Autism Screening in a Large Pediatric Network,Accuracy of Autism Screening in a Large Pediatric Network
W7160216022,high,@snchez2014,False,right,right,llm_references,same original,A Comparison of Test Case Prioritization Criteria for Software Product Lines,A Comparison of Test Case Prioritization Criteria for Software Product Lines
