sheet_row,node,url_r_before,url_r_after,alt_identifier_r
46,ke43j,https://osf.io/ke43j,https://doi.org/10.17605/OSF.IO/CEHGP,"10.17605/OSF.IO/CEHGP, 10.17605/OSF.IO/XY9MV"
47,7ux8p,https://osf.io/7ux8p,https://doi.org/10.17605/OSF.IO/DWR2M,"10.17605/OSF.IO/DWR2M, 10.17605/OSF.IO/7BNFP"
49,rzjvn,https://osf.io/rzjvn,https://doi.org/10.17605/OSF.IO/PYT4E,10.17605/OSF.IO/PYT4E
226,c5pbg,https://osf.io/c5pbg,https://doi.org/10.17605/OSF.IO/24D7B,"10.17605/OSF.IO/24D7B, 10.17605/OSF.IO/NX6DR, 10.17605/OSF.IO/49XEA"
229,8j9cg,https://osf.io/8j9cg,https://doi.org/10.17605/OSF.IO/9MKAE,"10.17605/OSF.IO/9MKAE, 10.17605/OSF.IO/7UFYV"
303,ahpik,https://osf.io/ahpik,https://doi.org/10.17605/OSF.IO/3UBV9,"10.17605/OSF.IO/3UBV9, 10.17605/OSF.IO/397FH"
304,mua6d,https://osf.io/mua6d,https://doi.org/10.17605/OSF.IO/2KJGZ,10.17605/OSF.IO/2KJGZ
311,bscfe,https://osf.io/bscfe,https://doi.org/10.17605/OSF.IO/X5B6D,10.17605/OSF.IO/X5B6D
313,2gkjt,https://osf.io/2gkjt,https://doi.org/10.17605/OSF.IO/PX56H,10.17605/OSF.IO/PX56H
317,bk53t,https://osf.io/bk53t,https://doi.org/10.17605/OSF.IO/RKQW2,10.17605/OSF.IO/RKQW2
363,sd7kg,https://osf.io/sd7kg,https://doi.org/10.17605/OSF.IO/CSM3D,10.17605/OSF.IO/CSM3D
389,tf8ky,https://osf.io/tf8ky,https://doi.org/10.17605/OSF.IO/U8G3X,"10.17605/OSF.IO/U8G3X, 10.17605/OSF.IO/FJ6E8"
393,yuybh,https://osf.io/yuybh,https://doi.org/10.17605/OSF.IO/HT9DU,10.17605/OSF.IO/HT9DU
445,bzdr2,https://osf.io/bzdr2,https://doi.org/10.17605/OSF.IO/BK79Y,10.17605/OSF.IO/BK79Y
451,38ges,https://osf.io/38ges,https://doi.org/10.17605/OSF.IO/9X765,"10.17605/OSF.IO/9X765, 10.17605/OSF.IO/3AMJ4"
456,pz0my,https://osf.io/pz0my,https://doi.org/10.17605/OSF.IO/SUYFC,10.17605/OSF.IO/SUYFC
457,sg3su,https://osf.io/sg3su,https://doi.org/10.17605/OSF.IO/6VSC4,"10.17605/OSF.IO/6VSC4, 10.17605/OSF.IO/BFZN9"
458,vy1bc,https://osf.io/vy1bc,https://doi.org/10.17605/OSF.IO/36DR5,10.17605/OSF.IO/36DR5
459,blcj6,https://osf.io/blcj6,https://doi.org/10.17605/OSF.IO/J3CFM,10.17605/OSF.IO/J3CFM
460,q7f6w,https://osf.io/q7f6w,https://doi.org/10.17605/OSF.IO/P6JXM,10.17605/OSF.IO/P6JXM
463,su6bm,https://osf.io/su6bm,https://doi.org/10.17605/OSF.IO/RQTGZ,10.17605/OSF.IO/RQTGZ
464,uhpyr,https://osf.io/uhpyr,https://doi.org/10.17605/OSF.IO/F59HN,"10.17605/OSF.IO/F59HN, 10.17605/OSF.IO/8QRTD"
465,j8bpa,https://osf.io/j8bpa,https://doi.org/10.17605/OSF.IO/E35Y2,10.17605/OSF.IO/E35Y2
479,xse7q,https://osf.io/xse7q,https://doi.org/10.17605/OSF.IO/RNE5U,"10.17605/OSF.IO/RNE5U, 10.17605/OSF.IO/3M7QW"
480,i29mh,https://osf.io/i29mh,https://doi.org/10.17605/OSF.IO/BX64Z,10.17605/OSF.IO/BX64Z
482,hp27x,https://osf.io/hp27x,https://doi.org/10.17605/OSF.IO/3FJVT,10.17605/OSF.IO/3FJVT
490,rmvk5,https://osf.io/rmvk5,https://doi.org/10.17605/OSF.IO/6XJQM,10.17605/OSF.IO/6XJQM
534,l8srm,https://osf.io/l8srm,https://doi.org/10.17605/OSF.IO/NGXYE,10.17605/OSF.IO/NGXYE
535,sqim7,https://osf.io/sqim7,https://doi.org/10.17605/OSF.IO/3VA2J,10.17605/OSF.IO/3VA2J
540,vmz2e,https://osf.io/vmz2e,https://doi.org/10.17605/OSF.IO/PXR93,"10.17605/OSF.IO/PXR93, 10.17605/OSF.IO/FSUT4"
542,wkgpq,https://osf.io/wkgpq,https://doi.org/10.17605/OSF.IO/V8W2C,"10.17605/OSF.IO/V8W2C, 10.17605/OSF.IO/DQYBC"
543,b98zw,https://osf.io/b98zw,https://doi.org/10.17605/OSF.IO/Z57UD,"10.17605/OSF.IO/Z57UD, 10.17605/OSF.IO/HB7KJ"
544,vnsqg,https://osf.io/vnsqg,https://doi.org/10.17605/OSF.IO/2FU9T,"10.17605/OSF.IO/2FU9T, 10.17605/OSF.IO/P87CN"
545,p9thw,https://osf.io/p9thw,https://doi.org/10.17605/OSF.IO/X2GMB,"10.17605/OSF.IO/X2GMB, 10.17605/OSF.IO/NRA37"
551,abxcj,https://osf.io/abxcj,https://doi.org/10.17605/OSF.IO/PKTMA,10.17605/OSF.IO/PKTMA
553,nr7d9,https://osf.io/nr7d9,https://doi.org/10.17605/OSF.IO/7CZWD,10.17605/OSF.IO/7CZWD
592,6n3bm,https://osf.io/6n3bm,https://doi.org/10.17605/OSF.IO/Q7HM4,10.17605/OSF.IO/Q7HM4
605,c5fza,https://osf.io/c5fza,https://doi.org/10.17605/OSF.IO/S2D6T,10.17605/OSF.IO/S2D6T
606,hasfu,https://osf.io/hasfu,https://doi.org/10.17605/OSF.IO/RC2KZ,10.17605/OSF.IO/RC2KZ
608,4xdkk,https://osf.io/4xdkk,https://doi.org/10.17605/OSF.IO/A9VRQ,10.17605/OSF.IO/A9VRQ
609,79dey,https://osf.io/79dey,https://doi.org/10.17605/OSF.IO/45VWM,10.17605/OSF.IO/45VWM
613,qlzap,https://osf.io/qlzap,https://doi.org/10.17605/OSF.IO/WBS96,10.17605/OSF.IO/WBS96
617,siaqe,https://osf.io/siaqe,https://doi.org/10.17605/OSF.IO/4ZUH6,"10.17605/OSF.IO/4ZUH6, 10.17605/OSF.IO/PUA6S, 10.17605/OSF.IO/QZRT2"
618,fejxb,https://osf.io/fejxb,https://doi.org/10.17605/OSF.IO/8DZPJ,10.17605/OSF.IO/8DZPJ
624,2gx4k,https://osf.io/2gx4k,https://doi.org/10.17605/OSF.IO/2KRYW,"10.17605/OSF.IO/2KRYW, 10.17605/OSF.IO/KG2X5"
627,tg2wd,https://osf.io/tg2wd,https://doi.org/10.17605/OSF.IO/76J48,10.17605/OSF.IO/76J48
632,imrx2,https://osf.io/imrx2,https://doi.org/10.17605/OSF.IO/P5EN6,"10.17605/OSF.IO/P5EN6, 10.17605/OSF.IO/NRJS5"
649,rhbqj,https://osf.io/rhbqj,https://doi.org/10.17605/OSF.IO/Y8NJT,10.17605/OSF.IO/Y8NJT
658,h84qd,https://osf.io/h84qd,https://doi.org/10.17605/OSF.IO/63AW5,"10.17605/OSF.IO/63AW5, 10.17605/OSF.IO/3RTVZ"
660,k4y9i,https://osf.io/k4y9i,https://doi.org/10.17605/OSF.IO/TR7FP,10.17605/OSF.IO/TR7FP
669,atgp5,https://osf.io/atgp5,https://doi.org/10.17605/OSF.IO/VDC5M,"10.17605/OSF.IO/VDC5M, 10.17605/OSF.IO/ZHXUY, 10.17605/OSF.IO/CBWGJ"
670,dncxa,https://osf.io/dncxa,https://doi.org/10.17605/OSF.IO/JF6CK,"10.17605/OSF.IO/JF6CK, 10.17605/OSF.IO/QMPKY"
685,0pxro,https://osf.io/0pxro,https://doi.org/10.17605/OSF.IO/BHNKQ,10.17605/OSF.IO/BHNKQ
696,nhwv5,https://osf.io/nhwv5,https://doi.org/10.17605/OSF.IO/JHN4G,10.17605/OSF.IO/JHN4G
701,gcj7x,https://osf.io/gcj7x,https://doi.org/10.17605/OSF.IO/9P2QR,10.17605/OSF.IO/9P2QR
726,swrhy,https://osf.io/swrhy,https://doi.org/10.17605/OSF.IO/BVU64,10.17605/OSF.IO/BVU64
728,3h29d,https://osf.io/3h29d,https://doi.org/10.17605/OSF.IO/RT3ZS,"10.17605/OSF.IO/RT3ZS, 10.17605/OSF.IO/8YBK5"
729,ujhlw,https://osf.io/ujhlw,https://doi.org/10.17605/OSF.IO/CHF7M,10.17605/OSF.IO/CHF7M
753,4dvzb,https://osf.io/4dvzb,https://doi.org/10.17605/OSF.IO/EP2AN,"10.17605/OSF.IO/EP2AN, 10.17605/OSF.IO/AVY86"
772,v8vft,https://osf.io/v8vft,https://doi.org/10.17605/OSF.IO/CY9V4,10.17605/OSF.IO/CY9V4
773,mxryb,https://osf.io/mxryb,https://doi.org/10.17605/OSF.IO/E4VQU,"10.17605/OSF.IO/E4VQU, 10.17605/OSF.IO/AK3RJ"
775,vwnit,https://osf.io/vwnit,https://doi.org/10.17605/OSF.IO/Z6QW2,10.17605/OSF.IO/Z6QW2
776,jhkpe,https://osf.io/jhkpe,https://doi.org/10.17605/OSF.IO/ZC468,10.17605/OSF.IO/ZC468
778,gxvd3,https://osf.io/gxvd3,https://doi.org/10.17605/OSF.IO/D2YQJ,"10.17605/OSF.IO/D2YQJ, 10.17605/OSF.IO/689XC"
779,gxvd3,https://osf.io/gxvd3,https://doi.org/10.17605/OSF.IO/D2YQJ,"10.17605/OSF.IO/D2YQJ, 10.17605/OSF.IO/689XC"
783,k9gp6,https://osf.io/k9gp6,https://doi.org/10.17605/OSF.IO/CA8T3,"10.17605/OSF.IO/CA8T3, 10.17605/OSF.IO/MGHVS"
793,d0n81,https://osf.io/d0n81,https://doi.org/10.17605/OSF.IO/WZXQ9,10.17605/OSF.IO/WZXQ9
794,0aifq,https://osf.io/0aifq,https://doi.org/10.17605/OSF.IO/GKNAU,10.17605/OSF.IO/GKNAU
797,dnaxe,https://osf.io/dnaxe,https://doi.org/10.17605/OSF.IO/FS3UT,10.17605/OSF.IO/FS3UT
806,5dx4v,https://osf.io/5dx4v,https://doi.org/10.17605/OSF.IO/K5CWT,10.17605/OSF.IO/K5CWT
807,ng6cc,https://osf.io/ng6cc,https://doi.org/10.17605/OSF.IO/ZDW87,10.17605/OSF.IO/ZDW87
838,cxmf6,https://osf.io/cxmf6,https://doi.org/10.17605/OSF.IO/T75E3,10.17605/OSF.IO/T75E3
853,ta3j8,https://osf.io/ta3j8,https://doi.org/10.17605/OSF.IO/WM2A8,10.17605/OSF.IO/WM2A8
854,kez47,https://osf.io/kez47,https://doi.org/10.17605/OSF.IO/H5BP9,"10.17605/OSF.IO/H5BP9, 10.17605/OSF.IO/U3X7S"
892,fxqsk,https://osf.io/fxqsk,https://doi.org/10.17605/OSF.IO/TPZK9,"10.17605/OSF.IO/TPZK9, 10.17605/OSF.IO/2UH78, 10.17605/OSF.IO/FYMUE"
902,qthf2,https://osf.io/qthf2,https://doi.org/10.17605/OSF.IO/6C5KP,"10.17605/OSF.IO/6C5KP, 10.17605/OSF.IO/TY9XH"
904,sq8k9,https://osf.io/sq8k9,https://doi.org/10.17605/OSF.IO/X5SZY,10.17605/OSF.IO/X5SZY
905,r5gpv,https://osf.io/r5gpv,https://doi.org/10.17605/OSF.IO/TK9PM,"10.17605/OSF.IO/TK9PM, 10.17605/OSF.IO/3UW96"
911,76qc5,https://osf.io/76qc5,https://doi.org/10.17605/OSF.IO/K82YB,10.17605/OSF.IO/K82YB
918,yaeu7,https://osf.io/yaeu7,https://doi.org/10.17605/OSF.IO/E89GH,10.17605/OSF.IO/E89GH
936,rc6mv,https://osf.io/rc6mv,https://doi.org/10.17605/OSF.IO/TYS7B,10.17605/OSF.IO/TYS7B
939,xtsq6,https://osf.io/xtsq6,https://doi.org/10.17605/OSF.IO/4HQD6,10.17605/OSF.IO/4HQD6
940,rgm6p,https://osf.io/rgm6p,https://doi.org/10.17605/OSF.IO/CTVEJ,10.17605/OSF.IO/CTVEJ
951,5tbxf,https://osf.io/5tbxf,https://doi.org/10.17605/OSF.IO/853UE,10.17605/OSF.IO/853UE
1025,ke43j,https://osf.io/ke43j,https://doi.org/10.17605/OSF.IO/CEHGP,"10.17605/OSF.IO/CEHGP, 10.17605/OSF.IO/XY9MV"
1026,7ux8p,https://osf.io/7ux8p,https://doi.org/10.17605/OSF.IO/DWR2M,"10.17605/OSF.IO/DWR2M, 10.17605/OSF.IO/7BNFP"
1028,rzjvn,https://osf.io/rzjvn,https://doi.org/10.17605/OSF.IO/PYT4E,10.17605/OSF.IO/PYT4E
1191,c5pbg,https://osf.io/c5pbg,https://doi.org/10.17605/OSF.IO/24D7B,"10.17605/OSF.IO/24D7B, 10.17605/OSF.IO/NX6DR, 10.17605/OSF.IO/49XEA"
1194,8j9cg,https://osf.io/8j9cg,https://doi.org/10.17605/OSF.IO/9MKAE,"10.17605/OSF.IO/9MKAE, 10.17605/OSF.IO/7UFYV"
1255,ahpik,https://osf.io/ahpik,https://doi.org/10.17605/OSF.IO/3UBV9,"10.17605/OSF.IO/3UBV9, 10.17605/OSF.IO/397FH"
1256,mua6d,https://osf.io/mua6d,https://doi.org/10.17605/OSF.IO/2KJGZ,10.17605/OSF.IO/2KJGZ
1261,bscfe,https://osf.io/bscfe,https://doi.org/10.17605/OSF.IO/X5B6D,10.17605/OSF.IO/X5B6D
1263,2gkjt,https://osf.io/2gkjt,https://doi.org/10.17605/OSF.IO/PX56H,10.17605/OSF.IO/PX56H
1267,bk53t,https://osf.io/bk53t,https://doi.org/10.17605/OSF.IO/RKQW2,10.17605/OSF.IO/RKQW2
1309,sd7kg,https://osf.io/sd7kg,https://doi.org/10.17605/OSF.IO/CSM3D,10.17605/OSF.IO/CSM3D
1319,tf8ky,https://osf.io/tf8ky,https://doi.org/10.17605/OSF.IO/U8G3X,"10.17605/OSF.IO/U8G3X, 10.17605/OSF.IO/FJ6E8"
1324,yuybh,https://osf.io/yuybh,https://doi.org/10.17605/OSF.IO/HT9DU,10.17605/OSF.IO/HT9DU
1376,bzdr2,https://osf.io/bzdr2,https://doi.org/10.17605/OSF.IO/BK79Y,10.17605/OSF.IO/BK79Y
1380,38ges,https://osf.io/38ges,https://doi.org/10.17605/OSF.IO/9X765,"10.17605/OSF.IO/9X765, 10.17605/OSF.IO/3AMJ4"
1384,pz0my,https://osf.io/pz0my,https://doi.org/10.17605/OSF.IO/SUYFC,10.17605/OSF.IO/SUYFC
1385,sg3su,https://osf.io/sg3su,https://doi.org/10.17605/OSF.IO/6VSC4,"10.17605/OSF.IO/6VSC4, 10.17605/OSF.IO/BFZN9"
1386,vy1bc,https://osf.io/vy1bc,https://doi.org/10.17605/OSF.IO/36DR5,10.17605/OSF.IO/36DR5
1387,blcj6,https://osf.io/blcj6,https://doi.org/10.17605/OSF.IO/J3CFM,10.17605/OSF.IO/J3CFM
1388,q7f6w,https://osf.io/q7f6w,https://doi.org/10.17605/OSF.IO/P6JXM,10.17605/OSF.IO/P6JXM
1389,su6bm,https://osf.io/su6bm,https://doi.org/10.17605/OSF.IO/RQTGZ,10.17605/OSF.IO/RQTGZ
1390,uhpyr,https://osf.io/uhpyr,https://doi.org/10.17605/OSF.IO/F59HN,"10.17605/OSF.IO/F59HN, 10.17605/OSF.IO/8QRTD"
1391,j8bpa,https://osf.io/j8bpa,https://doi.org/10.17605/OSF.IO/E35Y2,10.17605/OSF.IO/E35Y2
1405,xse7q,https://osf.io/xse7q,https://doi.org/10.17605/OSF.IO/RNE5U,"10.17605/OSF.IO/RNE5U, 10.17605/OSF.IO/3M7QW"
1406,i29mh,https://osf.io/i29mh,https://doi.org/10.17605/OSF.IO/BX64Z,10.17605/OSF.IO/BX64Z
1408,hp27x,https://osf.io/hp27x,https://doi.org/10.17605/OSF.IO/3FJVT,10.17605/OSF.IO/3FJVT
1414,rmvk5,https://osf.io/rmvk5,https://doi.org/10.17605/OSF.IO/6XJQM,10.17605/OSF.IO/6XJQM
1456,l8srm,https://osf.io/l8srm,https://doi.org/10.17605/OSF.IO/NGXYE,10.17605/OSF.IO/NGXYE
1457,sqim7,https://osf.io/sqim7,https://doi.org/10.17605/OSF.IO/3VA2J,10.17605/OSF.IO/3VA2J
1462,vmz2e,https://osf.io/vmz2e,https://doi.org/10.17605/OSF.IO/PXR93,"10.17605/OSF.IO/PXR93, 10.17605/OSF.IO/FSUT4"
1464,wkgpq,https://osf.io/wkgpq,https://doi.org/10.17605/OSF.IO/V8W2C,"10.17605/OSF.IO/V8W2C, 10.17605/OSF.IO/DQYBC"
1465,b98zw,https://osf.io/b98zw,https://doi.org/10.17605/OSF.IO/Z57UD,"10.17605/OSF.IO/Z57UD, 10.17605/OSF.IO/HB7KJ"
1466,vnsqg,https://osf.io/vnsqg,https://doi.org/10.17605/OSF.IO/2FU9T,"10.17605/OSF.IO/2FU9T, 10.17605/OSF.IO/P87CN"
1467,p9thw,https://osf.io/p9thw,https://doi.org/10.17605/OSF.IO/X2GMB,"10.17605/OSF.IO/X2GMB, 10.17605/OSF.IO/NRA37"
1473,abxcj,https://osf.io/abxcj,https://doi.org/10.17605/OSF.IO/PKTMA,10.17605/OSF.IO/PKTMA
1475,nr7d9,https://osf.io/nr7d9,https://doi.org/10.17605/OSF.IO/7CZWD,10.17605/OSF.IO/7CZWD
1507,6n3bm,https://osf.io/6n3bm,https://doi.org/10.17605/OSF.IO/Q7HM4,10.17605/OSF.IO/Q7HM4
1520,c5fza,https://osf.io/c5fza,https://doi.org/10.17605/OSF.IO/S2D6T,10.17605/OSF.IO/S2D6T
1521,hasfu,https://osf.io/hasfu,https://doi.org/10.17605/OSF.IO/RC2KZ,10.17605/OSF.IO/RC2KZ
1523,4xdkk,https://osf.io/4xdkk,https://doi.org/10.17605/OSF.IO/A9VRQ,10.17605/OSF.IO/A9VRQ
1524,79dey,https://osf.io/79dey,https://doi.org/10.17605/OSF.IO/45VWM,10.17605/OSF.IO/45VWM
1528,qlzap,https://osf.io/qlzap,https://doi.org/10.17605/OSF.IO/WBS96,10.17605/OSF.IO/WBS96
1529,siaqe,https://osf.io/siaqe,https://doi.org/10.17605/OSF.IO/4ZUH6,"10.17605/OSF.IO/4ZUH6, 10.17605/OSF.IO/PUA6S, 10.17605/OSF.IO/QZRT2"
1530,fejxb,https://osf.io/fejxb,https://doi.org/10.17605/OSF.IO/8DZPJ,10.17605/OSF.IO/8DZPJ
1536,2gx4k,https://osf.io/2gx4k,https://doi.org/10.17605/OSF.IO/2KRYW,"10.17605/OSF.IO/2KRYW, 10.17605/OSF.IO/KG2X5"
1538,tg2wd,https://osf.io/tg2wd,https://doi.org/10.17605/OSF.IO/76J48,10.17605/OSF.IO/76J48
1543,imrx2,https://osf.io/imrx2,https://doi.org/10.17605/OSF.IO/P5EN6,"10.17605/OSF.IO/P5EN6, 10.17605/OSF.IO/NRJS5"
1560,rhbqj,https://osf.io/rhbqj,https://doi.org/10.17605/OSF.IO/Y8NJT,10.17605/OSF.IO/Y8NJT
1569,h84qd,https://osf.io/h84qd,https://doi.org/10.17605/OSF.IO/63AW5,"10.17605/OSF.IO/63AW5, 10.17605/OSF.IO/3RTVZ"
1571,k4y9i,https://osf.io/k4y9i,https://doi.org/10.17605/OSF.IO/TR7FP,10.17605/OSF.IO/TR7FP
1581,atgp5,https://osf.io/atgp5,https://doi.org/10.17605/OSF.IO/VDC5M,"10.17605/OSF.IO/VDC5M, 10.17605/OSF.IO/ZHXUY, 10.17605/OSF.IO/CBWGJ"
1582,dncxa,https://osf.io/dncxa,https://doi.org/10.17605/OSF.IO/JF6CK,"10.17605/OSF.IO/JF6CK, 10.17605/OSF.IO/QMPKY"
1602,0pxro,https://osf.io/0pxro,https://doi.org/10.17605/OSF.IO/BHNKQ,10.17605/OSF.IO/BHNKQ
1613,nhwv5,https://osf.io/nhwv5,https://doi.org/10.17605/OSF.IO/JHN4G,10.17605/OSF.IO/JHN4G
1620,gcj7x,https://osf.io/gcj7x,https://doi.org/10.17605/OSF.IO/9P2QR,10.17605/OSF.IO/9P2QR
1637,swrhy,https://osf.io/swrhy,https://doi.org/10.17605/OSF.IO/BVU64,10.17605/OSF.IO/BVU64
1639,3h29d,https://osf.io/3h29d,https://doi.org/10.17605/OSF.IO/RT3ZS,"10.17605/OSF.IO/RT3ZS, 10.17605/OSF.IO/8YBK5"
1640,ujhlw,https://osf.io/ujhlw,https://doi.org/10.17605/OSF.IO/CHF7M,10.17605/OSF.IO/CHF7M
1659,4dvzb,https://osf.io/4dvzb,https://doi.org/10.17605/OSF.IO/EP2AN,"10.17605/OSF.IO/EP2AN, 10.17605/OSF.IO/AVY86"
1671,v8vft,https://osf.io/v8vft,https://doi.org/10.17605/OSF.IO/CY9V4,10.17605/OSF.IO/CY9V4
1672,mxryb,https://osf.io/mxryb,https://doi.org/10.17605/OSF.IO/E4VQU,"10.17605/OSF.IO/E4VQU, 10.17605/OSF.IO/AK3RJ"
1674,vwnit,https://osf.io/vwnit,https://doi.org/10.17605/OSF.IO/Z6QW2,10.17605/OSF.IO/Z6QW2
1675,jhkpe,https://osf.io/jhkpe,https://doi.org/10.17605/OSF.IO/ZC468,10.17605/OSF.IO/ZC468
1677,gxvd3,https://osf.io/gxvd3,https://doi.org/10.17605/OSF.IO/D2YQJ,"10.17605/OSF.IO/D2YQJ, 10.17605/OSF.IO/689XC"
1678,gxvd3,https://osf.io/gxvd3,https://doi.org/10.17605/OSF.IO/D2YQJ,"10.17605/OSF.IO/D2YQJ, 10.17605/OSF.IO/689XC"
1680,k9gp6,https://osf.io/k9gp6,https://doi.org/10.17605/OSF.IO/CA8T3,"10.17605/OSF.IO/CA8T3, 10.17605/OSF.IO/MGHVS"
1688,d0n81,https://osf.io/d0n81,https://doi.org/10.17605/OSF.IO/WZXQ9,10.17605/OSF.IO/WZXQ9
1689,0aifq,https://osf.io/0aifq,https://doi.org/10.17605/OSF.IO/GKNAU,10.17605/OSF.IO/GKNAU
1692,dnaxe,https://osf.io/dnaxe,https://doi.org/10.17605/OSF.IO/FS3UT,10.17605/OSF.IO/FS3UT
1700,5dx4v,https://osf.io/5dx4v,https://doi.org/10.17605/OSF.IO/K5CWT,10.17605/OSF.IO/K5CWT
1701,ng6cc,https://osf.io/ng6cc,https://doi.org/10.17605/OSF.IO/ZDW87,10.17605/OSF.IO/ZDW87
1734,cxmf6,https://osf.io/cxmf6,https://doi.org/10.17605/OSF.IO/T75E3,10.17605/OSF.IO/T75E3
1748,ta3j8,https://osf.io/ta3j8,https://doi.org/10.17605/OSF.IO/WM2A8,10.17605/OSF.IO/WM2A8
1749,kez47,https://osf.io/kez47,https://doi.org/10.17605/OSF.IO/H5BP9,"10.17605/OSF.IO/H5BP9, 10.17605/OSF.IO/U3X7S"
1790,fxqsk,https://osf.io/fxqsk,https://doi.org/10.17605/OSF.IO/TPZK9,"10.17605/OSF.IO/TPZK9, 10.17605/OSF.IO/2UH78, 10.17605/OSF.IO/FYMUE"
1797,qthf2,https://osf.io/qthf2,https://doi.org/10.17605/OSF.IO/6C5KP,"10.17605/OSF.IO/6C5KP, 10.17605/OSF.IO/TY9XH"
1799,sq8k9,https://osf.io/sq8k9,https://doi.org/10.17605/OSF.IO/X5SZY,10.17605/OSF.IO/X5SZY
1800,r5gpv,https://osf.io/r5gpv,https://doi.org/10.17605/OSF.IO/TK9PM,"10.17605/OSF.IO/TK9PM, 10.17605/OSF.IO/3UW96"
1806,76qc5,https://osf.io/76qc5,https://doi.org/10.17605/OSF.IO/K82YB,10.17605/OSF.IO/K82YB
1813,yaeu7,https://osf.io/yaeu7,https://doi.org/10.17605/OSF.IO/E89GH,10.17605/OSF.IO/E89GH
1831,rc6mv,https://osf.io/rc6mv,https://doi.org/10.17605/OSF.IO/TYS7B,10.17605/OSF.IO/TYS7B
1834,xtsq6,https://osf.io/xtsq6,https://doi.org/10.17605/OSF.IO/4HQD6,10.17605/OSF.IO/4HQD6
1835,rgm6p,https://osf.io/rgm6p,https://doi.org/10.17605/OSF.IO/CTVEJ,10.17605/OSF.IO/CTVEJ
1843,5tbxf,https://osf.io/5tbxf,https://doi.org/10.17605/OSF.IO/853UE,10.17605/OSF.IO/853UE
