work_id,doi,title,template,fetched,in_flora,chars,osf-registration-completed,osf-registration-protocol,verdict
6906510504,10.17605/osf.io/ruyhs,Embodied Pretend- Replication and Extension of Sutherland &amp; Friedman 2012,OSF-Standard Pre-Data Collection Registration,True,False,135,False,True,discard
2787836934,10.17605/osf.io/ubp8c,"Replication Study of ""Speeded naming or naming speed? The automatic effect of object speed on performance.""","Replication Recipe (Brandt et al., 2013): Pre-Registration",True,False,1005,False,True,discard
6887784492,10.17605/osf.io/xgwd2,Creativity and Approach / Avoidance Motor Actions - Replication of Friedman and Foster (2002),Prereg Challenge,True,False,8146,False,True,discard
6887675484,10.17605/osf.io/ezw4r,Belonging Research -- Interventions Replication (Ally Vaccine),OSF Preregistration,True,False,7254,False,True,discard
2777586654,10.17605/osf.io/6n9df,"The role of retrieval, reproduction, and restudy in word learning",Prereg Challenge,True,False,10310,False,True,discard
6887736839,10.17605/osf.io/rqw46,Self construal priming - Direct replication of Kuhnen &amp; Oyserman (2002),Preregistration Template from AsPredicted.org,True,False,3340,False,True,discard
6962425856,10.17605/osf.io/dqkus,Phonotactic markedness in speech production / Preregistered replication,OSF Preregistration,True,False,4949,False,True,discard
6925435659,10.17605/osf.io/ap6gt,Pre-Analysis Plan: The Wall and the Welfare State - How changes in trade interdependency between the U.S. and Mexico affect risk perception and individual social policy preferences,EGAP Registration,True,False,8135,False,True,discard
6906431725,10.17605/osf.io/94mt6,Questionnaire used for replication/extension of Rios (2014) Study 1,"Replication Recipe (Brandt et al., 2013): Pre-Registration",True,False,4533,False,True,discard
6906418282,10.17605/osf.io/5q8fj,Redemption and appearance: UCSB Replication,OSF-Standard Pre-Data Collection Registration,True,False,135,False,True,discard
6962554731,10.17605/osf.io/gfqvr,Pre-Analysis Plan for the Corporate PAC Experiment in the Stanford Opinion Study,EGAP Registration,True,False,808,False,True,discard
6962542056,10.17605/osf.io/b9dhy,Analysis of the Replication,OSF-Standard Pre-Data Collection Registration,True,False,226,False,True,discard
6887644987,10.17605/osf.io/8tgqk,Replication of memories of past episodes shapes current intentions and decisions,Preregistration Template from AsPredicted.org,True,False,2813,False,True,discard
6887735272,10.17605/osf.io/tj6qh,"ML5: Replication of Crosby, Monin &amp; Richardson (2008)",OSF-Standard Pre-Data Collection Registration,True,False,146,False,True,discard
6943839549,10.17605/osf.io/q43sn,US-Iran Reject Deal Replication Study,Preregistration Template from AsPredicted.org,True,False,6718,False,True,discard
6962335555,10.17605/osf.io/tqsz3,Replication_project_survey and methods,OSF-Standard Pre-Data Collection Registration,True,False,72,False,True,discard
6943985184,10.17605/osf.io/4ex89,OPP Replication (OPPR),Prereg Challenge,True,False,8619,False,True,discard
6887801429,10.17605/osf.io/weg8q,Replication Report,"Replication Recipe (Brandt et al., 2013): Pre-Registration",True,False,85,False,True,discard
6887807936,10.17605/osf.io/v3exz,Stanford replicating - UCSB Wave 3 - Method and materials,OSF-Standard Pre-Data Collection Registration,True,False,251,False,True,discard
6906497029,10.17605/osf.io/hrfg5,"Replication of Ratliff (Ranganath) &amp; Nosek, 2008, Psych Science",OSF-Standard Pre-Data Collection Registration,True,False,84,False,True,discard
6887706261,10.17605/osf.io/kuvmw,The Effects of Magnitude Range on Reproduction of Interval Timing,OSF-Standard Pre-Data Collection Registration,True,False,72,False,True,discard
6943794154,10.17605/osf.io/42tys,Impact of glass shape on drinking time: a laboratory-based replication study exploring mechanism,OSF-Standard Pre-Data Collection Registration,True,False,135,False,True,discard
6944322625,10.17605/osf.io/hxp8j,Pre-Analysis Report,OSF-Standard Pre-Data Collection Registration,True,False,135,False,True,discard
6944253174,10.17605/osf.io/uyfqw,Replication of Sznycer et al. 2017,"Replication Recipe (Brandt et al., 2013): Pre-Registration",True,False,3194,False,True,discard
6925776612,10.17605/osf.io/zrxwh,Replication 3: GSS vocab CM,OSF-Standard Pre-Data Collection Registration,True,False,135,False,True,discard
6962877538,10.17605/osf.io/kfv5d,"Replication of Calogero, 2013 (#2)","Pre-Registration in Social Psychology (van 't Veer & Giner-Sorolla, 2016): Pre-Registration",True,False,18723,False,True,discard
6962578684,10.17605/osf.io/as9mv,Do men and women activate different traits in spontaneous processing – replication and extension to other traits?,Prereg Challenge,True,False,9570,False,True,discard
6925330220,10.17605/osf.io/nse8r,Pride and Shame Track Status Changes - Replication and Extension,Prereg Challenge,True,False,7277,False,True,discard
6962993352,10.17605/osf.io/6fs72,Solitude Study (with pencil task) - replication,Prereg Challenge,True,False,15040,False,True,discard
6944185879,10.17605/osf.io/yft5x,Embodied Pretend-- Replication and Extension of Corriveau &amp; Harris (2015),"Replication Recipe (Brandt et al., 2013): Pre-Registration",True,False,5433,False,True,discard
6906361209,10.17605/osf.io/hcz7b,Replication Project Plan,OSF-Standard Pre-Data Collection Registration,True,False,212,False,True,discard
6887732354,10.17605/osf.io/epjk2,Registered replication of Stoeber (2012): Dyadic perfectionism in romantic relationships,"Pre-Registration in Social Psychology (van 't Veer & Giner-Sorolla, 2016): Pre-Registration",True,False,13028,False,True,discard
6943956684,10.17605/osf.io/anjqk,Perceptions of workplace incivility based on personality characteristics: A replication study,"Replication Recipe (Brandt et al., 2013): Pre-Registration",True,False,1659,False,True,discard
6887700379,10.17605/osf.io/bgxj5,Replicating Cognitive Gender Differences in Jealousy from an Evolutionary Psychological Perspective: Do Infidelity Types influence our Processing-Speed?,Prereg Challenge,True,False,24155,False,True,discard
6887639667,10.17605/osf.io/7d2wn,"Mouse-Tracking Replication of Dale et al. (2007), Experiment 1",Prereg Challenge,True,False,6198,False,True,discard
6887733996,10.17605/osf.io/v24a3,"Is anchor consistent knowledge subsequently more accessible, as measured by a lexical decision task? A replication.",OSF-Standard Pre-Data Collection Registration,True,False,157,False,True,discard
6943940800,10.17605/osf.io/cpyu4,Survey Replication,OSF-Standard Pre-Data Collection Registration,True,False,135,False,True,discard
2776336405,10.17605/osf.io/kdvcz,Asch (1946) Replication (Exp. VI),Prereg Challenge,True,False,5630,False,True,discard
6962548924,10.17605/osf.io/9jums,Pre-Analysis Report,OSF-Standard Pre-Data Collection Registration,True,False,135,False,True,discard
6943900215,10.17605/osf.io/7vejf,Replication of Qiu and Johns (2019),OSF Preregistration,True,False,6420,False,True,discard
2780275205,10.17605/osf.io/kxg7e,Replicable and Reproducible Workflow assignment,OSF-Standard Pre-Data Collection Registration,True,False,176,False,True,discard
6963057452,10.17605/osf.io/qkyne,"Follow-up study for replication of Mudrik &amp; Koch, 2013",OSF-Standard Pre-Data Collection Registration,True,False,135,False,True,discard
6906250862,10.17605/osf.io/a94um,Replication and Extension of Levelt and Kelter (1982),Prereg Challenge,True,False,17442,False,True,discard
6906490060,10.17605/osf.io/jgr94,Pre-analysis plan for survey experiment on voter mobilization using and positive and negative clientelist inducements,EGAP Registration,True,False,1588,False,True,discard
6906524265,10.17605/osf.io/3tpwk,Replicable and Reproducible Work Flow,Open-Ended Registration,True,False,78,False,True,discard
6962646956,10.17605/osf.io/ybtx9,Framing Disadvantage: A Replication of Powell et al. (2005),"Replication Recipe (Brandt et al., 2013): Pre-Registration",True,False,2250,False,True,discard
6943981765,10.17605/osf.io/skj68,Linguistic Mechanisms Explaining the Link Between Perceived Burdensomeness and Depression: A Replication Study,OSF Preregistration,True,False,8003,False,True,discard
6887691131,10.17605/osf.io/bmvhr,Replication of Elliot et al. (2010) at IIT,OSF-Standard Pre-Data Collection Registration,True,False,84,False,True,discard
6925461132,10.17605/osf.io/dx853,Study 3 - Field replication,OSF-Standard Pre-Data Collection Registration,True,False,266,False,True,discard
6906484370,10.17605/osf.io/gtkzx,Close replication of Schuler &amp; Wanke (2016) Study 2,Preregistration Template from AsPredicted.org,True,False,4843,False,True,discard
6887670339,10.17605/osf.io/ru9bj,Construal Level Theory &amp; Replicable Effects of Primes on Human Behavior,Prereg Challenge,True,False,5768,False,True,discard
6906427987,10.17605/osf.io/u28aj,Climate Change Policy: To the Left or to the Right? Do Voters View Carbon Taxes Differently than other Taxes? (Pre-analysis Plan),OSF Preregistration,True,False,5363,False,True,discard
6906674939,10.17605/osf.io/rdfae,Chow 2015 Esignature Replication Attempt,OSF-Standard Pre-Data Collection Registration,True,False,141,False,True,discard
6887793336,10.17605/osf.io/3xvj8,Reproducible Workflow,OSF-Standard Pre-Data Collection Registration,True,False,176,False,True,discard
6906499313,10.17605/osf.io/9qsf6,Replication of Moore &amp; Egeth (1997) and Mack &amp; Rock (1998),Registered Report Protocol Preregistration,True,False,1555,False,True,discard
6944001351,10.17605/osf.io/4a4ur,Visual Awareness Negativity - Replication,Prereg Challenge,True,False,11632,False,True,discard
6906294366,10.17605/osf.io/6wt3c,Lecture 4 - Reproducible Analyses,Open-Ended Registration,True,False,492,False,True,discard
6887656883,10.17605/osf.io/486h7,Warmth and Competence as Fundamental Dimensions of Social Perception - A Reanalysis,Preregistration Template from AsPredicted.org,True,False,6342,False,True,discard
6906565778,10.17605/osf.io/kxt7c,Study 4 - Replication confrontation goals scale in older adults,Preregistration Template from AsPredicted.org,True,False,4846,False,True,discard
6906234663,10.17605/osf.io/9vxsf,"Replication of Nichols (2004) ""After objectivity: an empirical study of moral judgment""","Replication Recipe (Brandt et al., 2013): Pre-Registration",True,False,3274,False,True,discard
2779185781,10.17605/osf.io/jwhrk,A pre-registered multi-replication examination of the independent and interdependent effects of Big Five traits in predicting physical activity via a Cybernetic framework,"Pre-Registration in Social Psychology (van 't Veer & Giner-Sorolla, 2016): Pre-Registration",True,False,16670,False,True,discard
6925432398,10.17605/osf.io/kmhrb,An Automated Replication Study: Sensitivity for biological motion in newly hatched chicks,Preregistration Template from AsPredicted.org,True,False,3089,False,True,discard
6962773620,10.17605/osf.io/49fdk,Does context moderate the spontaneous impressions drawn from male and female faces? Replication II,OSF-Standard Pre-Data Collection Registration,True,False,135,False,True,discard
6887647359,10.17605/osf.io/324mn,"Having Less, Giving More? Two Preregistered Replications of the Relationship Between Social Class and Prosocial Behavior",Registered Report Protocol Preregistration,True,False,653,False,True,discard
6906316079,10.17605/osf.io/2r4zn,Pre-Analysis Report,OSF-Standard Pre-Data Collection Registration,True,False,135,False,True,discard
6944133622,10.17605/osf.io/hv5tj,Pre-Analysis Plan,OSF-Standard Pre-Data Collection Registration,True,False,135,False,True,discard
2898090472,10.17605/osf.io/5x9vn,Replication and Extension of Validating the Coach Diagnostic Tool,Prereg Challenge,True,False,7122,False,True,discard
6943844023,10.17605/osf.io/tcbh3,Replication Project Psych 251,OSF-Standard Pre-Data Collection Registration,True,False,505,False,True,discard
6925116047,10.17605/osf.io/b9cy3,"Replication of Wolsko, Ariceaga, &amp; Seiden (2016)",Preregistration Template from AsPredicted.org,True,False,3170,False,True,discard
6962119916,10.17605/osf.io/hv6uz,Pre-analysis Plan,Open-Ended Registration,True,False,327,False,True,discard
6906562354,10.17605/osf.io/mauv9,Release From Output Interference: Replication,"Replication Recipe (Brandt et al., 2013): Pre-Registration",True,False,3159,False,True,discard
6906441708,10.17605/osf.io/adg84,SouthOst_Replication,"Replication Recipe (Brandt et al., 2013): Pre-Registration",True,False,2791,False,True,discard
6887709859,10.17605/osf.io/2kry6,"Pre-Analysis Plan for ""The Electoral Consequences of the `China Shock' in Brazil""",EGAP Registration,True,False,3226,False,True,discard
2914256772,10.17605/osf.io/jyr85,Implicit Theories of Interest Study 1 Replication Flipped,OSF-Standard Pre-Data Collection Registration,True,False,135,False,True,discard
6906339702,10.17605/osf.io/dnqe7,"Replication of ""Kominsky, J. F., Phillips, J., Gerstenberg, T., Lagnado, D., &amp; Knobe, J. (2015). Causal superseding. Cognition, 137, 196-209.""","Replication Recipe (Brandt et al., 2013): Pre-Registration",True,False,1601,False,True,discard
6962833301,10.17605/osf.io/nmguq,Analysis of the Replication,OSF-Standard Pre-Data Collection Registration,True,False,226,False,True,discard
6925508896,10.17605/osf.io/vkny5,Stahl_JournPerSocPsy_2012_gbl9 - RRTeam_unipoPsychLab - Direct Replication - 393,OSF Preregistration,True,False,26218,False,True,discard
6887769497,10.17605/osf.io/bt2rq,"Psych 251 Replication (Rogers et al., 2017)",OSF-Standard Pre-Data Collection Registration,True,False,591,False,True,discard
2776764111,10.17605/osf.io/b62sp,D98 Thesis - Trope replication and extension to ERN,Prereg Challenge,True,False,17904,False,True,discard
2788425672,10.17605/osf.io/23tfp,"Social Discounting with Hypothetical Stakes: A Direct Replication of Study 2 from Hackman, Danvers, and Hruschka (2015).",Preregistration Template from AsPredicted.org,True,False,8169,False,True,discard
6925170663,10.17605/osf.io/p4ng2,Psychology replication: Inviting Free-Riders or Appealing to Prosocial Behavior? Game-Theoretical Reflections on Communicating Herd Immunity in Vaccine Advocacy,"Replication Recipe (Brandt et al., 2013): Pre-Registration",True,False,4078,False,True,discard
6924984604,10.17605/osf.io/54rsq,"Replication of De Neys (2013) @ BYU-Idaho, Fall 2019",OSF-Standard Pre-Data Collection Registration,True,False,135,False,True,discard
6906589641,10.17605/osf.io/9dnfv,Health halo effect - Replication 3,OSF-Standard Pre-Data Collection Registration,True,False,146,False,True,discard
6906524353,10.17605/osf.io/3zc8m,Eyetracking CIT conceptual replication,"Pre-Registration in Social Psychology (van 't Veer & Giner-Sorolla, 2016): Pre-Registration",True,False,6631,False,True,discard
6906501194,10.17605/osf.io/evft8,Replication of Long &amp; Konkle 2017,OSF-Standard Pre-Data Collection Registration,True,False,517,False,True,discard
6925232850,10.17605/osf.io/ngr98,Pre-Analysis Report,OSF Preregistration,True,False,3010,False,True,discard
6944064409,10.17605/osf.io/fvna6,Re-Analysis of the Original Study,OSF-Standard Pre-Data Collection Registration,True,False,226,False,True,discard
6887859214,10.17605/osf.io/w7x4p,Resting States and Memory Consolidation: A Behavioral Replication,Prereg Challenge,True,False,17976,False,True,discard
6944135922,10.17605/osf.io/n7pzr,Reproducibility Reports,OSF-Standard Pre-Data Collection Registration,True,False,552,False,True,discard
6962388072,10.17605/osf.io/pjf3t,"Independent Replication of Pham &amp; Shackelford (PAID, 2013) and Pham, Shackelford &amp; Sela (PAID, 2013)",OSF Preregistration,True,False,44048,False,True,discard
6924838869,10.17605/osf.io/8m73q,Replication of Wilkins &amp; Kaiser Studies 1 - 3,Preregistration Template from AsPredicted.org,True,False,2467,False,True,discard
6925231623,10.17605/osf.io/3ezut,Replication Reports,OSF-Standard Pre-Data Collection Registration,True,False,467,False,True,discard
6887805580,10.17605/osf.io/h8ctr,Replication of Eskine et al. (2011) at Brunel University London,"Replication Recipe (Brandt et al., 2013): Pre-Registration",True,False,4518,False,True,discard
6906321794,10.17605/osf.io/at3jy,Replication of Ramirez and Beilock (2011),OSF-Standard Pre-Data Collection Registration,True,False,393,False,True,discard
6924962141,10.17605/osf.io/7xhzm,"The word “red” and numeric performance: A replication attempt of Lichtenfeld, Maier, Elliot, and Pekrun, 2009 (Exp. 3, JESP)",OSF-Standard Pre-Data Collection Registration,True,False,84,False,True,discard
6943860147,10.17605/osf.io/yqz8m,Manipulating spatial distance in virtual reality: Effects on a walking distance reproduction task,"Pre-Registration in Social Psychology (van 't Veer & Giner-Sorolla, 2016): Pre-Registration",True,False,14169,False,True,discard
6962717585,10.17605/osf.io/s7x86,"Replication of Chen M., Mandell, Wolf M. (2017)",OSF-Standard Pre-Data Collection Registration,True,False,135,False,True,discard
6887656695,10.17605/osf.io/5kr67,Study 4 - fall 2016 replication,Preregistration Template from AsPredicted.org,True,False,2391,False,True,discard
6924982151,10.17605/osf.io/z29bt,The influence of celebrity fat-shaming on implicit anti-fat attitudes from 2015-2018: A replication study,OSF Preregistration,True,False,10166,False,True,discard
6943976051,10.17605/osf.io/u9m72,Replication of Julia A. Minson (2011),OSF-Standard Pre-Data Collection Registration,True,False,135,False,True,discard
6944262870,10.17605/osf.io/dgewb,Attempted large-sample replication of Levy &amp; Keller (2013),OSF-Standard Pre-Data Collection Registration,True,False,146,False,True,discard
6925058638,10.17605/osf.io/dc5hp,Study 2: Replicating Nostalgia as a way to alter the search for meaning and testing the effects on belief in Free Will,OSF-Standard Pre-Data Collection Registration,True,False,135,False,True,discard
6906626763,10.17605/osf.io/327zy,Assignment 1: Replicable and Reproducible Work Flow,Preregistration Template from AsPredicted.org,True,False,788,False,True,discard
6925243980,10.17605/osf.io/s46qa,Replication Loschelder et al. (2014),OSF Preregistration,True,False,17836,False,True,discard
3093486467,10.17605/osf.io/uafyb,Replicating the association between Brightness and Positivity,Prereg Challenge,True,False,9680,False,True,discard
6887801397,10.17605/osf.io/uphgn,Pre-Analysis Plan,OSF-Standard Pre-Data Collection Registration,True,False,344,False,True,discard
6925272314,10.17605/osf.io/f7gav,The Effect of Thinking About Being Excluded by God on Well-Being: A Replication and Extension,"Replication Recipe (Brandt et al., 2013): Pre-Registration",True,False,7970,False,True,discard
6925367728,10.17605/osf.io/j7c46,Pre-Analysis Report,OSF-Standard Pre-Data Collection Registration,True,False,135,False,True,discard
6887719302,10.17605/osf.io/jv4q2,Replication_,Prereg Challenge,True,False,11443,False,True,discard
6963042019,10.17605/osf.io/sjh2v,Ashworth Team Huang Replication,"Replication Recipe (Brandt et al., 2013): Pre-Registration",True,False,3434,False,True,discard
6925234548,10.17605/osf.io/kw4sa,Socioeconomic status and Emotion Regulation - A replication study,OSF-Standard Pre-Data Collection Registration,True,False,289,False,True,discard
6944086308,10.17605/osf.io/z3ad2,A replication of the action effect on relevant vs. irrelevant trait dimensions,"Pre-Registration in Social Psychology (van 't Veer & Giner-Sorolla, 2016): Pre-Registration",True,False,6361,False,True,discard
2785917823,10.17605/osf.io/rrdmj,Replication of Janssen et al (2010),OSF-Standard Pre-Data Collection Registration,True,False,467,False,True,discard
2903594989,10.17605/osf.io/fd9pz,Porter et al. 2016 Replication,OSF-Standard Pre-Data Collection Registration,True,False,433,False,True,discard
6943618790,10.17605/osf.io/q7huk,"Replication of ""Rational snacking: Young children’s decision-making on the marshmallow task is moderated by beliefs about environmental reliability""",Prereg Challenge,True,False,5290,False,True,discard
6944059709,10.17605/osf.io/67djb,"Independent Direct Replication of Côté, Piff, &amp; Willer, 2013 Study 3","Replication Recipe (Brandt et al., 2013): Pre-Registration",True,False,2976,False,True,discard
6925259747,10.17605/osf.io/25dxa,Pilot replication: response options,OSF-Standard Pre-Data Collection Registration,True,False,210,False,True,discard
6962904881,10.17605/osf.io/thm7d,Replication of Nagel et al. (2013) Cognition,"Replication Recipe (Brandt et al., 2013): Pre-Registration",True,False,296,False,True,discard
6925261920,10.17605/osf.io/x47be,"Follow-up Materials, Sampling, and Pre-Analysis Plan",OSF-Standard Pre-Data Collection Registration,True,False,269,False,True,discard
6906486459,10.17605/osf.io/9268j,Replication of Ottati et al. (2015): An additional test of the earned dogmatism effect.,OSF-Standard Pre-Data Collection Registration,True,False,703,False,True,discard
6887641840,10.17605/osf.io/396kh,Analysis of the Replication,OSF-Standard Pre-Data Collection Registration,True,False,226,False,True,discard
6944059032,10.17605/osf.io/vcwbm,Pre-Analysis Plan,Open-Ended Registration,True,False,137,False,True,discard
6943836394,10.17605/osf.io/mgjfe,Perceptions of Scientific Replication Attempts: Experiment 1 REVISED (mTurk),Prereg Challenge,True,False,10282,False,True,discard
2904121186,10.17605/osf.io/t4xw8,Can social norms influence the eating intentions and behaviors of adolescents and young adults? Replication and extension of earlier findings.,"Pre-Registration in Social Psychology (van 't Veer & Giner-Sorolla, 2016): Pre-Registration",True,False,25769,False,True,discard
6963176982,10.17605/osf.io/j3sud,Self-replication,OSF-Standard Pre-Data Collection Registration,True,False,135,False,True,discard
6944053421,10.17605/osf.io/ru7wz,"Minority Report Preregistration for ""Incidental Attitude Formation via the Surveillance Task- A Pre-Registered Replication of Olson and Fazio (2001)""",OSF-Standard Pre-Data Collection Registration,True,False,495,False,True,discard
6925469149,10.17605/osf.io/zp85j,Procedures for replication of Schuler &amp; Wanke,"Replication Recipe (Brandt et al., 2013): Pre-Registration",True,False,4554,False,True,discard
6944127235,10.17605/osf.io/jfn8c,"Psych 251 Replication (Rogers et al., 2017)",OSF-Standard Pre-Data Collection Registration,True,False,443,False,True,discard
6962602804,10.17605/osf.io/2ezc8,"Replication of ""What have I just done? Anchoring, self-knowledge, and judgments of recent behavior"" (Cheek, Coe-Odess &amp; Schwartz, 2015, JDM, Study 2B)","Replication Recipe (Brandt et al., 2013): Pre-Registration",True,False,2847,False,True,discard
6943673854,10.17605/osf.io/x3rm5,Offloading Memory - Reliability Recall Replication,Preregistration Template from AsPredicted.org,True,False,8944,False,True,discard
3126272898,10.17605/osf.io/gdjc2,Offloading and False Memory Replication,Preregistration Template from AsPredicted.org,True,False,2775,False,True,discard
6963005732,10.17605/osf.io/tgcb9,"Replication of Gibson, Bergen, and Piantadosi (2013)",Prereg Challenge,True,False,4386,False,True,discard
6925498407,10.17605/osf.io/xnrjv,Replication of Newport and Aslin (2004) 'Learning at a distance I. Statistical learning of non-adjacent dependencies.' Experiment 2A,Prereg Challenge,True,False,2818,False,True,discard
6962485299,10.17605/osf.io/ankcq,Field Experiment on Regulatory Compliance in the Finance Industry: Research Design and Pre-Analysis Plan,EGAP Registration,True,False,2305,False,True,discard
7081651574,10.17605/osf.io/6nh3r,3.1: Computational reproducibility checks,OSF Preregistration,True,False,3044,False,True,discard
6906575699,10.17605/osf.io/qyd45,Nonverbal Prejudice Accuracy Study – Replication,Preregistration Template from AsPredicted.org,True,False,8351,False,True,discard
6944220728,10.17605/osf.io/rjc4y,Porter 2016 Study 2 Replication,OSF-Standard Pre-Data Collection Registration,True,False,444,False,True,discard
6943866348,10.17605/osf.io/tvuax,Pilot 2: Replicating Disfluency effects,OSF-Standard Pre-Data Collection Registration,True,False,185,False,True,discard
7151287712,10.17605/osf.io/z2bgj,Replication of Jakesch et. al. CHI 2019 Experiment 3,OSF-Standard Pre-Data Collection Registration,True,False,1053,False,True,discard
6906455186,10.17605/osf.io/rd6yu,Associations between willingness-to-wait and eye tracking measures: replication (WTWErep),"Replication Recipe (Brandt et al., 2013): Pre-Registration",True,False,5064,False,True,discard
6943728558,10.17605/osf.io/f6w97,"Cognitive processes during deceptive answers about attitudes revisited: A replication of Johnson, Henkell, Simon, and Zhu (2008)",Prereg Challenge,True,False,13399,False,True,discard
6887791981,10.17605/osf.io/wtqkj,Replicate the CPA study,OSF-Standard Pre-Data Collection Registration,True,False,135,False,True,discard
6906383714,10.17605/osf.io/y9uq4,Pre-registered replication of Exp 5,OSF-Standard Pre-Data Collection Registration,True,False,204,False,True,discard
2809726967,10.17605/osf.io/nh3dm,Replication of Effects of Reward and Punishment in Violent Video Games,"Replication Recipe (Brandt et al., 2013): Pre-Registration",True,False,1902,False,True,discard
6924987317,10.17605/osf.io/7wch2,replication study of the ending effect in cheating,Preregistration Template from AsPredicted.org,True,False,1404,False,True,discard
6943803922,10.17605/osf.io/47ku8,Greed and Unethical Behaviour: A Replication Study,"Replication Recipe (Brandt et al., 2013): Pre-Registration",True,False,3641,False,True,discard
6962783907,10.17605/osf.io/d45j3,Jealousy as a Function of Rival Characteristics: A Replication Study,"Replication Recipe (Brandt et al., 2013): Pre-Registration",True,False,7826,False,True,discard
6887750083,10.17605/osf.io/hrdpm,Replication of Experiment 2 in Hart et al. (2018) (Stanford PSYCH251 Fall19),OSF-Standard Pre-Data Collection Registration,True,False,453,False,True,discard
6925243411,10.17605/osf.io/2bhvn,Influence of item desirability on pairwise itemcorrelation_3rd replication,Preregistration Template from AsPredicted.org,True,False,3382,False,True,discard
6925261500,10.17605/osf.io/8muxq,Pre-Analysis Report,OSF-Standard Pre-Data Collection Registration,True,False,135,False,True,discard
6925246529,10.17605/osf.io/8t4ze,"Registered replication of Weissman et al. (2014): ""Determinants of Congruency Sequence Effects Without Learning and Memory Confounds""",Prereg Challenge,True,False,9282,False,True,discard
6906340699,10.17605/osf.io/7y9es,Self-Control and Dot Probe Replication,OSF-Standard Pre-Data Collection Registration,True,False,135,False,True,discard
6943991525,10.17605/osf.io/h92f6,Pre-Analysis Report,OSF-Standard Pre-Data Collection Registration,True,False,135,False,True,discard
6906362838,10.17605/osf.io/8bc6x,"Replication of Lu, Zhu, &amp; Chang's (2015) 3G Hypothesis","Replication Recipe (Brandt et al., 2013): Pre-Registration",True,False,4722,False,True,discard
6943986432,10.17605/osf.io/5f9eg,Replication of Ottati et al. (2015): An additional test of the earned dogmatism effect.,Prereg Challenge,True,False,19576,False,True,discard
6887719143,10.17605/osf.io/g9ezc,UCSB Replication: Stanford Ad study wave 2 Advertisement effects on the likelihood of recommending a company,OSF-Standard Pre-Data Collection Registration,True,False,135,False,True,discard
6943950992,10.17605/osf.io/8xp3h,"Replication of Beyond Purity, Giner-Sorolla &amp; Chapman (2016) at BYUI, Spring 2017",OSF-Standard Pre-Data Collection Registration,True,False,135,False,True,discard
2917085300,10.17605/osf.io/5je6g,Questionnaire used for replication/extension of Rios (2014) Study 1,OSF-Standard Pre-Data Collection Registration,True,False,173,False,True,discard
6924903543,10.17605/osf.io/597st,Replication in CriticalMix 2 group,OSF-Standard Pre-Data Collection Registration,True,False,240,False,True,discard
6962717630,10.17605/osf.io/qavyh,"Replication of Cialdini et al., 1990, Study 3","Replication Recipe (Brandt et al., 2013): Pre-Registration",True,False,8263,False,True,discard
2915899527,10.17605/osf.io/53ysw,Reanalysis of AAFV (for blog),Open-Ended Registration,True,False,169,False,True,discard
6962527281,10.17605/osf.io/2edbu,Replication of Paul &amp; Fockert (2012),OSF-Standard Pre-Data Collection Registration,True,False,146,False,True,discard
6962599445,10.17605/osf.io/6bpxy,Replication of Madan et. al 2019,OSF-Standard Pre-Data Collection Registration,True,False,421,False,True,discard
6925069539,10.17605/osf.io/atdxy,Pre-Analysis Report,OSF-Standard Pre-Data Collection Registration,True,False,147,False,True,discard
6943876714,10.17605/osf.io/pr8a4,Replication with Registration: Examining Kerner’s “What We Talk About When We Talk About FDI”,EGAP Registration,True,False,2011,False,True,discard
6925090125,10.17605/osf.io/pav52,Replication,OSF-Standard Pre-Data Collection Registration,True,False,135,False,True,discard
6887693698,10.17605/osf.io/3cq8h,Replication Reports,OSF-Standard Pre-Data Collection Registration,True,False,467,False,True,discard
6906433469,10.17605/osf.io/mj62q,"Replication of ""Going Green to be Seen"" at Universität Erfurt",OSF Preregistration,True,False,7429,False,True,discard
6906447645,10.17605/osf.io/437ub,Automatic effects of instructions and MI: partial replication study,OSF-Standard Pre-Data Collection Registration,True,False,146,False,True,discard
6943976867,10.17605/osf.io/p3qsz,How presupposition and context influence island status: Replication and extension of Ambridge and Goldberg(2008),Prereg Challenge,True,False,9176,False,True,discard
6925247215,10.17605/osf.io/deuza,Replication data,OSF Preregistration,True,False,23078,False,True,discard
6944055197,10.17605/osf.io/djwa7,Belonging Research -- Interventions Replication (Antidotes),OSF Preregistration,True,False,6395,False,True,discard
2783313110,10.17605/osf.io/usn2y,Questionnaire used for replication/extension of Rios (2014) Study 1,"Replication Recipe (Brandt et al., 2013): Pre-Registration",True,False,4817,False,True,discard
6906632708,10.17605/osf.io/gpcj9,An Automated Replication Study: Sensitivity for statistical learning in newly hatched chicks – February 2018,Preregistration Template from AsPredicted.org,True,False,2836,False,True,discard
6906478028,10.17605/osf.io/pvgjx,Self-Centrality and Meditation: Replicating Gebauer et al 2018 Study 2,Preregistration Template from AsPredicted.org,True,False,14136,False,True,discard
6906387646,10.17605/osf.io/4d8yt,Do gender stereotypes about intellectual ability emerge in our early childhood and influence us for the rest of our lives? A replication of Bian and Cimpian's study in Bulgaria.,OSF Preregistration,True,False,7937,False,True,discard
6925323175,10.17605/osf.io/ae4wx,A Bayesian Reanalysis of Manylabs-4,Open-Ended Registration,True,False,829,False,True,discard
6962721809,10.17605/osf.io/t6x2m,Pre-Analysis Report,OSF-Standard Pre-Data Collection Registration,True,False,135,False,True,discard
6925166333,10.17605/osf.io/cmxya,An Automated Replication Study: Sensitivity for statistical learning in newly hatched chicks – February 2018,Preregistration Template from AsPredicted.org,True,False,2014,False,True,discard
6906464101,10.17605/osf.io/x64b5,Close replication of Schuler &amp; Wanke (2016) Study 1,Preregistration Template from AsPredicted.org,True,False,5232,False,True,discard
6962737923,10.17605/osf.io/h769w,Analysis of the Replication,OSF-Standard Pre-Data Collection Registration,True,False,226,False,True,discard
6887668770,10.17605/osf.io/67qat,Accountability Can Transform Health (ACT) Health: A Replication and Extension of Bjorkman and Svensson (2009),EGAP Registration,True,False,2170,False,True,discard
6906434310,10.17605/osf.io/u53v2,[Student Project] Evidential Value of Psychology Before and After the Replicability Crisis - Group 4,OSF-Standard Pre-Data Collection Registration,True,False,147,False,True,discard
6962844509,10.17605/osf.io/k62ue,Qualtrics file for replication of Cheung &amp; Heine (2015) Study 3,"Replication Recipe (Brandt et al., 2013): Pre-Registration",True,False,5567,False,True,discard
2903118755,10.17605/osf.io/32zyn,Replication Project 251,OSF-Standard Pre-Data Collection Registration,True,False,468,False,True,discard
2891485554,10.17605/osf.io/2h5s7,"""Surprisingly Popular"" Predictions: Replication/Extension of Lee et al. (2018)",Preregistration Template from AsPredicted.org,True,False,4349,False,True,discard
6906421268,10.17605/osf.io/tw256,Pre-Analysis Plan: Increasing Tax Compliance in Malawian Markets,EGAP Registration,True,False,3291,False,True,discard
6887717957,10.17605/osf.io/th7bz,Replication_Semrow_et_al_2019,OSF-Standard Pre-Data Collection Registration,True,False,500,False,True,discard
6962766503,10.17605/osf.io/5tcmg,Costly Action Replication,Preregistration Template from AsPredicted.org,True,False,6298,False,True,discard
6906485789,10.17605/osf.io/w336x,Replication of Experiment 2,OSF-Standard Pre-Data Collection Registration,True,False,268,False,True,discard
6887779653,10.17605/osf.io/7vjmk,Pod Assignment 1 - Replicable and Reproducible Workflow,OSF-Standard Pre-Data Collection Registration,True,False,163,False,True,discard
6887678991,10.17605/osf.io/7f2tc,Music Attachment - Replication,"Pre-Registration in Social Psychology (van 't Veer & Giner-Sorolla, 2016): Pre-Registration",True,False,5907,False,True,discard
6887662673,10.17605/osf.io/9hx8e,Pre-Analysis Report,OSF Preregistration,True,False,1868,False,True,discard
6906257591,10.17605/osf.io/fjpmc,"Replication of Cialdini et al., 1990, Study 3","Replication Recipe (Brandt et al., 2013): Pre-Registration",True,False,8770,False,True,discard
2781385495,10.17605/osf.io/muz4e,Replication (Psych 251),OSF-Standard Pre-Data Collection Registration,True,False,553,False,True,discard
6925237747,10.17605/osf.io/894cb,Replication,Preregistration Template from AsPredicted.org,True,False,9740,False,True,discard
6887708820,10.17605/osf.io/f4rsh,"Southern Oregon University Replication Fork of Eskine, K. J., Kacinik, N. A., &amp; Prinz, J. J. (2011).",OSF-Standard Pre-Data Collection Registration,True,False,84,False,True,discard
6925157430,10.17605/osf.io/hbmye,Nelson_JournConsRes_2009_eg1q - RRTeam_unassigned - Direct Replication - 6g67,OSF Preregistration,True,False,16685,False,True,discard
6962697392,10.17605/osf.io/rbifw,Replication #1: Banerjee et al,OSF-Standard Pre-Data Collection Registration,True,False,84,False,True,discard
6887701579,10.17605/osf.io/b32ru,Pre-analysis plan for: Survey experiment on electoral support for very wealthy candidates in South Africa,EGAP Registration,True,False,1357,False,True,discard
6943916574,10.17605/osf.io/k5vz3,Replication of the Liking Gap at BYU-Idaho Winter 2019,OSF-Standard Pre-Data Collection Registration,True,False,210,False,True,discard
6906660770,10.17605/osf.io/qebau,Women's Luxury Products as Signals to Other Women: A Pre-Registered Replication and Extension,Preregistration Template from AsPredicted.org,True,False,883,False,True,discard
6887800933,10.17605/osf.io/txrfs,Pre-Analysis Report,OSF-Standard Pre-Data Collection Registration,True,False,135,False,True,discard
2900460544,10.17605/osf.io/gr8w4,Fake news acceptance replication,Prereg Challenge,True,False,9630,False,True,discard
6925191601,10.17605/osf.io/g57n2,Sex Differences in Social and Spatial Perspective Taking: A Replication and Extension of Tarampi et al. (2016),Prereg Challenge,True,False,22627,False,True,discard
2897450399,10.17605/osf.io/ksg7r,Perceptions of Public and Private Performance - A Replication Study,"Replication Recipe (Brandt et al., 2013): Pre-Registration",True,False,2171,False,True,discard
6943709253,10.17605/osf.io/4cvp5,[Student Project] Evidential Value of Psychology Before and After the Replicability Crisis - Group 9_2018,OSF-Standard Pre-Data Collection Registration,True,False,72,False,True,discard
6962884266,10.17605/osf.io/rz8gx,Reproducible Workflow,OSF-Standard Pre-Data Collection Registration,True,False,163,False,True,discard
6906286631,10.17605/osf.io/apzv9,Religion promote vs inhibit replication study,OSF-Standard Pre-Data Collection Registration,True,False,140,False,True,discard
6944392195,10.17605/osf.io/hrvze,PSYCH 254 Kron et al. (2013) Replication,OSF-Standard Pre-Data Collection Registration,True,False,482,False,True,discard
6906272802,10.17605/osf.io/pjw4r,Our Replication Methods and Materials,OSF-Standard Pre-Data Collection Registration,True,False,646,False,True,discard
6925347978,10.17605/osf.io/62jvk,"Replication of Capacity for Visual Features in Mental Rotation, Xu et al., Psych Science, 2015",OSF-Standard Pre-Data Collection Registration,True,False,570,False,True,discard
6906540082,10.17605/osf.io/6xdcz,Australian Replication,OSF-Standard Pre-Data Collection Registration,True,False,135,False,True,discard
6944048104,10.17605/osf.io/rv895,Pre-Analysis Plan,Open-Ended Registration,True,False,220,False,True,discard
6925188967,10.17605/osf.io/w2zmv,Preanalysis Plan for “Effects of Disclosure on Use of Campaign Finance Vouchers”,EGAP Registration,True,False,6414,False,True,discard
6962851504,10.17605/osf.io/fy4hz,"Replication of Fernbach, Rogers, Fox, &amp; Sloman (2013)",Preregistration Template from AsPredicted.org,True,False,6209,False,True,discard
2783063591,10.17605/osf.io/mn2zd,Experience and the reproducibility of psychological science,OSF-Standard Pre-Data Collection Registration,True,False,84,False,True,discard
6906309550,10.17605/osf.io/g24cw,Replication Bio ExPra,OSF Preregistration,True,False,6823,False,True,discard
6887754838,10.17605/osf.io/f3uxm,"Replicating Taylor et al., 2008 (Exp. 3, groups 1 and 2)","Replication Recipe (Brandt et al., 2013): Pre-Registration",True,False,4293,False,True,discard
2954884924,10.17605/osf.io/6q73v,Materials replication study,"Replication Recipe (Brandt et al., 2013): Pre-Registration",True,False,2975,False,True,discard
6925268220,10.17605/osf.io/6snyf,"Replication of Mere Exposure Effect (Zajonc, 1968) Experiment II",Prereg Challenge,True,False,3872,False,True,discard
6925191264,10.17605/osf.io/dbv2a,Tri-level Model Replication and Extension,Preregistration Template from AsPredicted.org,True,False,13145,False,True,discard
6925264481,10.17605/osf.io/k8va2,Categories and Probability (Large-Scale Study 5 Replication),OSF-Standard Pre-Data Collection Registration,True,False,84,False,True,discard
6906612246,10.17605/osf.io/fdcse,Sound Bites - Replication and Extension of Asutay &amp; Västfjäll (2017),Preregistration Template from AsPredicted.org,True,False,18725,False,True,discard
6906271241,10.17605/osf.io/9krvj,D98 Thesis - Trope replication and extension to ERN,Prereg Challenge,True,False,18558,False,True,discard
6962433839,10.17605/osf.io/4f5zp,"ML5: Replications of Payne, Burkley, &amp; Stokes (2008)",OSF-Standard Pre-Data Collection Registration,True,False,770,False,True,discard
6925103528,10.17605/osf.io/t5q2a,Pre-Analysis Report,OSF-Standard Pre-Data Collection Registration,True,False,135,False,True,discard
6925465693,10.17605/osf.io/s7nyz,Replication of Newport and Aslin (2004) 'Learning at a distance I. Statistical learning of non-adjacent dependencies.' Experiments 2,Prereg Challenge,True,False,3314,False,True,discard
6906656644,10.17605/osf.io/s2dc5,Replication of Ottati et al. (2015): An additional test of the earned dogmatism effect.,OSF-Standard Pre-Data Collection Registration,True,False,557,False,True,discard
6962533588,10.17605/osf.io/6pks8,Analysis of the Replication,OSF-Standard Pre-Data Collection Registration,True,False,667,False,True,discard
6906656925,10.17605/osf.io/vg4a2,Pre-Analysis Plan for Fall 2015 Los Angeles Abortion Stigma Experiment,EGAP Registration,True,False,2540,False,True,discard
6887657893,10.17605/osf.io/h8mxu,"Cockroaches 2.0 - a replication of Zajonc et al., 1969.",Prereg Challenge,True,False,5210,False,True,discard
6962200166,10.17605/osf.io/6s4bh,"Replication of Justin Kruger, Derrick Wirtz, Leaf Van Boven, T.William Altermatt (2004)",OSF-Standard Pre-Data Collection Registration,True,False,135,False,True,discard
6906549004,10.17605/osf.io/bst2m,Replication study 1,"Pre-Registration in Social Psychology (van 't Veer & Giner-Sorolla, 2016): Pre-Registration",True,False,8049,False,True,discard
6943835509,10.17605/osf.io/54sx3,Cognitive control engagement during language processing: replication of Hsu and Novick (2016).,"Replication Recipe (Brandt et al., 2013): Pre-Registration",True,False,3638,False,True,discard
6925063722,10.17605/osf.io/ktc2e,Pre-registration - replication study,OSF-Standard Pre-Data Collection Registration,True,False,182,False,True,discard
6944035130,10.17605/osf.io/nb2m7,Replication HotWarm,Preregistration Template from AsPredicted.org,True,False,873,False,True,discard
6943963503,10.17605/osf.io/athgm,"Independent Partial Replication and Expansion of Roy, Weibust &amp; Miller (2007)",OSF Preregistration,True,False,17432,False,True,discard
6944201267,10.17605/osf.io/z9kuz,Stanford Replicating - UCSB Wave 1 - Method and Materials,OSF-Standard Pre-Data Collection Registration,True,False,222,False,True,discard
6906490692,10.17605/osf.io/2gw6f,Category and Probability - Study 2 Replication,OSF-Standard Pre-Data Collection Registration,True,False,135,False,True,discard
6943810670,10.17605/osf.io/mvjqc,Questionnaire used for replication/extension of Rios (2014) Study 2,"Replication Recipe (Brandt et al., 2013): Pre-Registration",True,False,4817,False,True,discard
6906567228,10.17605/osf.io/ux42g,Visual Cues and Food Intake: A Preregistered Replication,"Replication Recipe (Brandt et al., 2013): Pre-Registration",True,False,5455,False,True,discard
6944051663,10.17605/osf.io/txeae,ML5: Replications of Risen &amp; Gilovich (2008),OSF-Standard Pre-Data Collection Registration,True,False,580,False,True,discard
6887811568,10.17605/osf.io/pztcv,Does size of wine glasses impact on wine sales? A replication study in bars serving 250ml portions,Prereg Challenge,True,False,5219,False,True,discard
6925739300,10.17605/osf.io/n6vzg,"Replication Enos (2014, PNAS)",OSF-Standard Pre-Data Collection Registration,True,False,169,False,True,discard
6962815137,10.17605/osf.io/zge8q,Replication of Uzma Khan and Ravi Dhar (2006),OSF-Standard Pre-Data Collection Registration,True,False,135,False,True,discard
6925197773,10.17605/osf.io/qau5g,"Scalability of the ToM scale in a Norwegian sample: A replication attempt of Sundqvist, Holmer, Koch, &amp; Heimann (2018)",Preregistration Template from AsPredicted.org,True,False,8649,False,True,discard
6925102018,10.17605/osf.io/sz65y,Threat &amp; cleansing: Replication,"Pre-Registration in Social Psychology (van 't Veer & Giner-Sorolla, 2016): Pre-Registration",True,False,15530,False,True,discard
6925324909,10.17605/osf.io/29jfb,Replication of Survey Experiment about a Self-serving Bias in Political Attribution,OSF Preregistration,True,False,4441,False,True,discard
6906250078,10.17605/osf.io/63h9d,Pilot Madeup replications CriticalMix,OSF-Standard Pre-Data Collection Registration,True,False,201,False,True,discard
6963239143,10.17605/osf.io/6me7j,The reproductive strategies of Allium wallichii Kunth in alpine areas with small-scale altitudinal variation,OSF Preregistration,True,False,3802,False,True,discard
6963479024,10.17605/osf.io/2y3hc,Replication - The Waiting Study: Mobile phone use and social interactions while waiting,OSF-Standard Pre-Data Collection Registration,True,False,135,False,True,discard
6963248390,10.17605/osf.io/6ev9q,Investigating Bull Fertility on Reproductive Success of Dairy Cows,OSF Preregistration,True,False,6666,False,True,discard
6887712111,10.17605/osf.io/d4k2b,Social Feedback and mood - Extension and Replication,"Replication Recipe (Brandt et al., 2013): Pre-Registration",True,False,2815,False,True,discard
6906432580,10.17605/osf.io/q8a9r,Pod 5 Assignment 1: Replicable &amp; Reproducible Work Flow,Open-Ended Registration,True,False,78,False,True,discard
6925278918,10.17605/osf.io/y4p3j,Yagci_JournBusRes_2009_x2XO - Boller - Direct Replication - 1y22,OSF Preregistration,True,False,55783,False,True,discard
6887728458,10.17605/osf.io/zh4vx,Better or Worse UCSB replication,OSF-Standard Pre-Data Collection Registration,True,False,135,False,True,discard
6887762836,10.17605/osf.io/ypcm3,Spring 2019 Pleasant Platypi Huang Student Replication,"Pre-Registration in Social Psychology (van 't Veer & Giner-Sorolla, 2016): Pre-Registration",True,False,5289,False,True,discard
6887766210,10.17605/osf.io/umjyd,Replication Reports,OSF-Standard Pre-Data Collection Registration,True,False,135,False,True,discard
6943752173,10.17605/osf.io/ucbtp,Does Honesty Require Time? A preregistered replication of SEB2012 Exp1,OSF Preregistration,True,False,6575,False,True,discard
6963096003,10.17605/osf.io/frwtb,"National GDP, Science Interest, and Science Achievement: A direct replication and extension of Tucker-Drob, Cheung, and Briley (2015)","Pre-Registration in Social Psychology (van 't Veer & Giner-Sorolla, 2016): Pre-Registration",True,False,13603,False,True,discard
2888291585,10.17605/osf.io/z8h9g,Replication of Greenaway et al. (2015),Preregistration Template from AsPredicted.org,True,False,5624,False,True,discard
6944106538,10.17605/osf.io/jmnsg,Pre-Analysis Plan,OSF Preregistration,True,False,5438,False,True,discard
6925128784,10.17605/osf.io/kw64v,Huang student replication: Stressors spring 2019,"Pre-Registration in Social Psychology (van 't Veer & Giner-Sorolla, 2016): Pre-Registration",True,False,7188,False,True,discard
6887596764,10.17605/osf.io/a4yhb,Adult Replication,Preregistration Template from AsPredicted.org,True,False,2698,False,True,discard
2785217564,10.17605/osf.io/arx3n,"Replication Recipe, Rios 2014, Study 1",OSF-Standard Pre-Data Collection Registration,True,False,173,False,True,discard
6887802404,10.17605/osf.io/qye3h,UCSB Replication: Referrals,OSF-Standard Pre-Data Collection Registration,True,False,135,False,True,discard
6943849295,10.17605/osf.io/u74ep,Team THIS - Replicable and Reproducible Work Flow,OSF-Standard Pre-Data Collection Registration,True,False,175,False,True,discard
6962715774,10.17605/osf.io/sd7ya,Heart Strings &amp; Purse Strings- A Replication &amp; Extension,Preregistration Template from AsPredicted.org,True,False,2306,False,True,discard
7105695234,10.17605/osf.io/uyrnm,Replication in a general population sample,Preregistration Template from AsPredicted.org,True,False,3425,False,True,discard
6944205099,10.17605/osf.io/pu6wm,Pre-Analysis Plan,OSF-Standard Pre-Data Collection Registration,True,False,135,False,True,discard
6887751601,10.17605/osf.io/7bdav,Pre-Analysis Plan,OSF Preregistration,True,False,9892,False,True,discard
6925225183,10.17605/osf.io/e2nmk,Reflection and Reasoning in Moral Judgment Replication,OSF-Standard Pre-Data Collection Registration,True,False,507,False,True,discard
6906514744,10.17605/osf.io/9wv5m,"Bargh, J. A., &amp; Shalev, I. (2011) replication",OSF-Standard Pre-Data Collection Registration,True,False,84,False,True,discard
6925117327,10.17605/osf.io/yujzt,Replication of Topolinski et al 2014,"Replication Recipe (Brandt et al., 2013): Pre-Registration",True,False,1092,False,True,discard
2794285170,10.17605/osf.io/vks6a,Replication and Extension of: Stiller et al.,Prereg Challenge,True,False,19216,False,True,discard
6943916714,10.17605/osf.io/sdw83,Pre-Analysis Report (Interruptions in WM-processes),OSF-Standard Pre-Data Collection Registration,True,False,72,False,True,discard
6906510797,10.17605/osf.io/v6m2k,Replication Reports,OSF-Standard Pre-Data Collection Registration,True,False,135,False,True,discard
6887864846,10.17605/osf.io/y5s7v,Pre-Analysis Report,OSF-Standard Pre-Data Collection Registration,True,False,135,False,True,discard
6962673750,10.17605/osf.io/ph6tm,Pre-Analysis Report,OSF-Standard Pre-Data Collection Registration,True,False,135,False,True,discard
6887687581,10.17605/osf.io/rv98d,Exploring the Non-Replicability of the Ego Depletion Effect,"Pre-Registration in Social Psychology (van 't Veer & Giner-Sorolla, 2016): Pre-Registration",True,False,8329,False,True,discard
6962620958,10.17605/osf.io/k9jd6,"Replication of Foster &amp; Diab, Study 2 (2017, Journal or Applied Social Psychology)","Replication Recipe (Brandt et al., 2013): Pre-Registration",True,False,10348,False,True,discard
6962868211,10.17605/osf.io/pu25h,Offloading Memory Replication,Preregistration Template from AsPredicted.org,True,False,7264,False,True,discard
6944150543,10.17605/osf.io/94s7z,Jealousy as a Function of Rival Characteristics: A Replication Study - (Prolific),"Replication Recipe (Brandt et al., 2013): Pre-Registration",True,False,7770,False,True,discard
6944118923,10.17605/osf.io/w9fgb,Naturalistic Language Intervention - Elementary Replication,Preregistration Template from AsPredicted.org,True,False,5619,False,True,discard
6887753316,10.17605/osf.io/vfa4q,Mental Rotation Replication,Prereg Challenge,True,False,6103,False,True,discard
6887654988,10.17605/osf.io/gvmun,Replication of Sznycer et al 2016,"Replication Recipe (Brandt et al., 2013): Pre-Registration",True,False,3042,False,True,discard
6944020384,10.17605/osf.io/gz3sq,Replication of Karpicke and Blunt (2011),OSF-Standard Pre-Data Collection Registration,True,False,135,False,True,discard
6944199858,10.17605/osf.io/ms64g,Using Repetitive Flexion Movements to Stimulate the Approach System: A Direct and Conceptual Replication,Preregistration Template from AsPredicted.org,True,False,22397,False,True,discard
6963173925,10.17605/osf.io/r8wu7,"1.1. Is racial group membership associated to gaze-mediated orienting of visual attention? A replication of Pavan et al., 2011 with German participants.",Prereg Challenge,True,False,7339,False,True,discard
6887766451,10.17605/osf.io/uwtsj,Pre-Analysis Plan,Open-Ended Registration,True,False,749,False,True,discard
6906568448,10.17605/osf.io/g49af,VG TF Reanalysis,Open-Ended Registration,True,False,1168,False,True,discard
6906356685,10.17605/osf.io/aedp5,Leibowitz 251 Replication,OSF-Standard Pre-Data Collection Registration,True,False,462,False,True,discard
2900443611,10.17605/osf.io/crnsh,AQ Connectives Null Replication,Preregistration Template from AsPredicted.org,True,False,1367,False,True,discard
6944069753,10.17605/osf.io/zr8hk,"Replication of Topolinski, Linder &amp; Freudenberg (2014)","Replication Recipe (Brandt et al., 2013): Pre-Registration",True,False,2056,False,True,discard
6943813821,10.17605/osf.io/pz2xr,Replication of pre-registered study,OSF-Standard Pre-Data Collection Registration,True,False,135,False,True,discard
6943970510,10.17605/osf.io/uvke6,Pre-analysis plan for: List experiment on vote buying and request-fulfilling in South Africa,EGAP Registration,True,False,1601,False,True,discard
6887750208,10.17605/osf.io/8yfjb,Schnall and Johnson Student Replication (2018),"Replication Recipe (Brandt et al., 2013): Pre-Registration",True,False,2889,False,True,discard
6887842044,10.17605/osf.io/h2d9m,Lewis and Lovatt replication and add on,Prereg Challenge,True,False,2483,False,True,discard
6887696972,10.17605/osf.io/69dn5,Replication with income,OSF-Standard Pre-Data Collection Registration,True,False,135,False,True,discard
