flora_doi_o,flora_url_r,node,n_registrations,registration_dois,registration_dates,any_withdrawn
10.1037/0022-3514.94.1.1,https://osf.io/su6bm,su6bm,1,10.17605/OSF.IO/RQTGZ,2015-07-13,False
10.1037/0022-3514.94.1.116,https://osf.io/xse7q,xse7q,2,"10.17605/OSF.IO/RNE5U, 10.17605/OSF.IO/3M7QW","2015-07-13, 2015-07-24",False
10.1037/0022-3514.94.1.158,https://osf.io/sq8k9,sq8k9,1,10.17605/OSF.IO/X5SZY,2015-07-13,False
10.1037/0022-3514.94.1.16,https://osf.io/rc6mv,rc6mv,1,10.17605/OSF.IO/TYS7B,2015-07-13,False
10.1037/0022-3514.94.1.48,https://osf.io/fejxb,fejxb,2,"10.17605/OSF.IO/V3HFB, 10.17605/OSF.IO/8DZPJ","2012-09-19, 2015-07-13",False
10.1037/0022-3514.94.1.91,https://osf.io/abxcj,abxcj,1,10.17605/OSF.IO/PKTMA,2015-07-13,False
10.1037/0022-3514.94.2.183,https://osf.io/nr7d9,nr7d9,1,10.17605/OSF.IO/7CZWD,2015-07-13,False
10.1037/0022-3514.94.2.245,https://osf.io/ng6cc,ng6cc,1,10.17605/OSF.IO/ZDW87,2015-07-13,False
10.1037/0022-3514.94.2.94.2.196,https://osf.io/2gx4k,2gx4k,2,"10.17605/OSF.IO/2KRYW, 10.17605/OSF.IO/KG2X5","2015-07-13, 2015-07-23",False
10.1037/0022-3514.94.2.94.2.231,https://osf.io/v8vft,v8vft,1,10.17605/OSF.IO/CY9V4,2015-07-13,False
10.1037/0022-3514.94.3.382,https://osf.io/j8bpa,j8bpa,1,10.17605/OSF.IO/E35Y2,2015-07-13,False
10.1037/0022-3514.94.3.396,https://osf.io/79dey,79dey,1,10.17605/OSF.IO/45VWM,2015-07-13,False
10.1037/0022-3514.94.3.429,https://osf.io/cxmf6,cxmf6,2,"10.17605/OSF.IO/T75E3, 10.17605/OSF.IO/WYS6D","2015-07-13, 2015-07-13",True
10.1037/0022-3514.94.3.495,https://osf.io/imrx2,imrx2,2,"10.17605/OSF.IO/P5EN6, 10.17605/OSF.IO/NRJS5","2015-07-13, 2015-07-24",False
10.1037/0022-3514.94.3.516,https://osf.io/qthf2,qthf2,3,"10.17605/OSF.IO/F2GRU, 10.17605/OSF.IO/6C5KP, 10.17605/OSF.IO/TY9XH","2014-06-03, 2015-07-13, 2015-07-23",False
10.1037/0022-3514.94.3.545,https://osf.io/wkgpq,wkgpq,2,"10.17605/OSF.IO/V8W2C, 10.17605/OSF.IO/DQYBC","2015-07-13, 2015-07-24",False
10.1037/0022-3514.94.4.560,https://osf.io/l8srm,l8srm,1,10.17605/OSF.IO/NGXYE,2015-07-13,False
10.1037/0022-3514.94.4.579,https://osf.io/mxryb,mxryb,2,"10.17605/OSF.IO/E4VQU, 10.17605/OSF.IO/AK3RJ","2015-07-13, 2015-07-23",False
10.1037/0022-3514.94.4.600,https://osf.io/xtsq6,xtsq6,1,10.17605/OSF.IO/4HQD6,2015-07-14,False
10.1037/0022-3514.94.4.647,https://osf.io/h84qd,h84qd,3,"10.17605/OSF.IO/BWH7U, 10.17605/OSF.IO/63AW5, 10.17605/OSF.IO/3RTVZ","2014-06-20, 2015-07-13, 2015-07-23",False
10.1037/0022-3514.94.4.672,https://osf.io/7ux8p,7ux8p,2,"10.17605/OSF.IO/DWR2M, 10.17605/OSF.IO/7BNFP","2015-07-13, 2015-07-23",False
10.1037/0022-3514.94.4.696,https://osf.io/5tbxf,5tbxf,1,10.17605/OSF.IO/853UE,2015-07-13,False
10.1037/0022-3514.94.4.718,https://osf.io/kez47,kez47,2,"10.17605/OSF.IO/H5BP9, 10.17605/OSF.IO/U3X7S","2015-07-13, 2015-07-23",False
10.1037/0022-3514.94.5.871,https://osf.io/nhwv5,nhwv5,2,"10.17605/OSF.IO/HCTZ9, 10.17605/OSF.IO/JHN4G","2013-05-12, 2015-07-13",False
10.1037/0022-3514.95.1.76,https://osf.io/pz0my,pz0my,1,10.17605/OSF.IO/SUYFC,2015-07-13,False
10.1037/0022-3514.95.2.274,https://osf.io/mua6d,mua6d,1,10.17605/OSF.IO/2KJGZ,2015-07-13,False
10.1037/0022-3514.95.2.293,https://osf.io/sg3su,sg3su,2,"10.17605/OSF.IO/6VSC4, 10.17605/OSF.IO/BFZN9","2015-07-13, 2015-07-24",False
10.1037/0022-3514.95.2.420,https://osf.io/ke43j,ke43j,2,"10.17605/OSF.IO/CEHGP, 10.17605/OSF.IO/XY9MV","2015-07-13, 2015-07-23",False
10.1037/0278-7393.34.1.128,https://osf.io/swrhy,swrhy,1,10.17605/OSF.IO/BVU64,2015-07-13,False
10.1037/0278-7393.34.1.146,https://osf.io/rmvk5,rmvk5,1,10.17605/OSF.IO/6XJQM,2015-07-13,False
10.1037/0278-7393.34.1.167,https://osf.io/38ges,38ges,2,"10.17605/OSF.IO/9X765, 10.17605/OSF.IO/3AMJ4","2015-07-13, 2015-07-23",False
10.1037/0278-7393.34.1.186,https://osf.io/hp27x,hp27x,1,10.17605/OSF.IO/3FJVT,2015-07-13,False
10.1037/0278-7393.34.1.204,https://osf.io/rhbqj,rhbqj,1,10.17605/OSF.IO/Y8NJT,2015-07-13,False
10.1037/0278-7393.34.1.219,https://osf.io/6n3bm,6n3bm,1,10.17605/OSF.IO/Q7HM4,2015-07-13,False
10.1037/0278-7393.34.1.230,https://osf.io/8j9cg,8j9cg,2,"10.17605/OSF.IO/9MKAE, 10.17605/OSF.IO/7UFYV","2015-07-14, 2015-07-23",False
10.1037/0278-7393.34.1.237,https://osf.io/4xdkk,4xdkk,2,"10.17605/OSF.IO/C8QHV, 10.17605/OSF.IO/A9VRQ","2014-12-15, 2015-07-13",False
10.1037/0278-7393.34.1.243,https://osf.io/gxvd3,gxvd3,2,"10.17605/OSF.IO/D2YQJ, 10.17605/OSF.IO/689XC","2015-07-13, 2015-07-23",False
10.1037/0278-7393.34.1.249,https://osf.io/uhpyr,uhpyr,2,"10.17605/OSF.IO/F59HN, 10.17605/OSF.IO/8QRTD","2015-07-13, 2015-07-24",False
10.1037/0278-7393.34.1.50,https://osf.io/hasfu,hasfu,1,10.17605/OSF.IO/RC2KZ,2015-07-13,False
10.1037/0278-7393.34.1.65,https://osf.io/r57hu,r57hu,0,,,False
10.1037/0278-7393.34.1.80,https://osf.io/vmz2e,vmz2e,2,"10.17605/OSF.IO/PXR93, 10.17605/OSF.IO/FSUT4","2015-07-13, 2015-07-24",False
10.1037/0278-7393.34.1.97,https://osf.io/atgp5,atgp5,3,"10.17605/OSF.IO/VDC5M, 10.17605/OSF.IO/ZHXUY, 10.17605/OSF.IO/CBWGJ","2015-07-13, 2015-07-17, 2015-07-23",False
10.1037/0278-7393.34.2.302,https://osf.io/p9thw,p9thw,2,"10.17605/OSF.IO/X2GMB, 10.17605/OSF.IO/NRA37","2015-07-13, 2015-07-23",False
10.1037/0278-7393.34.2.343,https://osf.io/sqim7,sqim7,1,10.17605/OSF.IO/3VA2J,2015-07-13,False
10.1037/0278-7393.34.2.353,https://osf.io/janu3,janu3,0,,,False
10.1037/0278-7393.34.2.369,https://osf.io/0pxro,0pxro,1,10.17605/OSF.IO/BHNKQ,2015-07-13,False
10.1037/0278-7393.34.2.399,https://osf.io/ujhlw,ujhlw,1,10.17605/OSF.IO/CHF7M,2015-07-13,False
10.1037/0278-7393.34.2.408,https://osf.io/bzdr2,bzdr2,1,10.17605/OSF.IO/BK79Y,2015-07-13,False
10.1037/0278-7393.34.2.430,https://osf.io/7mgwh,7mgwh,0,,,False
10.1037/0278-7393.34.3.439,https://osf.io/gcj7x,gcj7x,1,10.17605/OSF.IO/9P2QR,2015-07-13,False
10.1037/0278-7393.34.3.460,https://osf.io/c5pbg,c5pbg,3,"10.17605/OSF.IO/24D7B, 10.17605/OSF.IO/NX6DR, 10.17605/OSF.IO/49XEA","2015-07-15, 2015-07-16, 2015-07-23",False
10.1037/0278-7393.34.3.478,https://osf.io/4dvzb,4dvzb,2,"10.17605/OSF.IO/EP2AN, 10.17605/OSF.IO/AVY86","2015-07-13, 2015-07-23",False
10.1037/0278-7393.34.3.495,https://osf.io/ahpik,ahpik,2,"10.17605/OSF.IO/3UBV9, 10.17605/OSF.IO/397FH","2015-07-14, 2015-07-23",False
10.1037/0278-7393.34.3.514,https://osf.io/bscfe,bscfe,1,10.17605/OSF.IO/X5B6D,2015-07-17,False
10.1037/0278-7393.34.3.524,https://osf.io/k9gp6,k9gp6,2,"10.17605/OSF.IO/CA8T3, 10.17605/OSF.IO/MGHVS","2015-07-15, 2015-07-23",False
10.1037/0278-7393.34.3.546,https://osf.io/gxvd3,gxvd3,2,"10.17605/OSF.IO/D2YQJ, 10.17605/OSF.IO/689XC","2015-07-13, 2015-07-23",False
10.1037/a0012833,https://osf.io/rgm6p,rgm6p,1,10.17605/OSF.IO/CTVEJ,2015-07-13,False
10.1037/a0012833,https://osf.io/vy1bc,vy1bc,1,10.17605/OSF.IO/36DR5,2015-07-13,False
10.1111/j.1467-9280.2008.02039.x,https://osf.io/q7f6w,q7f6w,1,10.17605/OSF.IO/P6JXM,2015-07-13,False
10.1111/j.1467-9280.2008.02040.x,https://osf.io/fxqsk,fxqsk,3,"10.17605/OSF.IO/TPZK9, 10.17605/OSF.IO/2UH78, 10.17605/OSF.IO/FYMUE","2015-07-13, 2015-07-23, 2015-07-24",False
10.1111/j.1467-9280.2008.02041.x,https://osf.io/d0n81,d0n81,1,10.17605/OSF.IO/WZXQ9,2015-07-13,False
10.1111/j.1467-9280.2008.02042.x,https://osf.io/bk53t,bk53t,1,10.17605/OSF.IO/RKQW2,2015-07-13,False
10.1111/j.1467-9280.2008.02043.x,https://osf.io/yaeu7,yaeu7,1,10.17605/OSF.IO/E89GH,2015-07-13,False
10.1111/j.1467-9280.2008.02044.x,https://osf.io/tf8ky,tf8ky,2,"10.17605/OSF.IO/U8G3X, 10.17605/OSF.IO/FJ6E8","2015-07-13, 2015-07-23",False
10.1111/j.1467-9280.2008.02045.x,https://osf.io/i29mh,i29mh,3,"10.17605/OSF.IO/BX64Z, 10.17605/OSF.IO/3F9KR, 10.17605/OSF.IO/PPPJG","2015-07-13, 2015-07-24, 2017-01-06",True
10.1111/j.1467-9280.2008.02046.x,https://osf.io/rzjvn,rzjvn,1,10.17605/OSF.IO/PYT4E,2015-07-13,False
10.1111/j.1467-9280.2008.02049.x,https://osf.io/0aifq,0aifq,1,10.17605/OSF.IO/GKNAU,2015-07-13,False
10.1111/j.1467-9280.2008.02050.x,https://osf.io/ta3j8,ta3j8,1,10.17605/OSF.IO/WM2A8,2015-07-13,False
10.1111/j.1467-9280.2008.02051.x,https://osf.io/vwnit,vwnit,1,10.17605/OSF.IO/Z6QW2,2015-07-13,False
10.1111/j.1467-9280.2008.02052.x,https://osf.io/c5fza,c5fza,1,10.17605/OSF.IO/S2D6T,2015-07-13,False
10.1111/j.1467-9280.2008.02054.x,https://osf.io/r5gpv,r5gpv,2,"10.17605/OSF.IO/TK9PM, 10.17605/OSF.IO/3UW96","2015-07-13, 2015-07-24",False
10.1111/j.1467-9280.2008.02056.x,https://osf.io/yuybh,yuybh,1,10.17605/OSF.IO/HT9DU,2015-07-13,False
10.1111/j.1467-9280.2008.02060.x,https://osf.io/blcj6,blcj6,1,10.17605/OSF.IO/J3CFM,2015-07-13,False
10.1111/j.1467-9280.2008.02062.x,https://osf.io/jym7h,jym7h,0,,,False
10.1111/j.1467-9280.2008.02064.x,https://osf.io/jhkpe,jhkpe,1,10.17605/OSF.IO/ZC468,2015-07-13,False
10.1111/j.1467-9280.2008.02066.x,https://osf.io/83n4z,83n4z,0,,,False
10.1111/j.1467-9280.2008.02070.x,https://osf.io/dncxa,dncxa,2,"10.17605/OSF.IO/JF6CK, 10.17605/OSF.IO/QMPKY","2015-07-13, 2015-07-23",False
10.1111/j.1467-9280.2008.02072.x,https://osf.io/b98zw,b98zw,2,"10.17605/OSF.IO/Z57UD, 10.17605/OSF.IO/HB7KJ","2015-07-13, 2015-07-23",False
10.1111/j.1467-9280.2008.02076.x,https://osf.io/2gkjt,2gkjt,3,"10.17605/OSF.IO/HRFG5, 10.17605/OSF.IO/W7GKD, 10.17605/OSF.IO/PX56H","2014-09-10, 2015-01-10, 2015-07-13",False
10.1111/j.1467-9280.2008.02077.x,https://osf.io/3h29d,3h29d,2,"10.17605/OSF.IO/RT3ZS, 10.17605/OSF.IO/8YBK5","2015-07-13, 2015-07-23",False
10.1111/j.1467-9280.2008.02078.x,https://osf.io/x75fq,x75fq,0,,,False
10.1111/j.1467-9280.2008.02080.x,https://osf.io/ertbg,ertbg,0,,,False
10.1111/j.1467-9280.2008.02081.x,https://osf.io/sd7kg,sd7kg,1,10.17605/OSF.IO/CSM3D,2015-07-13,False
10.1111/j.1467-9280.2008.02084.x,https://osf.io/vnsqg,vnsqg,2,"10.17605/OSF.IO/2FU9T, 10.17605/OSF.IO/P87CN","2015-07-13, 2015-07-24",False
10.1111/j.1467-9280.2008.02085.x,https://osf.io/siaqe,siaqe,4,"10.17605/OSF.IO/UFAXJ, 10.17605/OSF.IO/4ZUH6, 10.17605/OSF.IO/PUA6S, 10.17605/OSF.IO/QZRT2","2014-10-31, 2015-07-13, 2015-07-23, 2015-08-24",False
10.1111/j.1467-9280.2008.02088.x,https://osf.io/k4y9i,k4y9i,1,10.17605/OSF.IO/TR7FP,2015-07-13,False
10.1111/j.1467-9280.2008.02089.x,https://osf.io/qlzap,qlzap,2,"10.17605/OSF.IO/J756E, 10.17605/OSF.IO/WBS96","2013-11-11, 2015-07-13",False
10.1111/j.1467-9280.2008.02092.x,https://osf.io/5u4km/,5u4km,0,,,False
10.1111/j.1467-9280.2008.02093.x,https://osf.io/tg2wd,tg2wd,1,10.17605/OSF.IO/76J48,2015-07-13,False
10.1111/j.1467-9280.2008.02095.x,https://osf.io/5dx4v,5dx4v,1,10.17605/OSF.IO/K5CWT,2015-07-13,False
10.1111/j.1467-9280.2008.02098.x,https://osf.io/dnaxe,dnaxe,1,10.17605/OSF.IO/FS3UT,2015-07-13,False
10.1111/j.1467-9280.2008.02100.x,https://osf.io/76qc5,76qc5,1,10.17605/OSF.IO/K82YB,2015-07-13,False
