work_id,doi_r,has_fulltext,n_offered,packet,note
W1521097961,10.3233/jad-2011-111847,False,25,analysis/pick_pilot/truth/packets/W1521097961.md,
W176265305,10.1176/ajp.153.11.1484,False,7,analysis/pick_pilot/truth/packets/W176265305.md,
W1771823445,10.1002/hbm.460010406,False,17,analysis/pick_pilot/truth/packets/W1771823445.md,
W195104432,,False,3,analysis/pick_pilot/truth/packets/W195104432.md,
W1964529863,10.1002/dev.420060103,False,13,analysis/pick_pilot/truth/packets/W1964529863.md,
W1966139138,10.1371/journal.pone.0051876,False,19,analysis/pick_pilot/truth/packets/W1966139138.md,
W1967997943,10.1081/ada-100101885,False,19,analysis/pick_pilot/truth/packets/W1967997943.md,
W1969237464,10.15302/j-fase-2014037,False,26,analysis/pick_pilot/truth/packets/W1969237464.md,
W1973118694,10.1002/hbm.20283,False,69,analysis/pick_pilot/truth/packets/W1973118694.md,
W1973122849,10.1002/ana.410280508,False,20,analysis/pick_pilot/truth/packets/W1973122849.md,
W1980936285,10.1207/s15326934crj0803_8,False,14,analysis/pick_pilot/truth/packets/W1980936285.md,
W1982594477,10.1016/j.cortex.2012.08.008,False,53,analysis/pick_pilot/truth/packets/W1982594477.md,
W1983161251,10.1080/0360127910170403,False,36,analysis/pick_pilot/truth/packets/W1983161251.md,
W1984196654,10.1186/1471-2458-8-120,False,7,analysis/pick_pilot/truth/packets/W1984196654.md,
W1984604010,10.1192/bjp.161.1.55,False,28,analysis/pick_pilot/truth/packets/W1984604010.md,
W1987244237,10.1901/jaba.2007.40-559,False,3,analysis/pick_pilot/truth/packets/W1987244237.md,
W1988799899,10.1002/ajmg.b.30262,False,24,analysis/pick_pilot/truth/packets/W1988799899.md,
W1994533505,10.1002/ajmg.b.30658,True,6,analysis/pick_pilot/truth/packets/W1994533505.md,
W1995762476,10.1080/00048670802119820,False,28,analysis/pick_pilot/truth/packets/W1995762476.md,
W2001858347,10.1111/j.1468-1331.2012.03879.x,False,4,analysis/pick_pilot/truth/packets/W2001858347.md,
W2003328263,10.1371/journal.pone.0030237,False,62,analysis/pick_pilot/truth/packets/W2003328263.md,
W2012166465,10.1111/j.1532-5415.1989.tb06814.x,False,7,analysis/pick_pilot/truth/packets/W2012166465.md,
W2015123399,10.1159/000012254,False,25,analysis/pick_pilot/truth/packets/W2015123399.md,
W2020060357,10.2466/pr0.1978.43.3.945,False,1,analysis/pick_pilot/truth/packets/W2020060357.md,
W2024124148,10.4236/jbbs.2013.32020,False,28,analysis/pick_pilot/truth/packets/W2024124148.md,
W2025439004,10.1007/s00125-015-3508-9,False,11,analysis/pick_pilot/truth/packets/W2025439004.md,
W2041962819,10.2466/pms.2003.97.1.107,False,29,analysis/pick_pilot/truth/packets/W2041962819.md,
W2044943750,10.1002/jae.2424,False,4,analysis/pick_pilot/truth/packets/W2044943750.md,
W2047469948,10.2466/pr0.1974.35.1.531,False,2,analysis/pick_pilot/truth/packets/W2047469948.md,
W2049839209,10.1371/journal.pone.0041228,False,22,analysis/pick_pilot/truth/packets/W2049839209.md,
W2053537456,10.2466/pr0.1987.61.2.379,False,13,analysis/pick_pilot/truth/packets/W2053537456.md,
W2064271395,10.2466/pr0.1989.65.2.579,False,21,analysis/pick_pilot/truth/packets/W2064271395.md,
W2069359258,10.1002/art.33381,False,31,analysis/pick_pilot/truth/packets/W2069359258.md,
W2075456319,10.2466/pms.102.1.73-74,False,3,analysis/pick_pilot/truth/packets/W2075456319.md,
W2077804534,10.1108/02652320710820345,False,19,analysis/pick_pilot/truth/packets/W2077804534.md,
W2086756898,10.1080/02646830600973933,False,40,analysis/pick_pilot/truth/packets/W2086756898.md,
W2092106350,10.1111/j.1469-8986.2005.00367.x,False,39,analysis/pick_pilot/truth/packets/W2092106350.md,
W2093345556,10.2307/2112261,False,52,analysis/pick_pilot/truth/packets/W2093345556.md,
W2095864928,10.1177/1077559504273684,False,90,analysis/pick_pilot/truth/packets/W2095864928.md,
W2104755979,10.1093/brain/awh524,True,49,analysis/pick_pilot/truth/packets/W2104755979.md,
W2116883460,10.1046/j.1365-2648.1999.01230.x,False,28,analysis/pick_pilot/truth/packets/W2116883460.md,
W2117844119,10.1111/gbb.12012,False,24,analysis/pick_pilot/truth/packets/W2117844119.md,
W2119271910,10.1177/00238309070500010201,False,33,analysis/pick_pilot/truth/packets/W2119271910.md,
W2120814713,10.1111/j.1365-2850.2008.01294.x,False,17,analysis/pick_pilot/truth/packets/W2120814713.md,
W2121346405,10.1212/wnl.0b013e318264e353,False,28,analysis/pick_pilot/truth/packets/W2121346405.md,
W2123103695,10.1002/eat.1066,False,19,analysis/pick_pilot/truth/packets/W2123103695.md,
W2123294834,10.1177/0899764011404081,False,87,analysis/pick_pilot/truth/packets/W2123294834.md,
W2124578438,10.2307/256213,False,11,analysis/pick_pilot/truth/packets/W2124578438.md,
W2125426425,10.15288/jsa.1995.56.186,False,34,analysis/pick_pilot/truth/packets/W2125426425.md,
W2127819969,10.1177/008124630303300307,False,9,analysis/pick_pilot/truth/packets/W2127819969.md,
W2128411464,10.1111/1464-0597.00149,False,33,analysis/pick_pilot/truth/packets/W2128411464.md,
W2137148722,10.1002/jae.2493,False,7,analysis/pick_pilot/truth/packets/W2137148722.md,
W2138009685,10.1176/appi.ajp.158.8.1314,False,12,analysis/pick_pilot/truth/packets/W2138009685.md,
W2149746305,10.1111/j.1744-6570.1978.tb02130.x,False,17,analysis/pick_pilot/truth/packets/W2149746305.md,
W2153862402,10.1002/eat.20103,False,15,analysis/pick_pilot/truth/packets/W2153862402.md,
W2158965732,10.1002/elps.201100128,False,23,analysis/pick_pilot/truth/packets/W2158965732.md,
W2160820103,10.1017/s0272263100015394,False,9,analysis/pick_pilot/truth/packets/W2160820103.md,
W2169756025,10.1177/1352458509106509,False,14,analysis/pick_pilot/truth/packets/W2169756025.md,
W2316348164,10.1167/iovs.14-15105,False,32,analysis/pick_pilot/truth/packets/W2316348164.md,
W2323812506,10.1016/j.mgene.2016.03.007,True,29,analysis/pick_pilot/truth/packets/W2323812506.md,
W2330980526,10.2466/pms.1989.68.1.157,False,1,analysis/pick_pilot/truth/packets/W2330980526.md,
W2396759709,,False,59,analysis/pick_pilot/truth/packets/W2396759709.md,
W2409619434,10.1093/oxfordjournals.jpart.a037129,False,14,analysis/pick_pilot/truth/packets/W2409619434.md,
W2410862503,10.1080/09658211.2016.1189941,False,31,analysis/pick_pilot/truth/packets/W2410862503.md,
W2415466450,10.1037/xge0000102,False,29,analysis/pick_pilot/truth/packets/W2415466450.md,
W2509481270,10.1080/10586458.2016.1173413,False,5,analysis/pick_pilot/truth/packets/W2509481270.md,
W2568065332,10.1109/iwsm-mensura.2016.039,False,27,analysis/pick_pilot/truth/packets/W2568065332.md,
W2569068099,,False,29,analysis/pick_pilot/truth/packets/W2569068099.md,
W2607375323,10.1002/ajmg.a.38190,False,34,analysis/pick_pilot/truth/packets/W2607375323.md,
W2611033029,10.3928/01484834-20170421-06,False,8,analysis/pick_pilot/truth/packets/W2611033029.md,
W2758684098,10.1177/1073191117733548,False,20,analysis/pick_pilot/truth/packets/W2758684098.md,
W2803712352,10.1371/journal.pone.0210405,False,25,analysis/pick_pilot/truth/packets/W2803712352.md,
W2805652837,10.1186/s12967-018-1488-5,False,30,analysis/pick_pilot/truth/packets/W2805652837.md,
W2886050787,10.1111/jsr.12749,False,31,analysis/pick_pilot/truth/packets/W2886050787.md,
W2891080196,10.2117/psysoc.2017.57,False,32,analysis/pick_pilot/truth/packets/W2891080196.md,
W2900189521,10.1016/j.jad.2018.11.034,False,40,analysis/pick_pilot/truth/packets/W2900189521.md,
W2902994787,10.3758/s13414-018-1630-8,False,53,analysis/pick_pilot/truth/packets/W2902994787.md,
W2917335949,10.3389/fpsyg.2019.00375,False,40,analysis/pick_pilot/truth/packets/W2917335949.md,
W2920563568,10.15288/jsad.2019.80.86,False,38,analysis/pick_pilot/truth/packets/W2920563568.md,
W2946455910,10.1523/jneurosci.3184-18.2019,False,52,analysis/pick_pilot/truth/packets/W2946455910.md,
W2962759486,10.1111/1460-6984.12493,False,37,analysis/pick_pilot/truth/packets/W2962759486.md,
W2969917585,10.1098/rsos.190327,False,23,analysis/pick_pilot/truth/packets/W2969917585.md,
W2987221369,10.1080/19439342.2019.1679860,False,31,analysis/pick_pilot/truth/packets/W2987221369.md,
W2996503271,10.1007/s10680-019-09544-x,False,79,analysis/pick_pilot/truth/packets/W2996503271.md,
W3014898655,10.1177/1948550619887702,False,32,analysis/pick_pilot/truth/packets/W3014898655.md,
W3018465724,10.1523/eneuro.0332-19.2020,False,36,analysis/pick_pilot/truth/packets/W3018465724.md,
W3033731491,10.1002/jae.2782,False,10,analysis/pick_pilot/truth/packets/W3033731491.md,
W3086650132,10.3758/s13421-020-01092-8,False,68,analysis/pick_pilot/truth/packets/W3086650132.md,
W3093303837,10.1123/ijspp.2019-1032,True,35,analysis/pick_pilot/truth/packets/W3093303837.md,
W3110245614,10.1177/1747021820980301,False,38,analysis/pick_pilot/truth/packets/W3110245614.md,
W3112925835,10.16910/jemr.12.4.10,False,42,analysis/pick_pilot/truth/packets/W3112925835.md,
W3121137863,10.1108/jed-06-2019-0002,False,23,analysis/pick_pilot/truth/packets/W3121137863.md,
W3132038847,10.3389/fpsyg.2021.604843,False,51,analysis/pick_pilot/truth/packets/W3132038847.md,
W3135378492,10.1080/17470919.2021.1897672,False,46,analysis/pick_pilot/truth/packets/W3135378492.md,
W3135487730,10.1016/j.biopsycho.2021.108058,False,20,analysis/pick_pilot/truth/packets/W3135487730.md,
W3135757006,10.1108/ijoa-05-2020-2189,False,25,analysis/pick_pilot/truth/packets/W3135757006.md,
W3161170459,10.1109/saner50967.2021.00076,False,13,analysis/pick_pilot/truth/packets/W3161170459.md,
W3170874557,10.5753/sbqs.2016.15130,False,12,analysis/pick_pilot/truth/packets/W3170874557.md,
W3186526476,10.1002/jae.2851,False,7,analysis/pick_pilot/truth/packets/W3186526476.md,
W3200469149,10.1007/s11251-021-09556-3,False,55,analysis/pick_pilot/truth/packets/W3200469149.md,
W3209377451,10.1111/ejn.15512,False,53,analysis/pick_pilot/truth/packets/W3209377451.md,
W4210667094,10.1371/journal.pone.0262902,False,71,analysis/pick_pilot/truth/packets/W4210667094.md,
W4212798822,10.1515/itit-2021-0059,False,16,analysis/pick_pilot/truth/packets/W4212798822.md,
W4213336622,10.3758/s13415-022-00983-4,False,91,analysis/pick_pilot/truth/packets/W4213336622.md,
W4223897951,10.1177/17470218221097047,True,46,analysis/pick_pilot/truth/packets/W4223897951.md,
W4223909806,10.1101/2022.04.14.488346,True,51,analysis/pick_pilot/truth/packets/W4223909806.md,
W4223918717,10.1101/2022.03.25.22271678,False,19,analysis/pick_pilot/truth/packets/W4223918717.md,
W4224294983,10.3390/ijerph19084912,False,63,analysis/pick_pilot/truth/packets/W4224294983.md,
W4226030081,10.1371/journal.pone.0262718,True,113,analysis/pick_pilot/truth/packets/W4226030081.md,
W425089630,,False,12,analysis/pick_pilot/truth/packets/W425089630.md,
W4280557407,10.1177/03010066221096987,False,41,analysis/pick_pilot/truth/packets/W4280557407.md,
W4281751031,10.3758/s13414-022-02496-1,False,39,analysis/pick_pilot/truth/packets/W4281751031.md,
W4286633240,10.3390/safety8030050,True,22,analysis/pick_pilot/truth/packets/W4286633240.md,
W4293070373,10.3102/0013189x221118054,False,7,analysis/pick_pilot/truth/packets/W4293070373.md,
W4310679605,10.3390/su142316169,False,25,analysis/pick_pilot/truth/packets/W4310679605.md,
W4313327776,10.3390/vision7010003,False,33,analysis/pick_pilot/truth/packets/W4313327776.md,
W4323666946,10.3389/fpsyg.2023.1130632,False,48,analysis/pick_pilot/truth/packets/W4323666946.md,
W4327544368,10.1177/00332941231164079,False,29,analysis/pick_pilot/truth/packets/W4327544368.md,
W4362637974,10.1101/2023.04.03.23288037,True,45,analysis/pick_pilot/truth/packets/W4362637974.md,
W4366412447,10.1007/s10763-023-10368-9,True,26,analysis/pick_pilot/truth/packets/W4366412447.md,
W4378232441,10.3389/fonc.2023.1139347,False,30,analysis/pick_pilot/truth/packets/W4378232441.md,
W4378676700,10.1109/icstw58534.2023.00080,False,44,analysis/pick_pilot/truth/packets/W4378676700.md,
W4379985209,10.4013/sdrj.2022.152.07,True,32,analysis/pick_pilot/truth/packets/W4379985209.md,
W4383216503,10.1371/journal.pone.0287837,True,53,analysis/pick_pilot/truth/packets/W4383216503.md,
W4385330129,10.1152/ajpheart.00330.2023,False,43,analysis/pick_pilot/truth/packets/W4385330129.md,
W4385566310,10.1016/j.drugpo.2023.104146,False,16,analysis/pick_pilot/truth/packets/W4385566310.md,
W4385969725,10.1080/20008066.2023.2238492,False,59,analysis/pick_pilot/truth/packets/W4385969725.md,
W4389037127,10.1111/sltb.13024,True,67,analysis/pick_pilot/truth/packets/W4389037127.md,
W4389791525,10.1038/s41598-023-48874-z,False,58,analysis/pick_pilot/truth/packets/W4389791525.md,
W4391065910,10.1016/j.xjmad.2024.100050,True,55,analysis/pick_pilot/truth/packets/W4391065910.md,
W4391755671,10.1093/bjsw/bcae011,False,41,analysis/pick_pilot/truth/packets/W4391755671.md,
W4392096926,10.1038/s41398-024-02811-4,True,47,analysis/pick_pilot/truth/packets/W4392096926.md,
W4392504874,10.1016/j.jth.2024.101778,False,10,analysis/pick_pilot/truth/packets/W4392504874.md,
W4400983779,10.1177/00144029241259013,True,37,analysis/pick_pilot/truth/packets/W4400983779.md,
W4401879797,10.1109/compsac61105.2024.00022,False,22,analysis/pick_pilot/truth/packets/W4401879797.md,
W4402894108,10.1080/17524032.2024.2407647,False,68,analysis/pick_pilot/truth/packets/W4402894108.md,
W4405220932,10.1098/rsos.241120,False,33,analysis/pick_pilot/truth/packets/W4405220932.md,
W4406684369,10.1017/langcog.2024.76,False,30,analysis/pick_pilot/truth/packets/W4406684369.md,
W4407669232,10.1177/13872877251315044,False,17,analysis/pick_pilot/truth/packets/W4407669232.md,
W4408026543,10.1002/syn.70011,False,28,analysis/pick_pilot/truth/packets/W4408026543.md,
W4408695994,10.1371/journal.pone.0303918,False,89,analysis/pick_pilot/truth/packets/W4408695994.md,
W4409335964,10.12688/openreseurope.17749.2,False,57,analysis/pick_pilot/truth/packets/W4409335964.md,
W4411163069,10.1098/rsos.220497,False,40,analysis/pick_pilot/truth/packets/W4411163069.md,
W4411274169,10.3758/s13414-025-03095-6,False,15,analysis/pick_pilot/truth/packets/W4411274169.md,
W4413754387,10.1080/02699931.2025.2549318,False,80,analysis/pick_pilot/truth/packets/W4413754387.md,
W4413886734,10.1109/eurospw67616.2025.00063,False,48,analysis/pick_pilot/truth/packets/W4413886734.md,
W4415125743,10.1109/rew66121.2025.00014,False,21,analysis/pick_pilot/truth/packets/W4415125743.md,
W6940747618,10.1108/ajb-06-2013-0038?utm_campaign=repec&amp;wt.mc_id=repec,False,62,analysis/pick_pilot/truth/packets/W6940747618.md,
W7154754476,10.1007/s10803-026-07330-3,False,22,analysis/pick_pilot/truth/packets/W7154754476.md,
W7160216022,10.1007/s10515-026-00619-8,True,26,analysis/pick_pilot/truth/packets/W7160216022.md,
